oboyǐ epidzyǎ	o @@bo @@yǐ e @@pidzyǎ
bɔbhɛtɛ yɛ	bɔ @@bhɛtɛ yɛ
pétéé ko,	pétéé ko
err vevétɔ nyimɔ,	err vevétɔ nyimɔ
kɛlɛ shú axwɛ̃ mɛ tsyɛ́ baɖɔ alɛ,	kɛlɛ shú a @@xwɛ̃ mɛ tsyɛ́ ba @@ɖɔ a @@lɛ
blɔ tsɛrɛ blɔ ɔhɔɛ kpasɛ kibui ɛ́ mɛ,	blɔ tsɛrɛ blɔ ɔ @@hɔɛ kpasɛ ki @@bui ɛ́ mɛ
kɔnú kɔ́ wɔ́,	kɔnú kɔ́ wɔ́
flógo pɛ ɔzhĩázhĩá zhĩá wɔ pɛ ɔshɛ̃,	flógo pɛ ɔ @@zhĩá @@zhĩá zhĩá wɔ pɛ ɔ @@shɛ̃
klisoɔ ahĩá sɛ err err blɔ pétéé	kliso @@ɔ a @@hĩá sɛ err err blɔ pétéé
err wonɔ anɔ tabha tɛtá nɛ́ wɔ	err wonɔ a @@nɔ ta @@bha tɛ @@tá nɛ́ wɔ
tɛ kɛpɛ̃ kɔ́ lɔ	tɛ kɛ @@pɛ̃ kɔ́ lɔ
Asafoatsyɛ bɔpã́mɛ Asafoatsyɛ bɔpã́mɛ,	Asafoatsyɛ bɔ @@pã́ @@mɛ Asafoatsyɛ bɔ @@pã́ @@mɛ
kɛlɛnu sɛ batɛ́wa yɛ kúnú,	kɛlɛ @@nu sɛ ba @@tɛ́ @@wa yɛ kúnú
Gɛ ónúpɛ beklǔ takpɛ́kpɛ́ beklǔ blɔ Okúmɛ.	gɛ ónúpɛ be @@klǔ takpɛ́kpɛ́ be @@klǔ blɔ Okú @@mɛ
nɔmɔ?	nɔ @@mɔ
kɛlɛ ɔbhíá nɔ́ bɔsɔlɛ.	kɛlɛ ɔ @@bhíá nɔ́ bɔ @@sɔlɛ
babawɛ̃ benu	ba @@ba @@wɛ̃ be @@nu
klɛ bɔlɛ egbogbǒ gbagbla tatá nɛ́ Banyá.	klɛ bɔ @@lɛ e @@gbogbǒ gbagbla tatá nɛ́ Banyá
ana?	ana
anɔ́dzɛ̃ yɛ kayiesí gɛ	a @@nɔ́dzɛ̃ yɛ ka @@yiesí gɛ
gɛ anɔ etsǐɛ,	gɛ a @@nɔ e @@tsǐ @@ɛ
lɔ ɛhɛ́ɛ,	lɔ ɛhɛ́ɛ
ónúpɛ bɔgɛmɔ ɔsa,	ónúpɛ bɔ @@gɛ @@mɔ ɔ @@sa
otsí busí lɛ́ gɛ beklǔ sɛ kɛlɔ̃́mɛ́,	otsí bu @@sí lɛ́ gɛ be @@klǔ sɛ kɛ @@lɔ̃́mɛ́
banɔ nɔ́ badakpɛ́ bɔdɔ̃ nɛ́	ba @@nɔ nɔ́ ba @@da @@kpɛ́ bɔ @@dɔ̃ nɛ́
ɔlɔ akpɛ́ batrugbu nɔ́	ɔ @@lɔ a @@kpɛ́ ba @@trugbu nɔ́
basɛ babakɔ́ asɛ bɔ bɔbhɛtɛ	ba @@sɛ ba @@ba @@kɔ́ a @@sɛ bɔ bɔ @@bhɛtɛ
bubadɛ... bɔba... bɔɖɔ kibúíɛ́ tɛ babakɔ́ olɔ kesiakpá.	bu @@ba @@dɛ bɔ @@ba bɔ @@ɖɔ ki @@búí @@ɛ́ tɛ ba @@ba @@kɔ́ o @@lɔ ke @@siakpá
Tsyámi a lɛ́,	tsyámi a lɛ́
pɛ bedebhui ɛma gɔgɔ̃ɛ ɔlɛ́,	pɛ be @@de @@bhui ɛ @@ma gɔgɔ̃ɛ ɔ @@lɛ́
adzɛ̃̌ɛ́ alɔkɔɛ,	a @@dzɛ̃̌ @@ɛ́ a @@lɔkɔ @@ɛ
gaké ónúpɛ omúnɔ ɛyá	gaké ónúpɛ o @@múnɔ ɛ @@yá
ebedzeni wɔ xɔ́nɔ́ lo	e @@be @@dzeni wɔ xɔ́nɔ́ lo
alɔkɔ akɔ́ eyíelĩɛ́ aló	a @@lɔkɔ a @@kɔ́ e @@yí @@e @@lĩ @@ɛ́ aló
kɛdɔ̃nyɛ́dɔ̃ gɛ bhɛtɛ wɔ,	kɛ @@dɔ̃ @@nyɛ́ @@dɔ̃ gɛ bhɛtɛ wɔ
gɛ ɔmana,	gɛ ɔ @@mana
pɛ beklu m' ana batrugb'	pɛ be @@klu mɛ ana ba @@trugbu
betsíɛ́,	be @@tsi @@ɛ́
gɛ balɛ áŋa,	gɛ balɛ á @@ŋa
anyɛɛ́ yɛ alɔkɔɛ,	a @@nyɛ @@ɛ́ yɛ a @@lɔkɔ @@ɛ
Afa gɛ ezurú watch nɔ́	afa gɛ e @@zurú watch nɔ́
wɔ shumɛ.	wɔ shumɛ
kã́ wɔ elĩ akasɛ́ wɔ é.	kã́ wɔ e @@lĩ a @@kasɛ́ wɔ é
Begbe butukúi vɛnɔ	Begbe bu @@tukú @@i vɛ @@nɔ
kelĩkekpu telí agã ɛklɛ́ fla	ke @@lĩkekpu telí a @@gã ɛ @@klɛ́ fla
ko kɛlɛ ashɛ̃ nɛ́ kɛlɛ́.	ko kɛlɛ a @@shɛ̃ nɛ́ kɛlɛ́
flógo pɛ kifúɔ kɛbatóŋú sɔlɛ.	flógo pɛ ki @@fú @@ɔ kɛ @@ba @@tóŋú sɔlɛ
kɛlɛ beépo ɔgɔnɛ́ bebéle	kɛlɛ be @@é @@po ɔ @@gɔnɛ́ be @@béle
kɛlɛ ɔkpɛ́ tɛlɔ̃́ nɛ bɔdzyɛ̌ nɔ́	kɛlɛ ɔ @@kpɛ́ tɛ @@lɔ̃́ nɛ bɔ @@dzyɛ̌ nɔ́
nɔ́ shú méke ɛ,	nɔ́ shú méke ɛ
pɛ bagbagba,	pɛ ba @@gbagba
abazã klɛ́,	a @@ba @@zã klɛ́
Kɛ nɔ́ nɔ́ gɛ bamana,	kɛ nɔ́ nɔ́ gɛ ba @@mana
err Begbe ké ko butukú ilɛ́	err Begbe ké ko bu @@tukú i @@lɛ́
so otínyí toró ɔ́,	so o @@tí @@nyí toró ɔ́
alɛ Banyá,	a @@lɛ Banyá
kibúí tilí lɛ́ obotóŋú bísi	ki @@búí tilí lɛ́ o @@bo @@tóŋú bí @@si
yɛ tsyɛ́ yɛ yɛ bɔwá gɛ bɔbhɛtɛ,	yɛ tsyɛ́ yɛ yɛ ɔ @@wá gɛ bɔ @@bhɛtɛ
Klɛ ba-nɔ abaplɛ́nɔ yɛ bɔɛ.	klɛ ba @@nɔ a @@ba @@plɛ́nɔ yɛ bɔɛ
pɛ ɔtɔ bɔwá alɛ́ nɔ́ kidĩ	pɛ ɔ @@tɔ bɔ @@wá a @@lɛ́ nɔ́ ki @@dĩ
err err...,	err err
err gɛ bɔ... bɔzã Okúɔ́ mɛ nɛ́ kɛ́lɛ,	err gɛ bɔ bɔ @@zã Okú @@ɔ́ mɛ nɛ́ kɛlɛ
okumɛ,	o @@kumɛ
babatɔɖɔ ketsukpu kifú	ba @@ba @@tɔɖɔ ke @@tsukpu ki @@fú
kɛlɛ akasɛ́...	kɛlɛ a @@kasɛ́
avɛ buvũ bhúlí nɔ́ mɛ,	a @@vɛ bu @@vũ bhúlí nɔ́ mɛ
gɛ bɔlɛ Okúɔ́ mɛ nɛ́ ɛkɛlɛ oo,	gɛ bɔ @@lɛ Okú @@ɔ́ mɛ nɛ́ ɛ @@kɛlɛ oo
otsíɛ́ ko batɛ́kaábhɛtɛ ebúí	otsíɛ́ ko ba @@tɛ́ @@ka @@á @@bhɛtɛ e @@búí
bekú ayɛ telí mɛ,	be @@kú a @@yɛ telí mɛ
sɛ kidzo elɛ gɛ ɔbɔtɔnɔ	sɛ ki @@dzo e @@lɛ gɛ ɔ @@bɔ @@tɔnɔ
banɔ nɔ́ azɛ ababá	ba @@nɔ nɔ́ a @@zɛ a @@ba @@bá
Err kliso err ee inyí balɛ pétéé	err kliso err ee i @@nyí balɛ pétéé
obosúsú ɔsɛ bɔdzya,	o @@bo @@súsú ɔ @@sɛ bɔ @@dzya
err oplǔ béke nɔ,	err o @@plǔ béke nɔ
sɛ blɔ anɔ́dzyramɛ ɛ́ bɔzã	sɛ blɔ a @@nɔ́dzyramɛ ɛ́ bɔ @@zã
Asɛ Okúɔ́ mɛɛɛ́bá.	a @@sɛ Okú @@ɔ́ mɛɛ @@ɛ́ @@bá
kana	kana
pɛ otsi bababɔ́ kibuiɛ́	pɛ otsi ba @@ba @@bɔ́ ki @@bui @@ɛ́
ayalɛ lú dza,	a @@yalɛ lú dza
bebebú bushenu	be @@be @@bú bu @@shenu
kɛxwɛ̃ gɛ bakpɛ́ mɛ ahɔɛ,	kɛ @@xwɛ̃ gɛ ba @@kpɛ́ mɛ a @@hɔɛ
ɛklɛ err ebú ɔ́ azɛ abá	ɛ @@klɛ err e @@bú ɔ́ a @@zɛ a @@bá
kliso tɛwãwlãkɛ́ nána ma balɛ kishi	kliso tɛ @@wãwlãkɛ́ nána ma balɛ ki @@shi
bɔbagbã é,	bɔ @@ba @@gbã é
kɛlɛ idzini kiplukpá,	kɛlɛ i @@dzini ki @@plukpá
osíɛ́ mɛ,	o @@sí @@ɛ́ mɛ
kɛlɛ betsyina akpɛ́ sɛ Kumɛ Kumɛ Kumɛ,	kɛlɛ be @@tsyina a @@kpɛ́ sɛ kumɛ kumɛ kumɛ
kɛlɛ oduku bu líɛ́,	kɛlɛ o @@duku bu lí @@ɛ́
yoo,	yoo
ko blɔ tsyɛ́ bɔgbána ɔma,	ko blɔ tsyɛ́ bɔ @@gbána ɔ @@ma
bhlatɔ mɛ,	bhlatɔ mɛ
flógo pɛ otsí bebeyi ɔwɛ̃	flógo pɛ otsí be @@be @@yi ɔ @@wɛ̃
gɛ abɔbɔ pɛ eéɖi oziɛ	gɛ a @@bɔbɔ pɛ e @@é @@ɖi o @@zi @@ɛ
balɛ tabha pétéé betsokú buvũɔ mɛ,	balɛ ta @@bha pétéé be @@tsokú bu @@vũ @@ɔ mɛ
ao blɔ batrugbu sɛ kibui lɛ	ao blɔ ba @@trugbu sɛ ki @@bui lɛ
gɛ bɔbá,	gɛ bɔ @@bá
err kɛgã nɔ́nɔ́ mɛ gɛ ɔbɔzã pɛ ɔbɔbá,	err kɛ @@gã nɔ́ @@nɔ́ mɛ gɛ ɔ @@bɔ @@zã pɛ ɔ @@bɔ @@ba
ɛhɛ̃́ɛ̃ flógo pɛ awɛ̃ bɔdɔ̃.	ɛhɛ̃́ɛ̃ flógo pɛ a @@wɛ̃ bɔ @@dɔ̃
Gɛ abashɛ̃ avɛ Egɛ̃ nɔ́,	gɛ a @@ba @@shɛ̃ a @@vɛ Egɛ̃ nɔ́
pɛ otsi pɛ bɔbakpɛ́ ɖaŋu,	pɛ otsi pɛ bɔ @@ba @@kpɛ́ ɖaŋu
Kliso mɛmɔ sɛ lo,	kliso mɛ @@mɔ sɛ lo
kana minyí	kana mi @@nyí
ko kɛlɛ ekóéyi,	ko kɛlɛ e @@kóéyi
ee,	ee
pɛ bakɔ bɔdɔ̃ koɔ,	pɛ ba @@kɔ bɔ @@dɔ̃ ko @@ɔ
kɛbhɛtɛ gɛ bɔbabhɛtɛ pɛkɛkányáka kɛbaávɛ abhá,	kɛ @@bhɛtɛ gɛ bɔ @@ba @@bhɛtɛ pɛkɛ @@kányáka kɛ @@ba @@á @@vɛ a @@bha @@
akɔ́ alɛ,	a @@kɔ́ a @@lɛ
blɔ ahɔɛ otsíɛ́.	blɔ a @@hɔɛ otsíɛ́
klɛ balɛ tsyɛ́ bezhǐ abá kɛ́lɛ	klɛ balɛ tsyɛ́ be @@zhǐ a @@bá kɛ́lɛ
sɛ bɔwa li shú axwɛ̃,	sɛ bɔ @@wa li shú a @@xwɛ̃
tabha gɔgɔ̃ɛ nɔ́.	ta @@bha gɔgɔ̃ɛ nɔ́
kɛkányáka gɛ vɛ kabha,	kɛ @@kányáka gɛ vɛ ka @@bha
buklǔ sɛ kɛdɔ̃ vɔvɔ,	bu @@klǔ sɛ kɛ @@dɔ̃ vɔvɔ
Gaké blɔ lĩ́ lɛ	gaké blɔ lĩ́ lɛ
bebedzǔ ekusi akɔ́ lɔ	be @@be @@dzǔ e @@kusi a @@kɔ́ lɔ
azɛ atɛ́batɔnɔ ebú ɔ́ nɛ́ klɛ́ oo,	a @@zɛ a @@tɛ́ @@ba @@tɔnɔ e @@bú ɔ́ nɛ́ klɛ́ oo
ba-ka eyíɛ́ eti nɛ́ bɔpã́	ba @@ka e @@yí @@ɛ́ e @@ti nɛ́ bɔ @@pã́
bulĩ́ɛ́ zã ɔkplɔ̃ nɔ́ abha	bu @@lĩ́ @@ɛ́ zã ɔ @@kplɔ̃ nɔ́ a @@bha
tɛ bɔzã kesiakpá nɔ́ abha,	tɛ bɔ @@zã ke @@siakpá nɔ́ a @@bha
ohu lotítũ kɛtsɛrɛ́,	o @@hu lo @@tí @@tũ kɛ @@tsɛrɛ́
tɛ bɔ lɔkɔ mɔ oŋúsɛ̃́ nɔ,	tɛ bɔ lɔkɔ mɔ o @@ŋúsɛ̃́ nɔ
gɛ ezekú	gɛ e @@ze @@kú
klɛ adzɛ̃̌ azɛavɛ riɖiɖi,	klɛ a @@dzɛ̃ a @@zɛ @@a @@vɛ riɖiɖi
betelí edě err Avɛnɔ.	be @@telí e @@dě err Avɛnɔ
eyíɛ́ shú,	e @@yí @@ɛ́ shú
sɛ bawa isí isígũ tɛwá	sɛ ba @@wa i @@sí i @@sí @@gũ tɛ @@wá
baplɛ́nɔ amánkraɖo nɔ́.	ba @@plɛ́nɔ a @@mánkraɖo nɔ́
yɛ meklu nɛ́ klɛ,	yɛ me @@klu nɛ́ klɛ
ahɔɛ.	a @@hɔɛ
babaákpɛ́ bɔdɔ̃ akɔ́ ɔlɔ́ nɛ́ klɛ́ nɛ́ bulĩ́ɛ́ mɛ,	ba @@ba @@á @@kpɛ́ bɔ @@dɔ̃ a @@kɔ́ ɔlɔ́ nɛ́ klɛ́ nɛ́ bu @@lĩ́ @@ɛ́ mɛ
kɛlɛ ɔnyɔ́ɔ vɛ piapíí.	kɛlɛ ɔ @@nyɔ́ @@ɔ vɛ piapíí
tseɖé olɔ asɛ	tseɖé o @@lɔ a @@sɛ
ɛ lɛ bɔ lɔkɔ plǔ bɔya mɛ kɔ́	ɛ lɛ bɔ lɔkɔ plǔ bɔ @@ya mɛ kɔ́
bulĩ́ɛ́ kú,	bu @@lĩ́ @@ɛ́ kú
bagã plɛnɔ ɔlɔ́,	ba @@gã plɛnɔ ɔlɔ́
beyi déɛ́ ko badalɔkɔ keli abha benu	be @@yi ke @@dé @@ɛ́ ko ba @@da @@lɔkɔ ke @@li a @@bha be @@nu
Beingbeɛ́ kóŋ́ balɛ bezĩ ki nyéɛ́	be @@ingbe @@ɛ́ kóŋ́ balɛ be @@zĩ ki nyé @@ɛ́
kɛlɛ kiwi lɛ wɔ ɔvɛ odiwu	kɛlɛ ki @@wi lɛ wɔ ɔ @@vɛ o @@di @@wu
begizelũ Tingbě piapíí nɔ́,	be @@gi @@ze @@lũ Tingbě piapíí nɔ́
ɔmɔ bɔbakpɛ́ oɖotí nɔ́	ɔ @@mɔ bɔ @@ba @@kpɛ́ o @@ɖotí nɔ́
wɔ nɛ eyíɛ́ nɔlɛ́ gagãlĩ ɛhɛ́ɛ	wɔ nɛ e @@yí @@ɛ́ nɔ @@lɛ́ gagãlĩ ɛhɛ́ɛ
Kana bɔ lɔkɔ lɛ́	kana bɔ lɔkɔ lɛ́
bubatu amɔ́,	bu @@ba @@tu a @@mɔ́
err err...,	err err
babakɔ́ ɔma pétéé beti	ba @@ba @@kɔ́ ɔ @@ma pétéé be @@ti
nɔpɛ ɔsɛ bɔɖɔ Banyá bukusí	nɔ @@pɛ ɔ @@sɛ bɔ @@ɖɔ Banyá bu @@kusi @@
abha nɛɛ nɛ́ sukúu	a @@bha nɛ @@ɛ nɛ́ sukúu
lɔlɛ vévě ŋútɔ́,	lɔ @@lɛ vévě ŋútɔ́
iíbó.	i @@í @@bó
gaké blɔ akaálɛ́ begilũ Tingbě	gaké blɔ a @@ka @@álɛ́ be @@gi @@lũ Tingbě
tɛ bɔyikɛ wɔ lɔkɔ mana,	tɛ bɔ @@yikɛ wɔ lɔkɔ mana
akanyáka eébisi lɛ mɛ,	akanyáka e @@é @@bisi lɛ mɛ
gɛ elɛ́ kelĩ́ ɔbha nɛ́ klɛ́	gɛ e @@lɛ́ ke @@lĩ́ ɔ @@bha nɛ́ klɛ́
kɛkpɔkplɔ nɛ ebú nɛ anɔ	kɛ @@kpɔkplɔ nɛ e @@bú nɛ a @@nɔ
kɛlɛ obobú kɛyɔ nɛ́ yɛ kesí,	kɛlɛ o @@bo @@bú kɛ @@yɔ nɛ́ yɛ ke @@sí
err Begbe ké ko butukú ilɛ́	err Begbe ké ko bu @@tukú i @@lɛ́
nɛ err Bamálɛ̃́,	nɛ err Bamálɛ̃́
klɛ riɖiɖiɖi bedekú ɔkɔ́ tolí ko,	klɛ riɖiɖiɖi be @@de @@kú ɔ @@kɔ́ tolí ko
kɛfɔ̃́ naálɛ miíbú a lɛ́.	kɛ @@fɔ̃́ naálɛ mi @@í @@bú a lɛ́
kliso tɛwãwlãkɛ́ nána ma balɛ kishi	kliso tɛ @@wãwlãkɛ́ nána ma balɛ ki @@shi
ko anuvɔ xɔ́nɔ́ ewu...	ko a @@nuvɔ xɔ́nɔ́ e @@wu
kɛlɛ kɛhĩa kɔ kɛɖaŋu é,	kɛlɛ kɛ @@hĩa kɔ kɛ @@ɖaŋu é
pɛ babhɛtɛ	pɛ ba @@bhɛtɛ
adzɛ̃ɛ́ ezurú watch ɛ́,	a @@dzɛ̃ @@ɛ́ e @@zurú watch ɛ́
blɔ tsyɛ́ bɔsɛ aa,	blɔ tsyɛ́ bɔ @@sɛ aa
tɛ betétukú ekpú ewulɔ	tɛ be @@té @@tukú e @@kpú e @@wulɔ
So blɔ tsyɛ́ batrugbuɔ bayɛkɛ	so blɔ tsyɛ́ ba @@trugbu @@ɔ ba @@yɛkɛ
Gɛ abashɛ̃ avɛ Egɛ̃ nɔ́,	gɛ a @@ba @@shɛ̃ a @@vɛ Egɛ̃ nɔ́
kɛlɛ kã́ bɔyɛkɛ lɛ ana	kɛlɛ kã́ bɔ @@yɛkɛ lɛ ana
bunuɔ gɛ beébú ɔ́,	bu @@nu @@ɔ gɛ be @@é @@bú ɔ́
akanyáka eébisi lɛ mɛ,	akanyáka e @@é @@bisi lɛ mɛ
gã bleoobleoo ana	gã bleoo @@bleoo ana
ɔgɛ mɔ kidzo tɛ ɔdɛ.	ɔ @@gɛ mɔ ki @@dzo tɛ ɔ @@dɛ
beyi dé,	be @@yi ke @@dé
butínyí,	bu @@tí @@nyí
ɛ-lɛ́ oboyǐ	ɛ @@lɛ́ o @@bo @@yǐ
ɛhɛ́ɛ bulĩ́ɛ́ bubéle ko,	ɛhɛ́ɛ bu @@lĩ́ @@ɛ́ bu @@béle ko
kɛlɛ bawa yɛ kúnú béke pétéé.	kɛlɛ ba @@wa yɛ kúnú béke pétéé
kɛlɛ́ lɛ́ buvũɔ mɛ batɔɖɔ kitsikpi kifú olĩ́,	kɛlɛ́ lɛ́ bu @@vũ @@ɔ mɛ ba @@tɔɖɔ ki @@tsikpi ki @@fú o @@lĩ́
ekusí vɔvɔ gɛ bebedzǔ ɔ yɛ	e @@kusí vɔvɔ gɛ be @@be @@dzǔ ɔ yɛ
bladzǒ kuráte kelitakpú,	bladzǒ kuráte ke @@li @@takpú
ɛzɛlɔkɔ iplúkpá búlí nɔ́ ténúkpó,	ɛ @@zɛ @@lɔkɔ i @@plukpá búlí nɔ́ tenukpó
sɛ ɔtɛtrɛ,	sɛ ɔtɛtrɛ
bagã plɛnɔ ɔlɔ́,	ba @@gã plɛnɔ ɔlɔ́
Yɛ agbana olɔ́,	yɛ a @@gbana o @@lɔ
flógo pɛ anyɛ́ ɛ́ ezekóéyi.	flógo pɛ a @@nyɛ́ ɛ́ e @@ze @@kóéyi
dawadáwá nɔ́ gɛ babhɛtɛ,	dawadáwá nɔ́ gɛ ba @@bhɛtɛ
kã́ ɛvɛ odukukɔ́é	kã́ ɛ @@vɛ o @@duku @@kɔ́ @@é
gɛ alɔ́kɔ lú beke,	gɛ a @@lɔkɔ lú beke
pɛ bawɛ̃,	pɛ ba @@wɛ̃
kiplukpá búlí alɛ,	ki @@plukpá búlí a @@lɛ
ɔlɔ akpɛ́ batrugbu nɔ́	ɔ @@lɔ a @@kpɛ́ ba @@trugbu nɔ́
nɛ́ kɛ́lɛ yɔ̃́ɔ̃́.	nɛ́ kɛ́lɛ yɔ̃́ɔ̃́
gaké ao ba ka bagã bɔlɔ kedě,	gaké ao ba ka ba @@gã bɔlɔ ke @@dě
ɛklɛ́ pétéé gɛ babhɛtɛ alɛ pétéé nɔ́,	ɛ @@klɛ́ pétéé gɛ ba @@bhɛtɛ a @@lɛ pétéé nɔ́
begizelũ Tingbě piapíí nɔ́,	be @@gi @@ze @@lũ Tingbě piapíí nɔ́
luhũ ɔ	luhũ ɔ
ahɔɛ.	a @@hɔɛ
gɛ bagbana lɔ́.	gɛ ba @@gbana lɔ́
gɛ err yɛ ishumɛ bazã piapííkibenyíbe fine,	gɛ err yɛ i @@shumɛ ba @@zã piapííki @@benyíbe *fine
éwunɔ butúɔ́,	é @@wunɔ bu @@tú @@ɔ́
kɛxwɛ̃ otsíɛ́ tsɔ̃ɔ̃	kɛ @@xwɛ̃ otsíɛ́ tsɔ̃ɔ̃
sɛ err akpɛ́ susú akɔ́ ɔlɔ́ blɔakaalɛ́ pétéé,	sɛ err a @@kpɛ́ susú a @@kɔ́ ɔlɔ́ blɔa @@ka @@alɛ́ pétéé
gɛ balɔkɔ anyá ɔbhíá nɔ́,	gɛ ba @@lɔkɔ a @@nyá ɔ @@bhíá nɔ́
soɔ ɔwɛ̃ yiyiɛ kɛlɛ kibe	so @@ɔ ɔ @@wɛ̃ yi @@yi @@ɛ kɛlɛ ki @@be
egbogbǒɔ́	e @@gbogbǒ @@ɔ́
klɛ balɛ tsyɛ́ dzidze wu avɛ,	klɛ balɛ tsyɛ́ dzidze wu a @@vɛ
babakɔ́ ɔma pétéé beti	ba @@ba @@kɔ́ ɔ @@ma pétéé be @@ti
kepíɛ́,	ke @@pí @@ɛ́
yoo,	yoo
err kɛgã nɔ́nɔ́ mɛ gɛ ɔbɔzã pɛ ɔbɔbá,	err kɛ @@gã nɔ́ @@nɔ́ mɛ gɛ ɔ @@bɔ @@zã pɛ ɔ @@bɔ @@ba
lɔkɔ	lɔkɔ
axátsá elí,	a @@xátsá e @@lí
klɛ yɛ yá mɛ zɛakpɛ́ yɛ luhũ̌,	klɛ yɛ yá mɛ zɛ @@a @@kpɛ́ yɛ luhũ̌
tɛ bɔyikɛ wɔ lɔkɔ mana,	tɛ bɔ @@yikɛ wɔ lɔkɔ mana
enu sɛ... wɔ tsyɛ́ baka tilí	e @@nu sɛ wɔ tsyɛ́ baka tilí
klɛ ebekú osí tolí kesí,	klɛ e @@be @@kú o @@sí tolí ke @@sí
kibúí kóŋ́ gɛ bɔmɔ samɛ tsã́,	ki @@búí kóŋ́ gɛ bɔ @@mɔ samɛ tsã́
pã́mɛ,	pã́ @@mɛ
okumɛ	o @@kumɛ
obobú buplukpá alɛ pétéé.	o @@bo @@bú bu @@plukpá a @@lɛ pétéé
kɛlɛ gɛ egbogbǒ alɛ́ nɛ́ Banyá	kɛlɛ gɛ e @@gbogbǒ a @@lɛ́ nɛ́ Banyá
yoo tsyámi ɔlɛ́?	yoo tsyámi ɔ @@lɛ́
balɔkɔ okumɛ akɔ́ ɔlɔ́.	ba @@lɔkɔ o @@kumɛ a @@kɔ́ ɔlɔ́
batrugbu esheshe pétéé wonɔ bunu nɛɛ́lɛ,	ba @@trugbu e @@sheshe pétéé wonɔ bu @@nu nɛɛ́lɛ
buklǔ sɛ kɛwalɔ,	bu @@klǔ sɛ kɛ @@walɔ
bubatu amɔ́,	bu @@ba @@tu a @@mɔ́
flógo pɛ otsí kɛlɛ tsyɛ́ bazɛ ababaka yɛ kibúí yɛ err ekpú nɔ́ kibúí	flógo pɛ otsí kɛlɛ tsyɛ́ ba @@zɛ a @@ba @@baka yɛ ki @@búí yɛ err e @@kpú nɔ́ ki @@búí
otsíɛ́ kɛhĩá sɛ bɔdɛbalɛ kɔ́ sɔlɛmɛ	otsíɛ́ kɛ @@hĩá sɛ bɔ @@dɛ @@balɛ kɔ́ sɔlɛmɛ
adzɛ̃̌ yɛ alɔkɔɛ,	a @@dzɛ̃̌ yɛ a @@lɔkɔ @@ɛ
babaplɛ́nɔ olɔ.	ba @@ba @@plɛ́nɔ o @@lɔ
atɛ́banyá ɛkɔ tɛta	a @@tɛ́ @@ba @@nyá ɛ @@kɔ tɛ @@ta
ɖi nɔhwa nɔhwa nɔhwa,	ɖi nɔ @@hwa nɔ @@hwa nɔ @@hwa
blɔ nɛ befualɛ́ blɔ kpɛ́ ɛhɔɛ	blɔ nɛ be @@fu @@alɛ́ blɔ kpɛ́ ɛ @@hɔɛ
aló bewole te hōlō ɔlɔkɔ vɛnɔ	aló be @@wole te hōlō ɔ @@lɔkɔ vɛ @@nɔ
gaké tɛ abaná kibe telí kobulĩ́ɛ́ ŋútɔ́ nɔ́ ko.	gaké tɛ a @@ba @@ná ki @@be telí kobu @@lĩ́ @@ɛ́ ŋútɔ́ nɔ́ ko
tsyiami nɔ́ nɔ́ gɛ abayikɛ bunu	tsyiami nɔ́ nɔ́ gɛ a @@ba @@yikɛ bu @@nu
err err agã kɛsha tenikpó kɛgɔ	err err a @@gã kɛ @@sha te @@nikpó kɛ @@gɔ
klɛ edéwokú kɛklagbu tilí abha,	klɛ e @@de @@wokú kɛ @@klagbu tilí a @@bha
bɔnya alɛ́ gɛ kpɛ́ yɛ luhũ pɛ edzi	bɔ @@nya alɛ́ gɛ kpɛ́ yɛ luhũ pɛ e @@dzi
ɔ́kɔ́.	ɔ @@kɔ́
ŋa ŋa mɛ	ŋa ŋa mɛ
tɛ bɔwá bɔpɛ̃,	tɛ bɔ @@wá bɔ @@pɛ̃
klisoɔ ahĩá sɛ err err blɔ pétéé	kliso @@ɔ a @@hĩá sɛ err err blɔ pétéé
alɔkɔ adakpɛ́ bageɛ́ mɛ ko,	a @@lɔkɔ a @@da @@kpɛ́ bage @@ɛ́ mɛ ko
kepíɛ́,	ke @@pí @@ɛ́
yǐyǐɛ́ pɛ otsí bababhɛtɛ yɛ kɛgɔ	yǐ @@yǐ @@ɛ́ pɛ otsí ba @@ba @@bhɛtɛ yɛ kɛ @@gɔ
ee,	ee
kana bɔwa kúnú	kana bɔ @@wa kúnú
kitsu,	ki @@tsu
alɛ ko nɔɖɔ álɛ́.	a @@lɛ ko nɔ @@ɖɔ álɛ́
tɛ alɔkɔ mana mɛ kɔ́ kesi	tɛ a @@lɔkɔ mana mɛ kɔ́ kesi
yɛ tsyɛ́ bɔ lɔkɔ err kpɛ́ tɔ bɔwá,	yɛ tsyɛ́ bɔ lɔkɔ err kpɛ́ tɔ bɔ @@wá
kɔ́xóé nɔ́ dza?,	kɔ́xóé nɔ́ dza
kliso bɔwá a lɛ́ err salí a lɛ́	kliso bɔ @@wá a lɛ́ err salí a lɛ́
dzogbenyáklɛ̄.	dzogbenyáklɛ̄
ɛrr agã hoho alɛ́ asɛ ewúlɛ́	ɛrr a @@gã ho @@ho a @@lɛ́ a @@sɛ e @@wúlɛ́
ɛhɛ́ɛ bulĩ́ɛ́ bubéle ko,	ɛhɛ́ɛ bu @@lĩ́ @@ɛ́ bu @@béle ko
ɛdzyɔ wonɔ.	ɛ @@dzyɔ wonɔ
kiwi lɛ kóŋ́ gɛ bakpɛ́ ehwi	ki @@wi lɛ kóŋ́ gɛ ba @@kpɛ́ e @@hwi
gɛ ekúɔ́,	gɛ e @@kú @@ɔ
kihwi enu	ki @@hwi e @@nu
gɛ enu schnapps tumpá tabha kɛkɔlɔ	gɛ e @@nu schnapps tumpá ta @@bha kɛ @@kɔlɔ
bɔwá nɔ́,	bɔ @@wá nɔ́
pɛ ebhǒ ɛɖa tihlǒ,	pɛ e @@bhǒ ɛ @@ɖa ti @@hlǒ
kɛlɛnu samɛ kibúí kɛlɛnu samɛ kibúí,	kɛlɛ @@nu samɛ ki @@búí kɛlɛ @@nu samɛ ki @@búí
ewunɔ ɔtsrɛ̌ nɛ́ títí,	e @@wunɔ ɔ @@tsrɛ̌ nɛ́ títí
gɛ bakpɛ́ lú kɔ́ bɔlɔ	gɛ ba @@kpɛ́ lú kɔ́ bɔlɔ
kɔ ba ka,	kɔ ba ka
obosúsú ɔsɛ kɛŋaŋa vũ ifu,	o @@bo @@súsú ɔ @@sɛ kɛ @@ŋaŋa vũ i @@fu
vɛnɔ.	vɛ @@nɔ
Máwú akɔ́ oŋúsɛ̃́ bɔdɔ̃ ɔlɛ sɛ,	Máwú a @@kɔ́ o @@ŋúsɛ̃́ bɔ @@dɔ̃ ɔ @@lɛ sɛ
Beingbeɛ́ kóŋ́ balɛ bezĩ ki nyéɛ́	be @@ingbe @@ɛ́ kóŋ́ balɛ be @@zĩ ki nyé @@ɛ́
sɛ tɛ bɔwa,	sɛ tɛ bɔ @@wa
Gaké blɔ kɛtakpúɔ́ ŋútɔ́ŋútɔ́ xɔ̃́nɔ́	gaké blɔ kɛ @@takpú @@ɔ́ ŋútɔ́ @@ŋútɔ́ xɔ̃́nɔ́
gaké bakɔnú nɔ́ gɛ alɛ́ pɛ bakla alɛ	gaké ba @@kɔnú nɔ́ gɛ a @@lɛ́ pɛ ba @@kla a @@lɛ
Pɛ batɔɖɔ ahɔɛ kɔ́ ɔma.	pɛ ba @@tɔɖɔ a @@hɔɛ kɔ́ ɔ @@ma
Bebeyǐ....	be @@be @@yǐ
err ánána lɛ yɛ kɛxwɛ̃ wakɔ́,	err ánána lɛ yɛ kɛ @@xwɛ̃ wa @@kɔ́
ɔmɔ sɛ yalɛ aba ɔkplɔ̃ nɔ́ shú	ɔ @@mɔ sɛ yalɛ a @@ba ɔ @@kplɔ̃ nɔ́ shú
err kliso gɛ ɛgɛzã soɔ	err kliso gɛ ɛ @@gɛ @@zã so @@ɔ
klɛ anyɛɛ́ azaba ɔkplɔ̃ nɔ́ shú,	klɛ a @@nyɛ @@ɛ́ a @@zɛ @@a @@ba ɔ @@kplɔ̃ nɔ́ shú
klɛ obúɔ́,	klɛ o @@búɔ́
klɛ dzyosu ababa yɛ mɛ piapíí,	klɛ dzyosu a @@ba @@ba yɛ mɛ piapíí
klɛ aa butsiɖi wonɔ abha	klɛ aa bu @@tsiɖi wonɔ a @@bha
anyɛ́núvɔɛ nɔ́ ekpũ ko,	a @@nyɛ́núvɔɛ nɔ́ e @@kpũ ko
err kɛlɛ abha vɛ vɛ aɖɔ asɛ egbogbǒ tatá nɛ́ Banyá.	err kɛlɛ a @@bha vɛ vɛ a @@ɖɔ a @@sɛ e @@gbogbǒ tatá nɛ́ Banyá
err wɔ tsyɛ́ ɔbɔkasɛ́ err	err wɔ tsyɛ́ ɔ @@bɔ @@kasɛ́ err
balɛ tabha pɛ leéɖǐ aglɔ,	balɛ ta @@bha pɛ le @@é @@ɖǐ a @@glɔ
balɔkɔ agbana ɔlɔ́	ba @@lɔkɔ a @@gbana ɔlɔ́
Bɔbakpɛ́ kesí sɛ apɛ	bɔ @@ba @@kpɛ́ ke @@sí sɛ a @@pɛ
ee so kana ko kɛlɛnu kibúíɛ́,	ee so kana ko kɛlɛ @@nu ki @@búí @@ɛ́
bulĩ́ɛ́ kú oo	bu @@lĩ́ @@ɛ́ kú oo
lo,	lo
bese eɖi ko anyɛ́núvɔɛ nɔ́ gɛ	be @@se e @@ɖi ko a @@nyɛ́núvɔɛ nɔ́ gɛ
kɛ gɛ ba kɛlɛ mɛ kɛlɛ nu sɛ so pɛ	kɛ gɛ ba kɛlɛ mɛ kɛlɛ nu sɛ so pɛ
gɛ bedě err kigbogbǒɔ,	gɛ be @@dě err ki @@gbogbǒ @@ɔ
klɛ basɛ aa butsíɛ́ mɛ nɔɔ́lɛ́,	klɛ ba @@sɛ aa bu @@tsí @@ɛ́ mɛ nɔɔ́lɛ́
anɛ bulĩ,	a @@nɛ bu @@lĩ
babá	ba @@ba
Ko otsíɛ́ ɛlɔkɔ ɔbhia nɔ́.	ko otsíɛ́ ɛ @@lɔkɔ ɔ @@bhia nɔ́
Klisoɔ mɛ mɛ susú enú asɛ	kliso @@ɔ mɛ mɛ susú e @@nú a @@sɛ
babayɛkɛ epidzyá tenikpó nɛ kɛlɛ shú abha bunu	ba @@ba @@yɛkɛ e @@pidzyá te @@nikpó nɛ kɛlɛ shú a @@bha bu @@nu
Yoo ee olṹ?	yoo ee o @@lũ @@
flógo pɛ otsí bebeyi ɔwɛ̃	flógo pɛ otsí be @@be @@yi ɔ @@wɛ̃
Gaké tulí shú ko yɛ agɛpɛ sɛ	gaké tulí shú ko yɛ a @@gɛ @@pɛ sɛ
mɛ,	mɛ
yalɛ ofu nɔɔ́lɛ̄,	yalɛ o @@fu nɔɔ́lɛ̄
salí alɛ abakɔ́ sɛ,	salí a @@lɛ a @@ba @@kɔ́ sɛ
Alɔkɔ tonukpó alɔkɔ tɔɖɔ	a @@lɔkɔ to @@nukpó a @@lɔkɔ tɔɖɔ
kana woayɛ́ tsyɛ́ édzi	kana wo @@ayɛ́ tsyɛ́ é @@dzi
klɛ ɛma gɛ lɛ́ lɛ ɔbha gɛ bamɔ ana	klɛ ɛ @@ma gɛ lɛ́ lɛ ɔ @@bha gɛ ba @@mɔ ana
ɔdɛ ko efĩ́ aká alɛ,	ɔ @@dɛ ko e @@fĩ́ a @@ká a @@lɛ
batɛ́kaábhɛtɛ lɛ hoo ana,	ba @@tɛ́ @@ka @@á @@bhɛtɛ lɛ hoo ana
ebú telí kóéyi kpũ nɛ́	e @@bú telí kóéyi kpũ nɛ́
anyɛɛ́ etsyina edeɛ́,	a @@nyɛ́ @@ɛ́ e @@tsyina e @@de @@ɛ́
Anɔ tramɛ tsyɛ́ á ŋlɔmɛ,	a @@nɔ tramɛ tsyɛ́ á ŋlɔmɛ
mɛ,	mɛ
ɔtã	ɔ @@tã
yoo ɛzɛlɔkɔɛ lu e	yoo ɛ @@zɛ @@lɔkɔ @@ɛ lu e
kɛlɛ betsyina akpɛ́ sɛ Kumɛ Kumɛ Kumɛ,	kɛlɛ be @@tsyina a @@kpɛ́ sɛ kumɛ kumɛ kumɛ
kliso pɛ akasɛ́ mɛ ko,	kliso pɛ a @@kasɛ́ mɛ ko
pɛ baáka asɛ́m ɔ pétéé.	pɛ ba @@á @@ka a @@sɛ́m ɔ pétéé
kɛlɛ kiwi lɛ bakpɛ́ kúnú kesí,	kɛlɛ ki @@wi lɛ ba @@kpɛ́ kúnú ke @@sí
bayɛkɛ,	ba @@yɛkɛ
otsí bɔmɔ bulĩ́ɛ́ pɛ kɛbɔɛ bɔɛ bɔɛ	otsí bɔ @@mɔ bu @@lĩ́ @@ɛ́ pɛ kɛ @@bɔɛ bɔɛ bɔɛ
Kifúɔ́ gɛ ɛɛ́kpɛ́ otsíɛ́	ki @@fú @@ɔ́ gɛ ɛ @@ɛ́ @@kpɛ́ otsíɛ́
gɛ bɔbhɛtɛ kibúí tinikpó,	gɛ bɔ @@bhɛtɛ ki @@búí ti @@nikpó
yɔdǒ nɛ́ kɛ́lɛ otsí alɛ.	yɔdǒ nɛ́ kɛlɛ otsí a @@lɛ
ɔbhɛtɛ méke?	ɔ @@bhɛtɛ méke
yoo,	yoo
akpasɛ ɔkɔnyɔ́kɔ	a @@kpasɛ ɔ @@kɔnyɔ́kɔ
anyádawɛ̃ bulĩ́ɛ́ ko,	a @@nyá @@da @@wɛ̃ bu @@lĩ́ @@ɛ́ ko
akɔ́ sɛ akpâ.	a @@kɔ́ sɛ a @@kpâ
babawɛ̃ benu	ba @@ba @@wɛ̃ be @@nu
ko kɛlɛ yɛ apɔ̃́ dɔ̌,	ko kɛlɛ yɛ a @@pɔ̃́ dɔ̌
kitsikpi nɔ́ mɛ,	ki @@tsikpi nɔ́ mɛ
ee so salí álɛ́ salí yuyu akukɔlí yenu,	ee so salí alɛ́ salí yuyu a @@kukɔlí ye @@nu
pɛ bakpɛ́ɛ nɛ́ buvũɔ mɛ,	pɛ ba @@kpɛ́ @@ɛ nɛ́ bu @@vũ @@ɔ mɛ
vɛnɔ.	vɛ @@nɔ
kɛwalɔ ɛlɛ́ klɛ bɔlɔkɔ kɔ́anɔ kɛpɔtɛ́ nɔ́,	kɛ @@walɔ ɛ @@lɛ́ klɛ bɔ @@lɔkɔ kɔ́a @@nɔ kɛ @@pɔtɛ́ nɔ́
bulĩ́ɛ́ mɛ akɔ́ ɔlɔ́.	bu @@lĩ́ @@ɛ́ mɛ a @@kɔ́ ɔlɔ́
kivũɔ́,	ki @@vũ @@ɔ́
Begetéŋú apwɛ̃ kibúíɛ́ piapíí	be @@ge @@téŋú a @@pwɛ̃ ki @@búí @@ɛ́ piapíí
bunyí kɛzã gɛ ɔzã nɛ́ blɔ	bu @@nyí kɛ @@zã gɛ ɔ @@zã nɛ́ blɔ
kɛlɛ so pɛ banɔ batɛ́kaákpɛ́samɛ	kɛlɛ so pɛ ba @@nɔ ba @@tɛ́ @@ka @@á @@kpɛ́samɛ
kɛlɛ kã́ ozĩ̌ loyié	kɛlɛ kã́ o @@zĩ̌ lo @@yi @@é
kã́ bɔtɔɖɔ kiwi é,	kã́ bɔ @@tɔɖɔ ki @@wi é
yɛ balɔkɔ bú kɛfɔ̃́ nɛ́bulitúɔ.	yɛ ba @@lɔkɔ bú kɛ @@fɔ̃́ nɛ́bu @@litú @@ɔ
yɛ ɔkɔ́ mɛ kpasɛ,	yɛ ɔ @@kɔ́ mɛ kpasɛ
ko wɔ akáálɛ́ kɛhĩá gɛ kɛhĩá sɛ babasɛnɔ	ko wɔ a @@ka @@álɛ́ kɛ @@hĩá gɛ kɛ @@hĩá sɛ ba @@ba @@sɛnɔ
Gaké blɔ lĩ́ lɛ	gaké blɔ lĩ́ lɛ
ɛwa kɛ lɛ shú kɛxwɛ̃ béke̅,	ɛ @@wa kɛ lɛ shú kɛ @@xwɛ̃ béke
so ónúpɛ otsí ónúpɛ anɔ nɔ́ ónú gɛnɛ ekusí,	so ónúpɛ otsí ónúpɛ a @@nɔ nɔ́ ónú gɛ @@nɛ e @@kusí
Gaké err besíɛ́ pétéé nɔ́	gaké err be @@sí @@ɛ́ pétéé nɔ́
akukɔlí akukɔlí yenu,	a @@kukɔlí a @@kukɔlí ye @@nu
otsí ónúpɛ flógo wo anɔnyɛ́ oshe,	otsí ónúpɛ flógo wo a @@nɔ @@nyɛ́ o @@she
anyɛ́núvɔɛ nɔ́ kifu yǐi,	a @@nyɛ́núvɔɛ nɔ́ ki @@fu yǐ @@i
gɛ anɔ etsǐɛ,	gɛ a @@nɔ e @@tsǐ @@ɛ
obotóŋú tɔ mahógani yɛ akɔ́lɔ́,	o @@bo @@tóŋú tɔ mahógani yɛ a @@kɔ́lɔ́
Wonɔ gã	wonɔ gã
err kɔnú kɔnú nɔ́ gɛ alɛ ɔma ahɔɛ,	err kɔnú kɔnú nɔ́ gɛ a @@lɛ ɔ @@ma a @@hɔɛ
aba nɛ́ shúyɔ́yɔ mɛ,	a @@ba nɛ́ shú @@yɔ @@yɔ mɛ
p' ɔ́tã́,	pɛ ɔ @@tã
klɛ blɔ tsyɛ́ wɔ́ kɛ́lɛ,	klɛ blɔ tsyɛ́ wɔ́ kɛ́lɛ
mayɛ́ tsyɛ́ lɛ ana pɛ́pɛ́pɛ́	mɛ @@ayɛ́ tsyɛ́ lɛ ana pɛ́pɛ́pɛ́
babatɔ bɔdɔ̃,	ba @@ba @@tɔ bɔ @@dɔ̃
bɔmɔ samɛ sɛ bulĩ́ɛ́ bɔbá	bɔ @@mɔ samɛ sɛ bu @@lĩ́ @@ɛ́ bɔ @@bá
klɛ kã́ bɔkɔ́ gbe,	klɛ kã́ bɔ @@kɔ́ gbe
klɛ blɔ lɛ obúɔ́.	klɛ blɔ lɛ o @@búɔ́
Banyáá err tɛzãzã mɛ.	Banyá @@á err tɛ @@zã @@zã mɛ
ɔmana ma mɛ pɛ bamaleté amɔ wɔ,	ɔ @@mana ma mɛ pɛ ba @@ma @@leté a @@mɔ wɔ
Okúɔ́ mɛ gɛ bɔlɛ́,	Okú @@ɔ́ mɛ gɛ bɔ @@lɛ́
bulĩ́ɛ́ mɛ akɔ́ ɔlɔ́.	bu @@lĩ́ @@ɛ́ mɛ a @@kɔ́ ɔlɔ́
kampɛ tenikpó,	ka @@mpɛ te @@nikpó
klɛ adzɛ̃ɛ́ tsyɛ́ aba,	klɛ a @@dzɛ̃ @@ɛ́ tsyɛ́ a @@ba
mɛ,	mɛ
Begbe.	Begbe
fine.	*fine
ɔma ana.	ɔ @@ma ana
kɛlɛ betsyina akpɛ́ sɛ Kumɛ Kumɛ Kumɛ,	kɛlɛ be @@tsyina a @@kpɛ́ sɛ kumɛ kumɛ kumɛ
akɔ́ ɔlɛ́,	a @@kɔ́ ɔ @@lɛ́
bezedekú ɔkɔ́ tolí ko,	be @@ze @@de @@kú ɔ @@kɔ́ tolí ko
aa kéɖe nɛɛ́lɛ dza?	aa kéɖe nɛɛ́lɛ dza
pɛ yɛ alɔkɔ lú kesiakpá	pɛ yɛ a @@lɔkɔ lú ke @@siakpá
baba,	ba @@ba
ebú ápɛ kɛvɔbɔ́ soɔ,	e @@bú a @@pɛ kɛ @@vɔbɔ́ so @@ɔ
oboyǐ epidzyǎ	o @@bo @@yǐ e @@pidzyǎ
kɛlɛ obopú,	kɛlɛ o @@bo @@pú
badzɛ̃̌ɛ́ nɛ́ ɔma mɛ babakɔ́	ba @@dzɛ̃̌ @@ɛ́ nɛ́ ɔ @@ma mɛ ba @@ba @@kɔ́
bukũ ŋa ŋa alɛ́,	bu @@kũ ŋa ŋa a @@lɛ́
gaké ɔmɔ bulĩ́ɛ́ pétéé batɛ́bágɛ beyuku,	gaké ɔ @@mɔ bu @@lĩ́ @@ɛ́ pétéé ba @@tɛ́ @@bágɛ be @@yuku
kɛlɛ salí nɔ́ abagbagba	kɛlɛ salí nɔ́ a @@ba @@gbagba
nɛ kɛxwɛ̃ nɔ́ nɔ́ gɛ egbogbǒ awa	nɛ kɛ @@xwɛ̃ nɔ́ nɔ́ gɛ e @@gbogbǒ a @@wa
kã́ lɔzɛkpɛ́ anɔ é,	kã́ lɔ @@zɛ @@kpɛ́ a @@nɔ é
kiwi lɛ kóŋ́ gɛ bakpɛ́ ehwi	ki @@wi lɛ kóŋ́ gɛ ba @@kpɛ́ e @@hwi
ɔ́ gɛ elɛ́ nɛ́ ayɛ̌ nɔ́ mɛ nɛ́ klɛ́,	ɔ́ gɛ e @@lɛ́ nɛ́ a @@yɛ̌ nɔ́ mɛ nɛ́ klɛ́
koɔ,	ko @@ɔ
kɛlɛ bɔwɛ nɔ́ bɔzaapɔɛ wɔ	kɛlɛ bɔ @@wɛ nɔ́ bɔ @@zaa @@pɔɛ wɔ
nɔ.. blɔ tsyɛ́ blɔ kɔ́ yɔ́.	nɔ blɔ tsyɛ́ blɔ kɔ́ yɔ́
gaké nɛ́ titsyitsyina vɔvɔ gɛ bá mɛ	gaké nɛ́ ti @@tsyitsyina vɔvɔ gɛ bá mɛ
kɛlɛ oduku bulíɛ́,	kɛlɛ o @@duku bu @@lí @@ɛ́
butoró,	bu @@toró
anyɛ́núvɔɛ nɔ́ azɛ abhɛtɛ kpóó,	a @@nyɛ́núvɔɛ nɔ́ a @@zɛ a @@bhɛtɛ kpóó
kɛlɛ wɔ shú bayɔ́.	kɛlɛ wɔ shú ba @@yɔ́
klɛ ko flógo pɛ dzyosu ebetéŋú lí nɛ́	klɛ ko flógo pɛ dzyosu e @@be @@téŋú lí nɛ́
Tsyámi a lɛ́,	tsyámi a lɛ́
kɛlɛ obolɔkɔ yǔ kɛpɔtɛ́ nɔ́,	kɛlɛ o @@bo @@lɔkɔ yǔ kɛ @@pɔtɛ́ nɔ́
buwí,	bu @@wí
ko ɔ,	ko ɔ
otoró ko kã́ ɔbhɛtɛ yɛ	o @@toró ko kã́ ɔ @@bhɛtɛ yɛ
kɛlɛ xɔ̃́nɔ́ obisi kibúí lɛ ŋútɔ́,	kɛlɛ xɔ̃́nɔ́ o @@bisi ki @@búí lɛ ŋútɔ́
bagɛmɔ kɛdɔnyɛ́dɔ̃kɛtɛ́ɛ́wɔ̃ɛ,	ba @@gɛ @@mɔ kɛ @@dɔnyɛ́dɔ̃kɛ @@tɛ́ @@ɛ́ @@wɛ̃
kivũɔ́,	ki @@vũ @@ɔ́
ebú ɔ́ tsyɛ́ wunɔ etakpú nɛ́ tití,	e @@bú ɔ tsyɛ́ wunɔ e @@takpú nɛ́ tití
pétéé bɔbatɔɖɔ ɛlɛ́,	pétéé bɔ @@ba @@tɔɖɔ ɛ @@lɛ́
bɔbhɛtɛ yɛ	bɔ @@bhɛtɛ yɛ
gɛnɛ otsí bezebetukúi	gɛ @@nɛ otsí be @@ze @@be @@tukú @@i
blɔ ahɔɛ otsíɛ́.	blɔ a @@hɔɛ otsíɛ́
Kɛlɛ bátɔɖɔ ahɔɛ,	kɛlɛ bá @@tɔɖɔ a @@hɔɛ
wonɔ gã.	wonɔ gã
kɛlɛ ahĩa sɛ tɛ blɔ batrugbuɔblɔ ko blɔ ɛbaba,	kɛlɛ a @@hĩa sɛ tɛ blɔ ba @@trugbu @@ɔblɔ ko blɔ ɛ @@ba @@ba
gɛ enu kalɛlɛ mɛ,	gɛ e @@nu ka @@lɛlɛ mɛ
pɛ eféké,	pɛ e @@féké
tɛwãwlãkɛ́ kpasɛ balɛ shi nɛ́ kampɛ	tɛ @@wã @@wlãkɛ́ kpasɛ balɛ shi nɛ́ ka @@mpɛ
so otsíɛ́ ɛbakpɛ́ kesí.	so otsíɛ́ ɛ @@ba @@kpɛ́ ke @@sí
yi ké bɔhɔɛ́ bɔ lɔkɔ kaka ɔfɔfuyã zĩzĩ	yɛ ké bɔ @@hɔɛ́ bɔ lɔkɔ kaka ɔ @@fɔfuyã zĩzĩ
pɛ baábalɛ kɛbhwɛ̃ nɛ́ yɛ abha	pɛ ba @@á @@balɛ kɛ @@bhwɛ̃ nɛ́ yɛ a @@bha
Kã́ kana bɔ lɔkɔ lɛ Okúɔ́ mɛ nɛ́ kɛ́lɛ.	kã́ kana bɔ lɔkɔ lɛ Okú @@ɔ́ mɛ nɛ́ kɛ́lɛ
ewunɔ betúɔ́ mɛ.	e @@wunɔ be @@tú @@ɔ́ mɛ
ko kã́ bunyúmú kɛpɔtɛ́ kɔ́ɛ	ko kã́ bu @@nyúmú kɛ @@pɔtɛ́ kɔ́ @@ɛ
okumɛ	o @@kumɛ
Badzɛ̃̌ pétéé abavɛ kɛlɛ́	ba @@dzɛ̃̌ pétéé a @@ba @@vɛ kɛlɛ́
gɛ anɔ abá pɛ adawɛ̃ bulĩ́ɛ́ko,	gɛ a @@nɔ a @@bá pɛ a @@da @@wɛ̃ bu @@lĩ́ @@ɛ́ko
ɛhɛ́ɛ banyɛ́ tsyɛ́	ɛhɛ́ɛ ba @@nyɛ́ tsyɛ́
anɛ fóto telí gɛ bebevũ	a @@nɛ fóto telí gɛ be @@be @@vũ
kɛ gɛ ba kɛlɛ mɛ kɛlɛ nu sɛ so pɛ	kɛ gɛ ba kɛlɛ mɛ kɛlɛ nu sɛ so pɛ
etsiɖi...	e @@tsiɖi
ɛrr anyɛ́núvɔɛ nɔ́ eféké err	ɛrr a @@nyɛ́núvɔɛ nɔ́ e @@féké err
bɔmá kɔ́ banɔ nɔ́,	bɔ @@má kɔ́ ba @@nɔ nɔ́
vɛnɔ,	vɛ @@nɔ
ee tsyámi a lɛ́.	ee tsyámi a lɛ́
lṹ ɔ,	lṹ ɔ
err kliso gɛ ɛgɛzã soɔ	err kliso gɛ ɛ @@gɛ @@zã so @@ɔ
ŋa ŋa	ŋa ŋa
gbea?	gbe @@a
ohuiɛ bɔbalɔkɔ yǔ kɛpɔtɛ́ nɔ́,	o @@hui @@ɛ bɔ @@ba @@lɔkɔ yǔ kɛ @@pɔtɛ́ nɔ́
ee	ee
pɛ akpɛ́ olũgbǔ ɔ́ mɛ,	pɛ a @@kpɛ́ o @@lũgbǔ ɔ́ mɛ
bɔ lɔkɔ plǔ ɛya mɛ kɔ́ɛ nɔ,	bɔ lɔkɔ plǔ ɛ @@ya mɛ kɔ́ @@ɛ nɔ
gaké alɛ́ edĩ tabha,	gaké a @@lɛ́ e @@dĩ ta @@bha
sɛ tɛ anɔ́dzyramɛ azã gagalĩ,	sɛ tɛ a @@nɔ́dzyramɛ a @@zã gagali @@
klɛ aa butsiɖi wonɔ abha	klɛ aa bu @@tsiɖi wonɔ a @@bha
klɛ nɔkɔ́ ɔlɔ kidzǒ	klɛ nɔ @@kɔ́ ɔ @@lɔ ki @@dzǒ
flógo pɛ ɔzhĩázhĩá zhĩá wɔ pɛ ɔshɛ̃,	flógo pɛ ɔ @@zhĩá @@zhĩá zhĩá wɔ pɛ ɔ @@shɛ̃
okumɛ	o @@kumɛ
yalɛ yenu ɔbhíá,	yalɛ ye @@nu ɔ @@bhíá
Bɔwa kɛxwɛ̃ ansɛ Begbe err	bɔ @@wa kɛ @@xwɛ̃ ansɛ Begbe err
pɛ alɔkɔ ɔhɔɛ dzǔ kesíɛ́	pɛ a @@lɔkɔ ɔ @@hɔɛ dzǔ ke @@sí @@ɛ́
kɛlɛnu ɔzãkɔ́eleté kúnú	kɛlɛ @@nu ɔ @@zã @@kɔ́ @@e @@leté kúnú
gaké tɛ abaná kibe telí kobulĩ́ɛ́ ŋútɔ́ nɔ́ ko.	gaké tɛ a @@ba @@ná ki @@be telí kobu @@lĩ́ @@ɛ́ ŋútɔ́ nɔ́ ko
etsu tabha	e @@tsu ta @@bha
nɔbá tɛ noboóɖǐ kɛtoró gɛ betoró ɖotí nɔ́,	nɔ @@bá tɛ no @@bo @@ó @@ɖǐ kɛ @@toró gɛ be @@toró ɖotí nɔ́
tɛ bɔwa ɛlɛ́ nɛ́ oŋúsɛ̃́ mɛ,	tɛ bɔ @@wa ɛ @@lɛ́ nɛ́ o @@ŋúsɛ̃́ mɛ
so oɖotí nɔ́ nɔɔ́lɛ,	so o @@ɖotí nɔ́ nɔɔ́lɛ
So blɔ tsyɛ́ bɔdě balɛ kishi.	so blɔ tsyɛ́ bɔ @@dě balɛ ki @@shi
ee tsyámi a lɛ́.	ee tsyámi a lɛ́
tɛ bɔbalũ ko wɔ akaalɛ́ sɛbatɛ́gã bɔli edé,	tɛ bɔ @@ba @@lũ ko wɔ a @@ka @@alɛ́ sɛba @@tɛ́ @@gã bɔlɔ ke @@dé
pɔ bawá pétéé gɛ ɛɛ́ɖɔ alɛ,	pɔ ba @@wá pétéé gɛ ɛ @@ɛ́ @@ɖɔ a @@lɛ
aló tɛ betī sɛɛ lo,	aló tɛ be @@tī sɛ @@ɛ lo
vɛnɔ otugba,	vɛ @@nɔ o @@tugba
ɛzɛlɔkɔ iplukpá búlí télí,	ɛ @@zɛ @@lɔkɔ i @@plukpá búlí telí
err bɔbakpɛ́ kesi nɛ́ dénɔ nɛ́	err bɔ @@ba @@kpɛ́ ke @@si nɛ́ dénɔ nɛ́
otsí ónúpɛ flógo wo anɔnyɛ́ oshe,	otsí ónúpɛ flógo wo a @@nɔ @@nyɛ́ o @@she
So blɔ tsyɛ́ batrugbuɔ bayɛkɛ	so blɔ tsyɛ́ ba @@trugbu @@ɔ ba @@yɛkɛ
ko klɛ tɛ kɛlɛ kidě mɛ ko,pɛ yálɛ́ tsyɛ́ abá,	ko klɛ tɛ kɛlɛ ki @@dě mɛ kopɛ yálɛ́ tsyɛ́ a @@bá
blɔ batrugbuɔ bɔbashogo nɛ́	blɔ ba @@trugbu @@ɔ bɔ @@ba @@shogo nɛ́
ɔlɛ asɛ blɔ nú	ɔ @@lɛ a @@sɛ blɔ nu @@
kana wɔayɛ́ tsyɛ́ alɛ,	kana wɔayɛ́ tsyɛ́ a @@lɛ
sɛ tɛ ɔyikɛ	sɛ tɛ ɔ @@yikɛ
kibúí gbã́tɔ gɛ lɛ́ sɛ tɛ ɔpɛ	ki @@búí gbã́tɔ gɛ lɛ́ sɛ tɛ ɔ @@pɛ
butú álɛ́ pétéé koɔ,	bu @@tú álɛ́ pétéé ko @@ɔ
mayɛ́ tsyɛ́ kana,	mɛ @@ayɛ́ tsyɛ́ kana
ɔ	ɔ
pɛ buúshwí	pɛ bu @@ú @@shwí
kɛklagbu nɔ́ abha gɛ ewoku ko,	kɛ @@klagbu nɔ́ a @@bha gɛ e @@woku ko
soɔ bunu batrugbu ɔma	so @@ɔ bu @@nu ba @@trugbu ɔ @@ma
Kɛ nɔ́ nɔ́ gɛ bamana,	kɛ nɔ́ nɔ́ gɛ ba @@mana
klɛ abalɔkɔ buplukpá,	klɛ a @@ba @@lɔkɔ bu @@plukpá
obúɔ́	o @@búɔ́
budzyinie kɔ́ wɔ,	bu @@dzyini @@e kɔ́ wɔ
so otsíɛ́ basɛ err err nɛ́ Begbe salí nɔ́	so otsíɛ́ ba @@sɛ err err nɛ́ Begbe salí nɔ́
bedě nɛ́ Banyá.	be @@dě nɛ́ Banyá
kéɖeso?	kéɖeso
gɛ esi koɔ riɖiɖiɖi ko,	gɛ e @@si ko @@ɔ riɖiɖiɖi ko
ŋa ŋa mɛ	ŋa ŋa mɛ
pɛ eéɖǐ yɛ bamɛ tútútú,	pɛ e @@é @@ɖǐ yɛ bamɛ tútútú
okolũ okolṹ	o @@ko @@lũ o @@ko @@lṹ
Asafoatsyɛ bɔpã́mɛ Asafoatsyɛ bɔpã́mɛ,	Asafoatsyɛ bɔ @@pã́ @@mɛ Asafoatsyɛ bɔ @@pã́ @@mɛ
so bulĩ́ɛ́ butsǐ buútsǐ genú	so bu @@lĩ́ @@ɛ́ bu @@tsǐ bu @@ú @@tsǐ ge @@nú
Buúkú oo	bu @@ú @@kú oo
ɔzɛ ɔplɛ́nɔ	ɔ @@zɛ ɔ @@plɛ́nɔ
yoo klɛ otsíɛ́ kibeɛ gɛ bɔbavɛ	yoo klɛ otsíɛ́ ki @@be @@ɛ gɛ bɔ @@ba @@vɛ
busí bhlatɔ esí gɛ bekú ko,	bu @@sí bhlatɔ e @@sí gɛ be @@kú ko
tɛ bɔbaɖi aló bɔbakpɛ́	tɛ bɔ @@ba @@ɖi aló bɔ @@ba @@kpɛ́
sɛ̃́ɛ́ ko bebetsyina kú	sɛ̃́ɛ́ ko be @@be @@tsyina kú
vɛnɔ.	vɛ @@nɔ
betībetī	be @@tī @@be @@tī
wonɔ gã,	wonɔ gã
tɛ alɔkɔ dzǐ ɔkɔ̃ɛ̃ nɛ ɛ	tɛ a @@lɔkɔ dzǐ ɔ @@kɔ̃ɛ̃ nɛ ɛ
vɛnɔ.	vɛ @@nɔ
pɛ etíékóéyi nɛ́ bɔpá mɛ	pɛ e @@tí @@é @@kóéyi nɛ́ bɔ @@pá mɛ
kɛbwɛ̌ búlíí dzyoró mɛ tsyɛ́ soɔ	kɛ @@bwɛ̌ búlí @@í dzyoró mɛ tsyɛ́ so @@ɔ
nɔbá pɛ nobobú lɔ piapíí nɔ́,	nɔ @@bá pɛ no @@bo @@bú lɔ piapíí nɔ́
kã́ bubisi alɛ amaneɛ́.	kã́ bu @@bisi a @@lɛ amaneɛ́
gɛ bɔnya álɛ́ nɔ́ kidĩ kpɛ́ yɛ luhũ̌	gɛ bɔ @@nya álɛ́ nɔ́ ki @@dĩ kpɛ́ yɛ luhũ̌
nɔ́	nɔ́
sɛ ao balɛ kibúí kɛgɛdzyɔ nɛ́	sɛ ao balɛ ki @@búí kɛ @@gɛ @@dzyɔ nɛ́
ɛɖɔ sɛ ɛbaɖɔ kibúí tilí	ɛ @@ɖɔ sɛ ɛ @@ba @@ɖɔ ki @@búí tilí
pɛ agɛfuyã yɛ,	pɛ a @@gɛ @@fuyã yɛ
bɔ lɔkɔɛ tsyɛ́ bɔtɔ plɛnɔ,	bɔ lɔkɔ @@ɛ tsyɛ́ bɔ @@tɔ plɛnɔ
ababalɛ kú kifúɔ́ mɛ pétéé	a @@ba @@balɛ kú ki @@fú @@ɔ́ mɛ pétéé
so otsíɛ́ basɛ err err nɛ́ Begbe salí nɔ́	so otsíɛ́ ba @@sɛ err err nɛ́ Begbe salí nɔ́
alɛ ko nɔɖɔ álɛ́.	a @@lɛ ko nɔ @@ɖɔ álɛ́
pɛ bewulú ko balɔkɔ akaka ɔfɔfuyã	pɛ be @@wulú ko ba @@lɔkɔ a @@kaka ɔ @@fɔfuyã
bɔbabhɛtɛ ɛlɛ́,	bɔ @@ba @@bhɛtɛ ɛ @@lɛ́
bɔkpɛ́ kɛɖaŋu kɔ wɔ akaalɛ	bɔ @@kpɛ́ kɛ @@ɖaŋu kɔ wɔ a @@ka @@alɛ
alɔkɔ tonukpó alɔkɔ olũgbǔɔ,	a @@lɔkɔ to @@nukpó a @@lɔkɔ o @@lũgbǔ @@ɔ
bebolé kɛpɔtɛ́	be @@bolé kɛ @@pɔtɛ́
klɛ bɔkpɛ́ akukɔlí nɔ́ kɔ́ɛ,	klɛ bɔ @@kpɛ́ a @@kukɔlí nɔ́ kɔ́ @@ɛ
err buklu buklu tɛwa tilí sɛ	err bu @@klu bu @@klu tɛ @@wa tilí sɛ
asɛ bɔɖɔ ɛkɔ gɛ alɛ blɔ	a @@sɛ bɔ @@ɖɔ ɛ @@kɔ gɛ a @@lɛ blɔ
anɛ anyɛ́ nána,	a @@nɛ a @@nyɛ́ nána
ebedzǐ ɔkɔ̃ɛ̃ nɛ ɛ	e @@be @@dzǐ ɔ @@kɔ̃ɛ̃ nɛ ɛ
kɛlɛ alɔkɔ ɛhɔɛ tɛbha edzi osí	kɛlɛ a @@lɔkɔ ɛ @@hɔɛ tɛ @@bha e @@dzi o @@sí
amɔ́ naálɛ,	a @@mɔ́ naálɛ
ewi telí ko yɛ xɔ̃́nɔ́ abazã	e @@wi telí ko yɛ xɔ̃́nɔ́ a @@ba @@zã
flógo pɛ babawa ekusíɛ́ gɛ	flógo pɛ ba @@ba @@wa e @@kusí @@ɛ́ gɛ
Yoo ee olṹ?	yoo ee o @@lũ @@
klisoɔ kɛlɛ́ kibe letéɛ́ beti kibúí,	kliso @@ɔ kɛlɛ́ ki @@be leté @@ɛ́ be @@ti ki @@búí
ɔgɛmɔ kidzǒ ɔdɛ ekusíɛ́	ɔ @@gɛ @@mɔ ki @@dzǒ ɔ @@dɛ e @@kusí @@ɛ́
flógo pɛ otsí yɛ kɛgɔɔ yɛ kɛgɔ	flógo pɛ otsí yɛ kɛ @@gɔ @@ɔ yɛ kɛ @@gɔ
ɔlɛ bababhɛtɛ ko	ɔ @@lɛ ba @@ba @@bhɛtɛ ko
aɖuƒéɛhókúí,	aɖuƒéɛhókúí
pɛ otsi pɛ bɔbakpɛ́ ɖaŋu,	pɛ otsi pɛ bɔ @@ba @@kpɛ́ ɖaŋu
Buklǔ kɛpɔtɛ́ sɛ kɛwalɔ.	bu @@klǔ kɛ @@pɔtɛ́ sɛ kɛ @@walɔ
begizelũ Tingbě piapíí nɔ́,	be @@gi @@ze @@lũ Tingbě piapíí nɔ́
abazã klɛ́,	a @@ba @@zã klɛ́
bɔpã́mɛ	bɔ @@pã́ @@mɛ
kishi naálɛ,	ki @@shi naálɛ
ɔ,	ɔ
gɛ dzyosu ama yɛ mɛ kúráá kúráá nɔ́,	gɛ dzyosu a @@ma yɛ mɛ kúráá kúráá nɔ́
bɔlɔ bhɛtɛkɔ́ nɔ́ nɔ́ gɛ ɔlɛ klɛ́	bɔlɔ bhɛtɛ @@kɔ́ nɔ́ nɔ́ gɛ ɔ @@lɛ klɛ́
etínyí bhɛtɛ gɛ ababhɛtɛ pɛ	e @@tí @@nyí bhɛtɛ gɛ a @@ba @@bhɛtɛ pɛ
so bulĩ́ɛ́ butsǐ buútsǐ genú	so bu @@lĩ́ @@ɛ́ bu @@tsǐ bu @@ú @@tsǐ ge @@nú
edewokú yɛ oli nɔ abha,	e @@de @@wokú yɛ o @@li nɔ́ a @@bha
klɛ blɔ tsyɛ́ wɔ́ kɛ́lɛ,	klɛ blɔ tsyɛ́ wɔ́ kɛ́lɛ
Gaké gɛ iwulu kɛlɛ́ nɔ́ koɔ	gaké gɛ i @@wulu kɛlɛ́ nɔ́ ko @@ɔ
piapíí nɔ́,	piapíí nɔ́
tɛ oti ko bulíɛ́ kú oo.	tɛ o @@ti ko bulí @@ɛ́ kú oo
edziɛ	e @@dzi @@ɛ
kɛlɔ̃́mɛ́ ónúpɛ anuvɔ gɛ beklǔ asɛ kɔshɔkɔ́,	kɛ @@lɔ̃́mɛ́ ónúpɛ a @@nuvɔ gɛ be @@klǔ a @@sɛ kɔshɔkɔ́
tolí ko,	tolí ko
butínyí,	bu @@tí @@nyí
bunuɔ bamana,	bu @@nu @@ɔ ba @@mana
ketsukpu tenukpó.	ke @@tsukpu te @@nukpó
enu sɛ... wɔ tsyɛ́ baka tilí	e @@nu sɛ wɔ tsyɛ́ baka tilí
omumwɛ́ dzã̌dzã̌	o @@mumwɛ́ dzã̌ @@dzã̌
yalɛ yenu olumamwɛ́,	yalɛ ye @@nu o @@lumamwɛ́
áníí bɔkpasɛ (lɔkpasɛ) alɛ́,	áníí bɔ @@kpasɛ lɔ @@kpasɛ alɛ́
yɛ xɔ̃́nɔ́ atɛ́lɔkɔ kɛdɔ̃ nɔ́ gɛ ápɛ nɔ́	yɛ xɔ̃́nɔ́ a @@tɛ́ @@lɔkɔ kɛ @@dɔ̃ nɔ́ gɛ á @@pɛ nɔ́
kibúí tilí lɛ́ obotóŋú bísi	ki @@búí tilí lɛ́ o @@bo @@tóŋú bí @@si
Kliso ashwĩ nɔ́ ŋútɔ́ŋútɔ́ nɔ́ err ayɛkɛ	kliso a @@shwĩ nɔ́ ŋútɔ́ @@ŋútɔ́ nɔ́ err a @@yɛkɛ
pɛ ɔɔ́ŋa kɔ alɛ́,	pɛ ɔ @@ɔ @@ŋa kɔ alɛ́
babatɔ bɔdɔ̃,	ba @@ba @@tɔ bɔ @@dɔ̃
aa ebúíɛ́ gɛ lɛ sɛ bɔɖɔɔ	aa e @@búí @@ɛ́ gɛ lɛ sɛ bɔ @@ɖɔ @@ɔ
kɛlɛ kã́ bɔyɛkɛ lɛ ana	kɛlɛ kã́ bɔ @@yɛkɛ lɛ ana
ko bamɔ wɔ sɛ ɔgɛná	ko ba @@mɔ wɔ sɛ ɔ @@gɛ @@ná
ɛhɛ́ɛ,	ɛhɛ́ɛ
ao blɔ batrugbu sɛ kibui lɛ	ao blɔ ba @@trugbu sɛ ki @@bui lɛ
aa ónúpɛ bɔbakɔ́ adzɛ̃̌ kɛpɔtɛ́	aa ónúpɛ bɔ @@ba @@kɔ́ a @@dzɛ̃̌ kɛ @@pɔtɛ́
blɔ kibúí gagãlĩɛ́ kóŋ́ gɛ ɛlɛ blɔ	blɔ ki @@búí gagãlĩ @@ɛ́ kóŋ́ gɛ ɛlɛ blɔ
ebú ɔ́ ebewokúanyɛ́núvɔɛ nɔ́ adámɛ,	e @@bú ɔ́ e @@be @@wokúa @@nyɛ́núvɔɛ nɔ́ a @@dámɛ
kɛlɛ yɛ trǎdɔdɔ mɛ koɔ,	kɛlɛ yɛ trǎ @@dɔ @@dɔ mɛ ko @@ɔ
bebetsu kikũ,	be @@be @@tsu ki @@kũ
Otsí kikũɔ ónú babayɛ̌ bɔdɔ̃ elú kɔ́ kegbuɔ,	otsí ki @@kũ @@ɔ ónú ba @@ba @@yɛ̌ bɔ @@dɔ̃ e @@lú kɔ́ ke @@gbu @@ɔ
batébabɔ kɛblɔ́mí nɛ́ ɔma mɛ.	ba @@té @@ba @@bɔ kɛ @@blɔ́mí nɛ́ ɔ @@ma mɛ
gɛ onu bɔdɔ̃ tá anɔ gɛ	gɛ o @@nu bɔ @@dɔ̃ tá a @@nɔ gɛ
ɔpɛ osí ɔlɛ́ gũ pɛ otsu	ɔ @@pɛ o @@sí ɔ @@lɛ́ gũ pɛ o @@tsu
so ónúpɛ kelí azǎ nɔ,	so ónúpɛ ke @@lí a @@zǎ nɔ
lṹ ɔ,	lṹ ɔ
etsǐɛ bavɔbɔ́ɛ békeɛ	e @@tsǐ @@ɛ ba @@vɔbɔ́ @@ɛ béke @@ɛ
baplɛ́nɔ amánkraɖo nɔ́.	ba @@plɛ́nɔ a @@mánkraɖo nɔ́
ezebekú ayɛ̌ telí mɛ,	e @@ze @@be @@kú a @@yɛ̌ telí mɛ
yɛ ogũ ɔ otɔ ɔlɛ́	yɛ o @@gũ ɔ o @@tɔ ɔ @@lɛ́
anɔ́dzyramɛ shú.	a @@nɔ́dzyramɛ shú
aa tsyáló bawá ekpe,	aa tsyáló ba @@wá e @@kpe
pɛ bebeyi ɔwɛ̃	pɛ be @@be @@yi ɔ @@wɛ̃
idzidze lɔkɔ dã,	i @@dzidze lɔkɔ dã
sɛ̃́ɛ̃́ ko ezekóéyi ba.	sɛ̃́ɛ̃́ ko e @@ze @@kóéyi ba
ɔmɔ sɛ ayɔrɔ,	ɔ @@mɔ sɛ a @@yɔrɔ
kɛlɛ aáwɛ̃,	kɛlɛ a @@á @@wɛ̃
ɛhɛ́ɛ,	ɛhɛ́ɛ
err	err
ewunɔ ɔhɔɛ nɛ́ títí,	e @@wunɔ ɔ @@hɔɛ nɛ́ títí
pɛ ansɛ ekusíɛ́ pɛ bedzǔ ekusíɛ́,	pɛ ansɛ e @@kusí @@ɛ́ pɛ be @@dzǔ e @@kusí @@ɛ́
kliso blɔ Okúɔ́ mɛ gɛ budzǐ nɛ́ kɛ́lɛ,	kliso blɔ Okú @@ɔ́ mɛ gɛ bu @@dzǐ nɛ́ kɛ́lɛ
kitsu,	ki @@tsu
klɛ adzɛ̃ tsyɛ́ aba,	klɛ a @@dzɛ̃ tsyɛ́ a @@ba
ɔ	ɔ
Yɛ agbana olɔ,	yɛ a @@gbana o @@lɔ
éwunɔ butúɔ́,	é @@wunɔ bu @@tú @@ɔ́
So alɛ́ nɔ́ abha bɔka tsiɖí.	so alɛ́ nɔ́ a @@bha bɔ @@ka ka @@tsiɖi
alɛ́ mɛ.	alɛ́ mɛ
Wonɔ epíɛ́	wonɔ ke @@pí @@ɛ́
ɛklɛ mɛmɔ sɛ́,	ɛ @@klɛ mɛ @@mɔ sɛ́
Gɛ kinu ɔkɔ nɛ́ ɔma shú,	gɛ ki @@nu ɔ @@kɔ nɛ́ ɔ @@ma shú
Kã́ kana bɔ lɔkɔ lɛ Okúɔ́ mɛ nɛ́ kɛ́lɛ.	kã́ kana bɔ lɔkɔ lɛ Okú @@ɔ́ mɛ nɛ́ kɛ́lɛ
butínyí,	bu @@tí @@nyí
amɔ́ lɔtú,	a @@mɔ́ lɔ @@tú
Kɛlɛ batɔɖɔ wɔ́ kúnú,	kɛlɛ ba @@tɔɖɔ wɔ́ kúnú
akɔ́ alɛ,	a @@kɔ́ a @@lɛ
klɛ dzyosu edzebéle nɛ́ wɔ shumɛ,	klɛ dzyosu e @@dze @@béle nɛ́ wɔ shumɛ
éwunɔ butúɔ́,	é @@wunɔ bu @@tú @@ɔ́
nɛ́ Banyá,	nɛ́ Banyá
ɛdzɛ́kɛ̄,	ɛ @@dzɛ́kɛ̄
ɛklɛ pétéé gɛ baágã alɛ,	ɛ @@klɛ pétéé gɛ ba @@á @@gã a @@lɛ
kitsu,	ki @@tsu
éwunɔ butúɔ́,	é @@wunɔ bu @@tú @@ɔ́
Oxomɛ gbogbǒ ɔ mɛ.	Oxomɛ gbogbǒ ɔ mɛ
sɛ tɛ azɛagbana ɔlɔ,	sɛ tɛ a @@zɛ @@a @@gbana ɔ @@lɔ
bakɔ́ akakála akála,	ba @@kɔ́ a @@kakála a @@kála
nɛ́ bawá mɛ,	nɛ́ ba @@wá mɛ
kivũɔ́,	ki @@vũ @@ɔ́
pétéé ko,	pétéé ko
Kɛlɛso pɛ asɔlɛ otsíɛ́.	kɛlɛso pɛ a @@sɔlɛ otsíɛ́
obúɔ́ baágbana wɔ	o @@búɔ́ ba @@á @@gbana wɔ
bazɛ abatɔ bɔdɔ̃ kɛbɔɛ bulíí	ba @@zɛ a @@ba @@tɔ bɔ @@dɔ̃ kɛ @@bɔɛ bulíí
bɔbhɛtɛ ɔlɛ́,	bɔ @@bhɛtɛ ɔ @@lɛ́
anuvɔ bulíí	a @@nuvɔ bulíí
ee kɛlɛ tsyɛ́ kɛlɛ nɛɛ́lɛ́,	ee kɛlɛ tsyɛ́ kɛlɛ nɛɛ́lɛ́
bɔbhɛtɛ ɛlɛ́ bekeɛ́,	bɔ @@bhɛtɛ ɛ @@lɛ́ beke @@ɛ́
tabha bekedě ɛklɛ́ tsyɛ́,	ta @@bha be @@ke @@dě ɛ @@klɛ́ tsyɛ́
gɛ abakɔ́ sɛ betsí	gɛ a @@ba @@kɔ́ sɛ be @@tsí
klɛ balɛ tsyɛ́ bezhǐ abá kɛ́lɛ	klɛ balɛ tsyɛ́ be @@zhǐ a @@bá kɛ́lɛ
mɛ,	mɛ
édzeéwu,	é @@dze @@é @@wu
bɔbhɛtɛ yɛ	bɔ @@bhɛtɛ yɛ
ɔbhɛtɛ ɔlɛ bhúlí nɔ́,	ɔ @@bhɛtɛ ɔ @@lɛ bhúlí nɔ́
ɔbɔbhɛtɛ ɔlɛ bhúlí gbã́.	ɔ @@bɔ @@bhɛtɛ ɔ @@lɛ bhúlí gbã́
eféké ansɛ eyí,	e @@féké ansɛ e @@yí
flógo tɛ babhɛtɛ yɛ kɛgɔ yǐ	flógo tɛ ba @@bhɛtɛ yɛ kɛ @@gɔ yǐ
bɔɔ́ŋa bɔdɔ̃ nɛ́ balɛ kishi,	bɔ @@ɔ́ @@ŋa bɔ @@dɔ̃ nɛ́ balɛ ki @@shi
kɛlɛ tɛxɔ̃ɛ tɛwɔ̃nɔ ɛdɔ̃ tilí lí kɛ́lɛ	kɛlɛ tɛ @@xɔ̃ɛ tɛ @@wɔ̃nɔ ɛ @@dɔ̃ tilí lí kɛ́lɛ
gaké ɔmɔ bulĩ́ɛ́ pétéé batɛ́bágɛ beyuku,	gaké ɔ @@mɔ bu @@lĩ́ @@ɛ́ pétéé ba @@tɛ́ @@bágɛ be @@yuku
koɔ,	ko @@ɔ
esí,	kesí
blɔ nɛ befualɛ́ blɔ kpɛ́ ɛhɔɛ	blɔ nɛ be @@fu @@alɛ́ blɔ kpɛ́ ɛ @@hɔɛ
anyɛ́núvɔɛ nɔ́ etsyina bamɛ,	a @@nyɛ́núvɔɛ nɔ́ e @@tsyina bamɛ
kɛbhɛtɛ gɛ bɔbabhɛtɛ pɛ	kɛ @@bhɛtɛ gɛ bɔ @@ba @@bhɛtɛ pɛ
egbogbǒ ɔ tatá pétéé mɛ.	e @@gbogbǒ ɔ tatá pétéé mɛ
buluhũ̌,	bu @@luhũ̌
babakɔ́ɛ kɛpɔtɛ́	ba @@ba @@kɔ́ @@ɛ kɛ @@pɔtɛ́
bunuɔ bɔgagãlĩ,	bu @@nu @@ɔ bɔ @@gagãlĩ
anyádawɛ̃ bulĩ́ɛ́ ko,	a @@nyá @@da @@wɛ̃ bu @@lĩ́ @@ɛ́ ko
gaké kumɛ ɛhɛ́ɛ yenu kinyéɛ́ kóŋ́.	gaké kumɛ ɛhɛ́ɛ ye @@nu ki @@nyé @@ɛ́ kóŋ́
edewokú yɛ oli nɔ́ abha,	e @@de @@wokú yɛ o @@li nɔ́ a @@bha
ɛɖɔ sɛ ɛbaɖɔ kibúí tilí	ɛ @@ɖɔ sɛ ɛ @@ba @@ɖɔ ki @@búí tilí
adzɛ̃ɛ́ ebetéŋú alɔkɔ watch	a @@dzɛ̃ @@ɛ́ e @@be @@téŋú a @@lɔkɔ watch
kelĩkekpu elɛ́ kesíɛ́,	ke @@lĩkekpu e @@lɛ́ ke @@sí @@ɛ́
bebedzǔ ekusí akɔ́ lɔ	be @@be @@dzǔ e @@kusi a @@kɔ́ lɔ
kɛlɛ kɛhĩa kɔ́ kɛɖaŋu é,	kɛlɛ kɛ @@hĩa kɔ́ kɛ @@ɖaŋu é
tenukpó,	tenukpó
ɔkpɛ́ ahɔɛ	ɔ @@kpɛ́ a @@hɔɛ
pɛ ababalɛ	pɛ a @@ba @@balɛ
anɛ kizĩzĩ bhlatɔ nána,	a @@nɛ ki @@zĩzĩ bhlatɔ nána
tɛbaba mɛ,	tɛ @@ba @@ba mɛ
kɛ gɛ ɛzɛmɔ bɔbhla,	kɛ gɛ ɛ @@zɛ @@mɔ bɔ @@bhla
obúɔ́ baágbana wɔ	o @@búɔ́ ba @@á @@gbana wɔ
sɛ tɛ bɔwa,	sɛ tɛ bɔ @@wa
amɔ́ lɔtu,	a @@mɔ́ lɔ @@tu
wɔ ɔgɔnɛ́ɛ́ ebéle	wɔ ɔ @@gɔnɛ́ @@ɛ́ e @@béle
alɛ otsíɛ́,	a @@lɛ otsíɛ́
err tɛlɛ́ besheshe azã.	err tɛ @@lɛ́ be @@sheshe a @@zã
eyíɛ́	e @@yí @@ɛ́
bawá nɔ́ nɔ́ gɛ azɛ azhĩá	ba @@wá nɔ́ nɔ́ gɛ a @@zɛ a @@zhĩá
Bɔkɔ́ alɛ ɔgã	bɔ @@kɔ́ a @@lɛ ɔ @@gã
Klisoɔ bɔlɔ kelĩ́ɛ́ alɛ shú	kliso @@ɔ bɔlɔ ke @@lĩ́ @@ɛ́ a @@lɛ shú
bezebetsodzi abá	be @@ze @@be @@tsodzi a @@bá
adzɛ̃ɛ́ yɛ alɔkɔɛ	a @@dzɛ̃ @@ɛ́ yɛ a @@lɔkɔ @@ɛ
ee so kana ko kɛlɛnu kibúíɛ́,	ee so kana ko kɛlɛ @@nu ki @@búí @@ɛ́
yɛ meklu nɛ́ klɛ,	yɛ me @@klu nɛ́ klɛ
ekusí vɔvɔ gɛ bebedzǔ ɔ yɛ	e @@kusí vɔvɔ gɛ be @@be @@dzǔ ɔ yɛ
kɛlɛ bebetsyina kpɛ́ Tingbě mɛ	kɛlɛ be @@be @@tsyina kpɛ́ Tingbě mɛ
bɔŋa alɛ́,	bɔ @@ŋa a @@lɛ́
ɛyikɛ ŋa sɛ err balɛ lɛ balɛ nu bawá vévě gɛ err err ɛɛ́bhɛtɛ.	ɛ @@yikɛ ŋa sɛ err balɛ lɛ balɛ nu ba @@wá vévě gɛ err err ɛ @@ɛ́ @@bhɛtɛ
Klɛ ónúpɛ bɔsɛ wa ɔmaxwɛ̃,	klɛ ónúpɛ bɔ @@sɛ wa ɔ @@ma @@xwɛ̃
ké,	ké
ónúpɛ bukú sɔlɛmɛ ɛ,	ónúpɛ bu @@kú sɔlɛmɛ ɛ
fakɔ́ err...	fakɔ́ err
etsǐɛ bavɔbɔ́ɛ békeɛ	e @@tsǐ @@ɛ ba @@vɔbɔ́ @@ɛ béke @@ɛ
agɛbaáwɛ̃ bulĩ nɛ	a @@gɛ @@ba @@á @@wɛ̃ bu @@lĩ nɛ
bekú ɔkɔ́ tolí nɛ́ kelĩkekpu ɔ́ bha ko,	be @@kú ɔ @@kɔ́ tolí nɛ́ ke @@lĩkekpu ɔ́ bha ko
anɛ fóto telí gɛ bebevũ	a @@nɛ fóto telí gɛ be @@be @@vũ
bazɛ abamɔ ebú ɔ́	ba @@zɛ a @@ba @@mɔ e @@bú ɔ́
lɔ ɛhɛ́ɛ,	lɔ ɛhɛ́ɛ
gɛ anɔ etsǐɛ,	gɛ a @@nɔ e @@tsǐ @@ɛ
nɛ err Bamálɛ̃́,	nɛ err Bamálɛ̃́
otsí adzɛ̃̌ okóéyi nɛ́ bɔpã́ mɛ ɛ	otsí a @@dzɛ̃̌ o @@kóéyi nɛ́ bɔ @@pã́ mɛ ɛ
kana kibúíɛ́ lɛ́,	kana ki @@búí @@ɛ́ lɛ́
yoo,	yoo
pɛ buúshwí	pɛ bu @@ú @@shwí
pɛ akp' ozĩ ko,	pɛ a @@kpɛ́ o @@zĩ ko
kɛlɛ yɛ shudzya pétéé nɔ́ bɔbazã piapíí,	kɛlɛ yɛ shudzya pétéé nɔ́ bɔ @@ba @@zã piapíí
kpasí	kpasí
ɛklɛ́ bekú ko klɛ anyɛ́núvɔɛ nɔ́	ɛ @@klɛ́ be @@kú ko klɛ a @@nyɛ́núvɔɛ nɔ́
tenikpó tenikpó,	te @@nikpó te @@nikpó
mɛ ko,	mɛ ko
yɛ tsyɛ́ nɛɛ́lɛ.	yɛ tsyɛ́ nɛɛ́lɛ
kã́ kɛdɔ̃ nɔ́ gɛ ɛmɔ kɛlɛ nɛɛ́lɛ́.	kã́ kɛ @@dɔ̃ nɔ́ gɛ ɛ @@mɔ kɛlɛ nɛɛ́lɛ́
otsí bɔmɔ bulĩ́ɛ́ pɛ kɛbɔɛ bɔɛ bɔɛ	otsí bɔ @@mɔ bu @@lĩ́ @@ɛ́ pɛ kɛ @@bɔɛ bɔɛ bɔɛ
ɔmɔɛ akaábá,	ɔ @@mɔ @@ɛ a @@ka @@á @@bá
ka gɛ ibhoso lɔkɔ,	ka gɛ i @@bhoso lɔkɔ
ɔwlago ɔlɛ kibéle.	ɔ @@wlago ɔ @@lɛ ki @@béle
mɛ,	mɛ
veviétɔ blɔ adzɛ̃̌	veviétɔ blɔ a @@dzɛ̃̌
yálɛ yenu kantsě yɛ mɛ bakpɛ́ bunuɔ,	yálɛ ye @@nu kantsě yɛ mɛ ba @@kpɛ́ bu @@nu @@ɔ
pɛ ebú ɔ́ xɔ̃́nɔ́ ebelɛ́ yɛ ɔbha,	pɛ e @@bú ɔ́ xɔ̃́nɔ́ e @@be @@lɛ́ yɛ ɔ @@bha
besí shú,	be @@sí shú
adá	a @@dá
Klisoɔ gɛ bɔlɛ kɛ́lɛ,err nɛ́ dzíɖuɖu nɔ́ yɛ kinyé mɛ,	kliso @@ɔ gɛ bɔ @@lɛ kɛlɛerr nɛ́ dzíɖuɖu nɔ́ yɛ ki @@nyé mɛ
So blɔ tsyɛ́ batrugbuɔ bayɛkɛ	so blɔ tsyɛ́ ba @@trugbu @@ɔ ba @@yɛkɛ
flógo pɛ kawlãkɛ́ bá.	flógo pɛ ka @@wlãkɛ́ bá
kã́ bɔ lɔkɔ kɔ́ adzɛ̃̌ kɛpɔtɛ́ nɔ́ é.	kã́ bɔ lɔkɔ kɔ́ a @@dzɛ̃̌ kɛ @@pɔtɛ́ nɔ́ é
banɔ nɔ́ badakpɛ́ bɔdɔ̃ nɛ́	ba @@nɔ nɔ́ ba @@da @@kpɛ́ bɔ @@dɔ̃ nɛ́
alɛ ko nɔɖɔ álɛ́.	a @@lɛ ko nɔ @@ɖɔ álɛ́
gɛ balɔkɔ anyá obhia nɔ nɔ,	gɛ ba @@lɔkɔ a @@nyá o @@bhia nɔ nɔ
bagã plɛnɔ ɔlɔ́,	ba @@gã plɛnɔ ɔlɔ́
aplɛ́nɔ amánkraɖo nɔ́ nɛ́ blɔ Banyá,	a @@plɛ́nɔ a @@mánkraɖo nɔ́ nɛ́ blɔ Banyá
kpɛ́ɛ ko,	kpɛ́ @@ɛ ko
olɔ pétéé otsíɛ́	o @@lɔ pétéé otsíɛ́
atɔɖɔ kúnú	a @@tɔɖɔ kúnú
otsí budzyuɖíɛ́ nɛ yɛ yuyu ɔ tsyɛ́,	otsí bu @@dzyuɖí @@ɛ́ nɛ yɛ yuyu ɔ tsyɛ́
ti bisibisi tilí lɛ́ yɛ ahɔɛ ebisi ko	ti bisi @@bisi tilí lɛ́ yɛ a @@hɔɛ e @@bisi ko
bɔmɔ samɛ sɛ bulĩ́ɛ́ bɔbá	bɔ @@mɔ samɛ sɛ bu @@lĩ́ @@ɛ́ bɔ @@bá
zɛzɛ̃̌ avɛnɔ,	zɛzɛ̃̌ a @@vɛ @@nɔ
alɔkɔ elu kesiakpá nɛ́ buvũɔ	a @@lɔkɔ e @@lu ke @@siakpá nɛ́ bu @@vũ @@ɔ
ɔbɔzã ansɛ ɛgɔnɛ tɛbha.	ɔ @@bɔ @@zã ansɛ ɛ @@gɔnɛ tɛ @@bha
ɔ,	ɔ
pɛ buúshwí	pɛ bu @@ú @@shwí
ɔ,	ɔ
err Begbe nɛ befu gɛ bedě betelí edě Hahuté,	err Begbe nɛ be @@fu gɛ be @@dě be @@telí e @@dě Hahuté
mɛ nɛ́ klɛ́,	mɛ nɛ́ klɛ́
bawá,	ba @@wá
buklǔ Agbɔ,	bu @@klǔ a @@gbɔ
ko kã́ ɔzɛ ɔkpɛ́ atoró é,	ko kã́ ɔ @@zɛ ɔ @@kpɛ́ a @@toró é
lɔkɔ kpɛ́ kókó mɛ kɔ́ anuvɔ,	lɔkɔ kpɛ́ kókó mɛ kɔ́ a @@nuvɔ
kɛlɛ kã́ ozĩ̌ loyié	kɛlɛ kã́ o @@zĩ̌ lo @@yi @@é
Klɛ bashɛ̃ yenu err gbã́tɔ nɔ́.	klɛ ba @@shɛ̃ ye @@nu err gbã́tɔ nɔ́
klɛ yɛ shumɛ benyíbe abadɔ trǎ	klɛ yɛ shumɛ benyíbe a @@ba @@dɔ trǎ
baka tilí,	baka tilí
busí eyuyu ɔ nɛ́ klɛ́,	bu @@sí e @@yuyu ɔ nɛ́ klɛ́
bɔdɔ̃ nɔ́ abha.	bɔ @@dɔ̃ nɔ́ a @@bha
ɛrr ebú ɔ́ apɛ asɛ asɔkɛ́	ɛrr e @@bú ɔ́ a @@pɛ a @@sɛ a @@sɔkɛ́
baŋa bɔdɔ̃ lɛ́ békeɛ	ba @@ŋa bɔ @@dɔ̃ lɛ́ béke @@ɛ
so adzɛ̃ɛ́ ezurú watch ɛ́	so a @@dzɛ̃ @@ɛ́ e @@zurú watch ɛ́
So blɔ pétéé nɔ́ bɔɔ́kpɛ́ ɛhɔɛ	so blɔ pétéé nɔ́ bɔ @@ɔ́ @@kpɛ́ ɛ @@hɔɛ
kpasɛ yɛ mɛɛ,	kpasɛ yɛ mɛ @@ɛ
gaké batɛ́kaábhɛtɛ ɛ-lɛ ansɛ tsã́,	gaké ba @@tɛ́ @@ka @@á @@bhɛtɛ ɛ @@lɛ ansɛ tsã́
pɛ kizĩzĩ kɛnyákakɛtɛ́babá	pɛ ki @@zĩzĩ kɛ @@nyákakɛ @@tɛ́ @@ba @@ba
basɛ babakɔ́ asɛ bɔ bɔbhɛtɛ	ba @@sɛ ba @@ba @@kɔ́ a @@sɛ bɔ bɔ @@bhɛtɛ
pɛ kibúí nyɛ́ búí tɛ́babá	pɛ ki @@búí nyɛ́ búí tɛ́ @@ba @@bá
nɛ oŋúsɛ̃́ nɔ́nɔ́ gɛ akɔ́ ɔlɔ	nɛ o @@ŋúsɛ̃́ nɔ́ @@nɔ́ gɛ a @@kɔ́ ɔ @@lɔ
alɔkɔ mana	a @@lɔkɔ mana
ahĩ́á ŋútɔ́	a @@hĩ́á ŋútɔ́
kpasí,	kpasí
yoo,	yoo
pɛ babawa kúnú,	pɛ ba @@ba @@wa kúnú
gɛ asɛ bɔ́ lɔ́kɔ wa axwɛ̃ nɔ,	gɛ a @@sɛ bɔ lɔkɔ wa a @@xwɛ̃ nɔ
aa kana blɔ elĩalɛ́ akasɛ́ ɔlɔ́ pɛ	aa kana blɔ e @@lĩ @@alɛ́ a @@kasɛ́ ɔlɔ́ pɛ
so otsíɛ́ basɛ err err nɛ́ Begbe salí nɔ́	so otsíɛ́ ba @@sɛ err err nɛ́ Begbe salí nɔ́
Akumawú,	akumawú
flógo pɛ amánkraɖo nɔ́ edě kampɛ	flógo pɛ a @@mánkraɖo nɔ́ e @@dě ka @@mpɛ
kã́ bɔvɛ abha é,	kã́ bɔ @@vɛ a @@bha é
So blɔ tsyɛ́ bɔdě balɛ kishi.	so blɔ tsyɛ́ bɔ @@dě balɛ ki @@shi
ɔsɛ asɛnɛ́,	ɔ @@sɛ a @@sɛnɛ́
ee otsíɛ́ ɛ bavɛ err besíɛ́ nɛ	ee otsíɛ́ ɛ ba @@vɛ err be @@sí @@ɛ́ nɛ
kɛlɛ bebetsyina kpɛ́ Tingbě mɛ	kɛlɛ be @@be @@tsyina kpɛ́ Tingbě mɛ
blɔ tsyɛ́ bɔsɛ aa,	blɔ tsyɛ́ bɔ @@sɛ aa
koɔ,	ko @@ɔ
okolũ okolṹ	o @@ko @@lũ o @@ko @@lṹ
ɔsɛ asɛnɛ́	ɔ @@sɛ a @@sɛnɛ́
xɔ̃́nɔ́ wɔ́ Banyá nɛ́ ɛklɛ.	xɔ̃́nɔ́ wɔ́ Banyá nɛ́ ɛ @@klɛ
kɛlɛ bɔbatɔɖɔ ketsukpuɔ gazé nɔ́ nɛ́ kifú,	kɛlɛ bɔ @@ba @@tɔɖɔ ke @@tsukpu @@ɔ gazé nɔ́ nɛ́ ki @@fú
blɔ batrugbuɔ akányáka	blɔ ba @@trugbu @@ɔ a @@kányáka
bladzǒ kuráte kelitakpú,	bladzǒ kuráte ke @@li @@takpú
baba klɛ́ baba bagbana wɔ lɔkɔ	ba @@ba klɛ́ ba @@ba ba @@gbana wɔ lɔkɔ
gɛ bɔbhɛtɛ kibúí tinikpó,	gɛ bɔ @@bhɛtɛ ki @@búí ti @@nikpó
olũ?	o @@lũ
kɛlɛ kiwi lɛ bakpɛ́ kúnú kesí,	kɛlɛ ki @@wi lɛ ba @@kpɛ́ kúnú ke @@sí
ɛrr baábhɛtɛ alɛ,	ɛrr ba @@á @@bhɛtɛ a @@lɛ
sɛ obúɔ́ kishu ɔ́ bɔbashɔ̃ nɛ́ klɛ,	sɛ o @@búɔ́ ki @@shu ɔ́ bɔ @@ba @@shɔ̃ nɛ́ klɛ
bedě nɛ́ Banyá.	be @@dě nɛ́ Banyá
banɔ nɔ́ badakpɛ́ bɔdɔ̃ nɛ́	ba @@nɔ nɔ́ ba @@da @@kpɛ́ bɔ @@dɔ̃ nɛ́
ɛhɛ́ɛ bulĩ́ɛ́ bubéle ko,	ɛhɛ́ɛ bu @@lĩ́ @@ɛ́ bu @@béle ko
tseɖé olɔ asɛ	tseɖé o @@lɔ a @@sɛ
Bayɛ̌ lú kedulũ ɔ́ pétéé,	ba @@yɛ̌ lú ke @@dulũ ɔ́ pétéé
piapíí	piapíí
err ɛbatóŋú ɛbatóŋú	err ɛ @@ba @@tóŋú ɛ @@ba @@tóŋú
ɔbɔba alɛ,	ɔ @@bɔ @@ba a @@lɛ
olũ?	o @@lũ
babatɔ bɔlɔ pétéé bɔbaŋa nɛ́ bɔpã́ mɛ	ba @@ba @@tɔ bɔlɔ pétéé bɔ @@ba @@ŋa nɛ́ bɔ @@pã́ mɛ
bɔlɔ ahɔɛ	bɔlɔ a @@hɔɛ
blɔ kibúí gagãlĩɛ́ kóŋ́ gɛ ɛlɛ blɔ	blɔ ki @@búí gagãlĩ @@ɛ́ kóŋ́ gɛ ɛlɛ blɔ
ɔkpɛ́ yɛ nɛ́ bawá mɛ ɛ,	ɔ @@kpɛ́ yɛ nɛ́ ba @@wá mɛ ɛ
kɛ-lɛ Begbe kesí.	kɛ @@lɛ Begbe ke @@sí
mahógani,	mahógani
betelí edě err Avɛnɔ.	be @@telí e @@dě err Avɛnɔ
ko,	ko
tɛbaba mɛ,	tɛ @@ba @@ba mɛ
klɛ ebú biskwit ɛ́,	klɛ e @@bú biskwit ɛ́
nɛ́ Banyá,	nɛ́ Banyá
anɔ́dzɛ̃ nɔ́,	a @@nɔ́dzɛ̃ nɔ́
Batrugbu ɔma ozhǐtámɛɛ́,	ba @@trugbu ɔ @@ma o @@zhǐtá @@mɛ @@ɛ́
akɔlɔ	a @@kɔlɔ
klɛ yɛ tsyɛ́ avɛ	klɛ yɛ tsyɛ́ a @@vɛ
babamana kikũ vɔvɔ nɛ́ ɔma mɛ.	ba @@ba @@mana ki @@kũ vɔvɔ nɛ́ ɔ @@ma mɛ
Bawɛ̃ bulĩ́ kpɛkpɛ́ békeɛ,	ba @@wɛ̃ bu @@lĩ́ kpɛkpɛ́ béke @@ɛ
ko,	ko
ko bɔvɔbɔ́ anɔ nɔ́ ko	ko bɔ @@vɔbɔ́ a @@nɔ nɔ́ ko
ko blɔ tsyɛ́ bɔgbana ɔma,	ko blɔ tsyɛ́ bɔ @@gbana ɔ @@ma
bɔbagbã é,	bɔ @@ba @@gbã é
Yoo tsyámi kana baáɖɔ,	yoo tsyámi kana ba @@á @@ɖɔ
so otsíɛ́ tsyɛ́ baábhɛtɛ ɛlɛ́,	so otsíɛ́ tsyɛ́ ba @@á @@bhɛtɛ ɛ @@lɛ́
atɛ́banyá ɛkɔ tɛta	a @@tɛ́ @@ba @@nyá ɛ @@kɔ tɛ @@ta
Gaké nɛ́ titsyitsyina vɔvɔ gɛ bá mɛ,	gaké nɛ́ ti @@tsyitsyina vɔvɔ gɛ bá mɛ
bezebedzi kplɔ̃ nɔ́ shú.	be @@ze @@be @@dzi kplɔ̃ nɔ́ shú
kɔ́xóé nɔ́ dza?,	kɔ́xóé nɔ́ dza
yɔdǒ nɛ́ kɛ́lɛ otsí alɛ.	yɔdǒ nɛ́ kɛlɛ otsí a @@lɛ
ee yálɛ akpasɛ kelitúɔ.	ee yálɛ a @@kpasɛ ke @@litú @@ɔ
yálɛ yenu ɔbhia,	yálɛ ye @@nu ɔ @@bhia
koɔ,	ko @@ɔ
babí kábá.	ba @@bí kábá
tigegéné,	ti @@gegéné
yɛ akɔlɔ bɔdzya alɛ́ bulú	yɛ a @@kɔlɔ bɔ @@dzya a @@lɛ́ bu @@lú
mana kɔ́xóé nɔ́,	mana kɔ́xóé nɔ́
ko blɔ tsyɛ́ bɔgbana ɔma,	ko blɔ tsyɛ́ bɔ @@gbana ɔ @@ma
agã,	a @@gã
gɛ anɔ etsǐɛ,	gɛ a @@nɔ e @@tsǐ @@ɛ
adzɛ̃núvɔɛ nɔ́ ekóéyi,	a @@dzɛ̃núvɔɛ nɔ́ e @@kóéyi
bɔlɔ kɔ́ bɔkɔɔ,	bɔlɔ kɔ́ bɔkɔɔ
ónú anɔ koɔ gɛ enu anɔ	ónú a @@nɔ ko @@ɔ gɛ e @@nu a @@nɔ
yɛ watch ɛ́ ko yɛ ápɛ.	yɛ watch ɛ́ ko yɛ á @@pɛ
kɛlɛ bebetsyina kpɛ́ Tingbě mɛ	kɛlɛ be @@be @@tsyina kpɛ́ Tingbě mɛ
pɛ babawa kúnú,	pɛ ba @@ba @@wa kúnú
so bunu lɛ bɔɔ́kɔ nɛ́ klɛ,	so bu @@nu lɛ bɔ @@ɔ́ @@kɔ nɛ́ klɛ
bakaábhɛtɛ	ba @@ka @@á @@bhɛtɛ
ko anyɛ́núvɔɛ nɔ́ wokú busíɛ́ mɛ,	ko a @@nyɛ́núvɔɛ nɔ́ wokú bu @@sí @@ɛ́ mɛ
ansɛ akukɔlí dza,	ansɛ a @@kukɔlí dza
so kibui tilí lɛ́,	so ki @@bui tilí lɛ́
kalɛ tsyɛ́ aa ɛrr salí alɛ gɛ	ka @@lɛ tsyɛ́ aa ɛrr salí a @@lɛ gɛ
anɔ́dzyramɛ mɛ.	a @@nɔ́dzyramɛ mɛ
kɛlɛ xɔ̃́nɔ́ obisi kibúí lɛ ŋútɔ́,	kɛlɛ xɔ̃́nɔ́ o @@bisi ki @@búí lɛ ŋútɔ́
Kifúɔ gɛ ɛɛ́kpɛ́ otsíɛ́,	ki @@fú @@ɔ gɛ ɛ @@ɛ́ @@kpɛ́ otsíɛ́
babaákpɛ́ bɔdɔ̃ akɔ́ ɔlɔ́ nɛ́ klɛ́ nɛ́ bulĩ́ɛ́ mɛ,	ba @@ba @@á @@kpɛ́ bɔ @@dɔ̃ a @@kɔ́ ɔlɔ́ nɛ́ klɛ́ nɛ́ bu @@lĩ́ @@ɛ́ mɛ
bɔmɔ samɛ sɛ bulĩ́ɛ́ bɔbá	bɔ @@mɔ samɛ sɛ bu @@lĩ́ @@ɛ́ bɔ @@bá
bebekú ɔkɔ́ tolí koɔ,	be @@be @@kú ɔ @@kɔ́ tolí ko @@ɔ
Klɛ committee babá.	klɛ *committee ba @@bá
ada... err adalɔkɔ...	a @@da err a @@da @@lɔkɔ
ɔlɔ akpɛ́ batrugbu nɔ́	ɔ @@lɔ a @@kpɛ́ ba @@trugbu nɔ́
ee kɛlɛ tsyɛ́ kɛlɛ nɛɛ́lɛ́,	ee kɛlɛ tsyɛ́ kɛlɛ nɛɛ́lɛ́
Yoo	yoo
baba klɛ́ baba bagbana wɔ lɔkɔ	ba @@ba klɛ́ ba @@ba ba @@gbana wɔ lɔkɔ
klɛ edzidze abazã kesí,	klɛ e @@dzidze a @@ba @@zã kesí
ɛbatɔ̃ ɔlɛ,	ɛ @@ba @@tɔ̃ ɔ @@lɛ
Gɛ ónúpɛ ɔmɔ ko ɔŋa koɔ,	gɛ ónúpɛ ɔ @@mɔ ko ɔ @@ŋa ko @@ɔ
kɔ́ ɛ sɛ awɛ̃.	kɔ́ ɛ sɛ a @@wɛ̃
ee mayɛ́ tsyɛ́ kana yedzi	ee mɛ @@ayɛ́ tsyɛ́ kana ye @@dzi
yoo tsyámi ɔlɛ́?	yoo tsyámi ɔ @@lɛ́
abhɛtɛ dawadáwá nɔ́	a @@bhɛtɛ dawadáwá nɔ́
pɛ beklu mɛ ana batrugbu	pɛ be @@klu mɛ ana ba @@trugbu
kɛlɛnu sɛ gɛ bedzǔ ekusíɛ́,	kɛlɛ @@nu sɛ gɛ be @@dzǔ e @@kusí @@ɛ́
wɔ tsyɛ́ ɔɖɔɛ	wɔ tsyɛ́ ɔ @@ɖɔ @@ɛ
dénɔ egbogbǒ ɔ́ pétéé mɛ,	dénɔ e @@gbogbǒ ɔ́ pétéé mɛ
bɔlɛ abha.	bɔ @@lɛ a @@bha
kɛba..	kɛ @@ba
gɛ butoró,	gɛ bu @@toró
otsí bawɛ̃ bunu nɔ́ ana	otsí ba @@wɛ̃ bu @@nu nɔ́ ana
ɔ́	ɔ́
ee,	ee
Máwú eyi apɔ̃́ dɔ̌ ko,	Máwú e @@yi a @@pɔ̃́ dɔ̌ ko
kɛlɛ obofatɛe.	kɛlɛ o @@bo @@fatɛ @@e
kɛgã gɛ ɔbɔgã pɛ	kɛ @@gã gɛ ɔ @@bɔ @@gã pɛ
ahɔɛ aló kibúí vévě nɔ́,	a @@hɔɛ aló ki @@búí vévě nɔ́
ekusíɛ́ etsǐ	e @@kusí @@ɛ́ e @@tsǐ
ti bisibisi tilí lɛ́ yɛ ahɔɛ ebisi ko	ti bisi @@bisi tilí lɛ́ yɛ a @@hɔɛ e @@bisi ko
so otsíɛ́ tsɔ̃ɔ̃ gɛ ɔwlago ɔlɛ	so otsíɛ́ tsɔ̃ɔ̃ gɛ ɔ @@wlago ɔ @@lɛ
Asɛ Okúɔ́ mɛɛɛ́bá.	a @@sɛ Okú @@ɔ́ mɛɛ @@ɛ́ @@bá
yɛ balɔkɔ bú kɛfɔ nɛ́ bulitúɔ́.	yɛ ba @@lɔkɔ bú kɛfɔ nɛ́ bu @@litú @@ɔ́
blɔ batrugbu ɔ shú	blɔ ba @@trugbu ɔ shú
abha	a @@bha
ɛɛ́kpɛ́ ɛlɛ sɛ tɛ mɛtɔ ɔbhíá	ɛ @@ɛ́ @@kpɛ́ ɛlɛ sɛ tɛ mɛ @@tɔ ɔ @@bhíá
kɛlɛ adalɛ̃ buvũɔ,	kɛlɛ a @@dalɛ̃ bu @@vũ @@ɔ
kitsu,	ki @@tsu
ɛklɛ́ gɛ bezebekú ko,	ɛ @@klɛ́ gɛ be @@ze @@be @@kú ko
babaɖɔ sɛ bebolé kɛpɔtɛ́.	ba @@ba @@ɖɔ sɛ be @@bolé kɛ @@pɔtɛ́
anɛ fóto telí gɛ bebevũ	a @@nɛ fóto telí gɛ be @@be @@vũ
sɛ tɛ anɔ́dzyramɛ aáwɛ̃	sɛ tɛ a @@nɔ́dzyramɛ a @@á @@wɛ̃
betsíɛ́,	be @@tsi @@ɛ́
bɔɔ́kɔ́ nɛ́ kishú yɔ́ mɛ,	bɔ @@ɔ́ @@kɔ́ nɛ́ ki @@shú yɔ́ mɛ
iíklǔ ɔ,	i @@í @@klǔ ɔ
klɛ balɛ tsyɛ́ bezhǐ abá kɛ́lɛ	klɛ balɛ tsyɛ́ be @@zhǐ a @@bá kɛ́lɛ
idzǔ,	i @@dzǔ
kráńtɛ hohoe ɔbɔ lɔkɔ plǔ bulíɛ́ nɔ́.	kráńtɛ hohoe ɔ @@bɔ lɔkɔ plǔ bu @@lí @@ɛ́ nɔ́
soɔ wonɔ tsyɛ́ nozɛóɖǐ lo ɛhɛ̃́ɛ̃,	so @@ɔ wonɔ tsyɛ́ no @@zɛ @@ó @@ɖǐ lo ɛhɛ̃́ɛ̃
kã́ loshe.	kã́ lo @@she
ama yɛ kúnú.	a @@ma yɛ kúnú
ɔkplɔ̃ nɔ́ abha,	ɔ @@kplɔ̃ nɔ́ a @@bha
Banyá mɛ.	Banyá mɛ
klɛ abá bulĩ́ ɛ́ shú,	klɛ a @@bá bu @@lĩ́ ɛ́ shú
wɔ́,	wɔ @@
bɔwá tulí,	bɔ @@wá tulí
lo,	lo
obokú ilɛ shi,	o @@bo @@kú i @@lɛ shi
osubha abha,	o @@subha a @@bha
kɛlɛ alɔkɔɛ.	kɛlɛ a @@lɔkɔ @@ɛ
kɛlɛ kifúɔ́ kɛbatsyɔ sɔlɛ,	kɛlɛ ki @@fú @@ɔ́ kɛ @@ba @@tsyɔ sɔlɛ
tɛwãwlãkɛ́ kpasɛ balɛ shi nɛ́ kampɛ	tɛ @@wã @@wlãkɛ́ kpasɛ balɛ shi nɛ́ ka @@mpɛ
Bɔbhla gɛ bezetsodzi abá,	bɔ @@bhla gɛ be @@ze @@tsodzi a @@bá
obohǔ,	o @@bo @@hǔ
akanyáka eébisi lɛ mɛ,	akanyáka e @@é @@bisi lɛ mɛ
sɛ kana tɔ́gbé aáɖɔ,	sɛ kana tɔ́gbé a @@á @@ɖɔ
ɔbɔ lɔkɔ ɔɖa tolí ɔlɔkɔ pú ozi nɛ́ kɛlɛ,	ɔ @@bɔ lɔkɔ ɔ @@ɖa tolí ɔ @@lɔkɔ pú o @@zi nɛ́ kɛlɛ
Kana bɔ lɔkɔ lɛ́	kana bɔ lɔkɔ lɛ́
babayɛkɛ epidzyá tenikpó nɛ kɛlɛ shú abha bunu	ba @@ba @@yɛkɛ e @@pidzyá te @@nikpó nɛ kɛlɛ shú a @@bha bu @@nu
kliso blɔ Okúɔ́ mɛ gɛ budzǐ nɛ́ kɛ́lɛ,	kliso blɔ Okú @@ɔ́ mɛ gɛ bu @@dzǐ nɛ́ kɛ́lɛ
Gɛ bɔmɔ samɛ sɛ bulĩ́ bá ɔlɔ	gɛ bɔ @@mɔ samɛ sɛ bu @@lĩ́ bá ɔ @@lɔ
tɛ alɔkɔ dzǐ ɔkɔ̃ɛ̃ nɛ ɛ	tɛ a @@lɔkɔ dzǐ ɔ @@kɔ̃ɛ̃ nɛ ɛ
bɔbabhɛtɛ ɛlɛ́,	bɔ @@ba @@bhɛtɛ ɛ @@lɛ́
klɛ ónúpɛ bɔsɛ wa ɔmaxwɛ̃,	klɛ ónúpɛ bɔ @@sɛ wa ɔ @@ma @@xwɛ̃
ahɔɛ aló kibúí vévě nɔ́,	a @@hɔɛ aló ki @@búí vévě nɔ́
bɔ lɔkɔ tɔ bɔwá nɔ́,	bɔ lɔkɔ tɔ bɔ @@wá nɔ́
budzyuɖí busíɛ́ gɛ beklu sɛ	bu @@dzyuɖí bu @@sí @@ɛ́ gɛ be @@klu sɛ
err oplǔ béke nɔ́,	err o @@plǔ béke nɔ́
pɛ ɔhɔɛ mɛ ɔlɛ́ alɛ	pɛ ɔ @@hɔɛ mɛ ɔ @@lɛ́ a @@lɛ
yoo,	yoo
Err blɔ Okúɔ́ mɛ blɔ pétéé budě	err blɔ Okú @@ɔ́ mɛ blɔ pétéé bu @@dě
otsí bawɛ̃ bunu nɔ́ ana	otsí ba @@wɛ̃ bu @@nu nɔ́ ana
pɛ kibúí nyɛ́ búí tɛ́babá	pɛ ki @@búí nyɛ́ búí tɛ́ @@ba @@bá
bɔbhɛtɛ yɛ	bɔ @@bhɛtɛ yɛ
ewunɔ betúɔ́ mɛ.	e @@wunɔ be @@tú @@ɔ́ mɛ
pɛ ɛtɛ́mɔ piapíí so ɔ,	pɛ ɛ @@tɛ́ @@mɔ piapíí so ɔ
err blɔ xɔ́nɔ́ kibuinyébui bhama	err blɔ xɔ́nɔ́ ki @@bui @@nye @@bui bha @@ma
ɔnyá ɔbhíá nɔ́ méke,	ɔ @@nyá ɔ @@bhíá nɔ́ méke
klɛ bɔlɛ egbogbǒ gbagbla tatá nɛ́ Banyá.	klɛ bɔ @@lɛ e @@gbogbǒ gbagbla tatá nɛ́ Banyá
tɛ kɛpɛ̃ kɔ́ lɔ	tɛ kɛ @@pɛ̃ kɔ́ lɔ
Kã́ kana bɔ lɔkɔ lɛ Okúɔ́ mɛ nɛ́ kɛ́lɛ.	kã́ kana bɔ lɔkɔ lɛ Okú @@ɔ́ mɛ nɛ́ kɛ́lɛ
bababhɛtɛ ákɔ́ wɔ́,	ba @@ba @@bhɛtɛ a @@kɔ́ wɔ @@
bebebú benu,	be @@be @@bú be @@nu
blɔ elĩalɛ́ akasɛ́ ɔlɔ́,	blɔ e @@lĩ @@alɛ́ a @@kasɛ́ ɔlɔ́
kɛlɛ bunuɔ bɔkabakú kɔ́	kɛlɛ bu @@nu @@ɔ bɔ @@ka @@ba @@kú kɔ́
anɔɔ	a @@nɔ @@ɔ
buziwu	bu @@zi @@wu
pɛ eéɖǐ osí nɔ́ kesí,	pɛ e @@é @@ɖǐ o @@sí nɔ́ ke @@sí
ebú ɔ ewunɔ titi,	e @@bú ɔ e @@wu @@nɔ titi
pɛ baámɔ samɛ nɛ́ eyíɛ́ shú	pɛ ba @@á @@mɔ samɛ nɛ́ e @@yí @@ɛ́ shú
pétéé ko,	pétéé ko
ɛdɛmɛ	ɛ @@dɛmɛ́
kliso kana butoró ɔlɛ́,	kliso kana bu @@toró ɔ @@lɛ́
gaké gɛ anɛ bɔmɔ mɛmɔ	gaké gɛ a @@nɛ bɔ @@mɔ mɛ @@mɔ
batɛ́gã bɔli edé,	ba @@tɛ́ @@gã bɔlɔ ke @@dé
So ebúí alɛ nɛ err ɔkɔ gɛ	so e @@búí a @@lɛ nɛ err ɔ @@kɔ gɛ
ama yɛ kúnú.	a @@ma yɛ kúnú
kɛlɛ balɛ pétéé belí klɛ́,	kɛlɛ balɛ pétéé be @@li klɛ́
bedě Begbe.	be @@dě Begbe
bɔlɛ tsyɛ́ bɔlɛ oŋúsɛ̃́ gɛ Máwú	bɔ @@lɛ tsyɛ́ bɔ @@lɛ o @@ŋúsɛ̃́ gɛ Máwú
bɔbha tenukpó pɛ́,	bɔ @@bha tenukpó pɛ́
flógo pɛ err babalɔ́ tenikpó	flógo pɛ err ba @@ba @@lɔ́ te @@nikpó
kɛklagbuɔ nɛ́ Eɖiɛwónɔ mɛ	kɛ @@klagbu @@ɔ nɛ́ Eɖiɛwónɔ mɛ
err bɔbakpɛ́ kesi nɛ́ dénɔ nɛ́	err bɔ @@ba @@kpɛ́ ke @@si nɛ́ dénɔ nɛ́
okolũ okolṹ	o @@ko @@lũ o @@ko @@lṹ
kiplukpá búlí telí gɛ ivũnɔ nɛ́ kɛ́lɛ,	ki @@plukpá búlí telí gɛ i @@vũnɔ nɛ́ kɛ́lɛ
gaké kɛtakpúɔ kitsiɖi kɛklagbu n' abha,	gaké kɛ @@takpú @@ɔ ki @@tsiɖi kɛ @@klagbu nɔ́ a @@bha
nɔ́ abha,	nɔ́ a @@bha
gɛ bɔbhɛtɛ nɛ kɛ́lɛ gɛ nu ɔkɔ	gɛ bɔ @@bhɛtɛ nɛ kɛ́lɛ gɛ nu ɔ @@kɔ
betíbeti	be @@tí @@be @@ti
ogimúnɔ ɛyá,	o @@gi @@múnɔ ɛ @@yá
blɔ nɛ befualɛ́ blɔ kpɛ́ ɛhɔɛ	blɔ nɛ be @@fu @@alɛ́ blɔ kpɛ́ ɛ @@hɔɛ
pɛ baábalɛ kɛbhwɛ̃ nɛ́ yɛ abha	pɛ ba @@á @@balɛ kɛ @@bhwɛ̃ nɛ́ yɛ a @@bha
anyádawɛ̃ bulĩ́ɛ́ ko,	a @@nyá @@da @@wɛ̃ bu @@lĩ́ @@ɛ́ ko
ti bisibisi tilí lɛ́ yɛ ahɔɛ ebisi ko	ti bisi @@bisi tilí lɛ́ yɛ a @@hɔɛ e @@bisi ko
baŋa bɔdɔ̃ lɛ́ békeɛ	ba @@ŋa bɔ @@dɔ̃ lɛ́ béke @@ɛ
ebewokú anyɛ́núvɔɛ nɔ́ adámɛ,	e @@be @@wokú a @@nyɛ́núvɔɛ nɔ́ a @@dámɛ
kepíɛ́,	ke @@pí @@ɛ́
ónúpɛ buwí bɔɔ́kpɛ́ wɔ oluhũ,	ónúpɛ bu @@wí bɔ @@ɔ́ @@kpɛ́ wɔ o @@luhũ
pɛ bakɔ bɔdɔ̃ koɔ,	pɛ ba @@kɔ bɔ @@dɔ̃ ko @@ɔ
Adzɛ̃̌ɛ́ alɔkɔɛ,	a @@dzɛ̃̌ @@ɛ́ a @@lɔkɔ @@ɛ
betelí ɔkɔkɔ́	be @@telí ɔ @@kɔkɔ́
klɛ kã́ bɔkɔ́ gbe,	klɛ kã́ bɔ @@kɔ́ gbe
kibúíɛ	ki @@búí @@ɛ
kibui gbã́tɔ nɔ́ gɛ Máwú akɔ́ flógo	ki @@bui gbã́tɔ nɔ́ gɛ Máwú a @@kɔ́ flógo
kɛlɛnu ɔzãkɔ́eleté aló	kɛlɛ @@nu ɔ @@zã @@kɔ́ @@e @@leté aló
pɛ axátsá pɛ elí,	pɛ a @@xátsá pɛ e @@lí
amɔ́ naálɛ,	a @@mɔ́ naálɛ
tsã́ bekusíɛ́, err tsyámi, ekusíɛ́, amánkraɖo balɛ tatá ko balɛ azã	tsã́ be @@kusí @@ɛ́ err tsyámi e @@kusí @@ɛ́ a @@mánkraɖo balɛ tatá ko balɛ a @@zã
yenu sɛ kelí ebéle,	ye @@nu sɛ ke @@lí e @@béle
budzyuɖíɛ́ ee bɔɔ́ŋa eyuyuɔ,	bu @@dzyuɖí @@ɛ́ ee bɔ @@ɔ́ @@ŋa e @@yuyu @@ɔ
Ko otsíɛ́ ɛlɔkɔ ɔbhíá nɔ́.	ko otsíɛ́ ɛ @@lɔkɔ ɔ @@bhíá nɔ́
gaké ɔmɔ bulĩ́ɛ́ pétéé batɛ́bágɛ beyuku,	gaké ɔ @@mɔ bu @@lĩ́ @@ɛ́ pétéé ba @@tɛ́ @@bágɛ be @@yuku
esí,	kesí
err aá ̃ŋlɔmɛ bɔdɔ̃ akpɛ́.	err a @@á ̃ŋlɔmɛ bɔ @@dɔ̃ a @@kpɛ́
lɔsɔlɛ ko,	lɔ @@sɔlɛ ko
sɛ kɛvlɔ̌ ɛ-lɛ ɔkɔɔ	sɛ kɛ @@vlɔ̌ ɛ @@lɛ ɔ @@kɔ @@ɔ
err kɔnú kɔnú nɔ́ gɛ alɛ ɔma ahɔɛ,	err kɔnú kɔnú nɔ́ gɛ a @@lɛ ɔ @@ma a @@hɔɛ
bɔwɛ nɔ́,	bɔ @@wɛ nɔ́
ko keduluɔ ko,	ko ke @@dulu @@ɔ ko
ko adzɛ̃̌ɛ́ err err err eplǔ ahɔɛ,	ko a @@dzɛ̃̌ @@ɛ́ err err err e @@plǔ a @@hɔɛ
banɔ nɔ́ azɛ ababá	ba @@nɔ nɔ́ a @@zɛ a @@ba @@bá
piapíí,	piapíí
obotro ɖotí obotro ɖotí	o @@bo @@tro ɖotí o @@bo @@tro ɖotí
gɛ kɛvɔbɔ́ kóéyi ɛ,	gɛ kɛ @@vɔbɔ́ kóéyi ɛ
dzyosu abá yɛ mɛ,	dzyosu a @@bá yɛ mɛ
gɛ kɛvɔbɔ́ lí ɔɖa abha	gɛ kɛ @@vɔbɔ́ lí ɔ @@ɖa a @@bha
err balɔkɔ abhɛtɛ dawadáwá,	err ba @@lɔkɔ a @@bhɛtɛ dawadáwá
err	err
So alɛ́ nɔ́ abha bɔka tsiɖí.	so alɛ́ nɔ́ a @@bha bɔ @@ka ka @@tsiɖi
bɔɔ́ŋa bɔdɔ̃ nɛ́ balɛ kishi,	bɔ @@ɔ́ @@ŋa bɔ @@dɔ̃ nɛ́ balɛ ki @@shi
sɛ tɛ err buwíɛ́, bɔ́vɛ kɔ́dzyíɛ́,	sɛ tɛ err bu @@wí @@ɛ́ bɔ @@vɛ kɔ́dzyí @@ɛ́
ákɔlɛ aló áfɔ̃ dzyosu aló err ee err	a @@kɔlɛ aló a @@fɔ̃ dzyosu aló err ee err
bɔgbã alɛ pétéé nɔ́,	bɔ @@gbã a @@lɛ pétéé nɔ́
bunuɔ gɛsɛ ɛpɛ̃,	bu @@nu @@ɔ gɛ @@sɛ ɛ @@pɛ̃
ípuli nɔ́ mɛ,	ki @@puli nɔnɔ́ mɛ
kɛlɛ ewokú yɛ asha mɛ,	kɛlɛ e @@wokú yɛ a @@sha mɛ
piapíí	piapíí
wɔ buluhũ̌	wɔ bu @@luhũ̌
g' enu ayakpa mɛ agã,	gɛ e @@nu a @@yakpa mɛ a @@gã
kɛlɛ dénɔ kiwi lɛ nɔ́,	kɛlɛ dénɔ ki @@wi lɛ nɔ́
ɛɛ́ɖɔ sɛ séƒoƒo,	ɛ @@ɛ́ @@ɖɔ sɛ séƒoƒo
babatɔ bɔlɔ pétéé bɔbaŋa nɛ́ bɔpã́ mɛ	ba @@ba @@tɔ bɔlɔ pétéé bɔ @@ba @@ŋa nɛ́ bɔ @@pã́ mɛ
So blɔ pétéé nɔ́ bɔɔ́kpɛ́ ɛhɔɛ	so blɔ pétéé nɔ́ bɔ @@ɔ́ @@kpɛ́ ɛ @@hɔɛ
ee tsyámi a lɛ́.	ee tsyámi a lɛ́
ɛzɛlɔkɔ abhlatɔ	ɛ @@zɛ @@lɔkɔ a @@bhlatɔ
kekóéyi koɔ,	ke @@kóéyi ko @@ɔ
kã́ beétú ɔ,	kã́ be @@é @@tú ɔ
sɛ kéɖe gɛ ɛbá dza,	sɛ kéɖe gɛ ɛ @@bá dza
gɛ bɔba,	gɛ bɔ @@ba
bɔnyana ɛ-lɛ mɛ	bɔ @@nyana ɛ @@lɛ mɛ
err bebebhui ɔma nɛ́ kɛ́lɛ anɛ	err be @@be @@bhui ɔ @@ma nɛ́ kɛ́lɛ a @@nɛ
bɔmá kɔ́ banɔ nɔ́,	bɔ @@má kɔ́ ba @@nɔ nɔ́
gɛ bɔlɛ Okúɔ́ mɛ nɛ́ ɛkɛlɛ oo,	gɛ bɔ @@lɛ Okú @@ɔ́ mɛ nɛ́ ɛ @@kɛlɛ oo
alɔkɔ akɔ́ eyíelĩɛ́ aló	a @@lɔkɔ a @@kɔ́ e @@yí @@e @@lĩ @@ɛ́ aló
ko wɔ akáálɛ́ kɛhĩá gɛ kɛhĩá sɛ babasɛnɔ	ko wɔ a @@ka @@álɛ́ kɛ @@hĩá gɛ kɛ @@hĩá sɛ ba @@ba @@sɛnɔ
wɔ́,	wɔ @@
ɔlɛ asɛ blɔ nú	ɔ @@lɛ a @@sɛ blɔ nu @@
mapo kɛvɔbɔ́ kpasɛ oziɛ mɛ,	mapo kɛ @@vɔbɔ́ kpasɛ o @@zi @@ɛ mɛ
olũgbǔ ɔ́ kpóó	o @@lũgbǔ ɔ́ kpóó
bebebú bushenu	be @@be @@bú bu @@shenu
ko bɔvɔbɔ́ anɔ nɔ́ ko	ko bɔ @@vɔbɔ́ a @@nɔ nɔ́ ko
subha akɔ́ sɛ kifúɔ kɛtɛ́sɔlɛ	subha a @@kɔ́ sɛ ki @@fú @@ɔ kɛ @@tɛ́ @@sɔlɛ
err,	err
bunuɔ bamana,	bu @@nu @@ɔ ba @@mana
gɛnɛ otsí bezebetukúi	gɛ @@nɛ otsí be @@ze @@be @@tukú @@i
nɔbá pɛ nobobú lɔ piapíí nɔ́,	nɔ @@bá pɛ no @@bo @@bú lɔ piapíí nɔ́
pɛ ebhǒ ɛɖa tihlǒ,	pɛ e @@bhǒ ɛ @@ɖa ti @@hlǒ
baba klɛ́ baba bagbana wɔ lɔkɔ	ba @@ba klɛ́ ba @@ba ba @@gbana wɔ lɔkɔ
egiseekúi,	e @@gi @@se @@e @@kú @@i
pɛ badɛ takpɛ́kpɛ́ nɔ́,	pɛ ba @@dɛ takpɛ́kpɛ́ nɔ́
ɔgɛ mɔ kidzo tɛ ɔdɛ.	ɔ @@gɛ mɔ ki @@dzo tɛ ɔ @@dɛ
badzɛ̃̌ɛ́ nɛ́ ɔma mɛ babakɔ́	ba @@dzɛ̃̌ @@ɛ́ nɛ́ ɔ @@ma mɛ ba @@ba @@kɔ́
gɛ alɔ́kɔ,	gɛ a @@lɔkɔ
ɛrr baábhɛtɛ alɛ,	ɛrr ba @@á @@bhɛtɛ a @@lɛ
gɛ anɔ abá pɛ adawɛ̃ bulĩ́ɛ́ko,	gɛ a @@nɔ a @@bá pɛ a @@da @@wɛ̃ bu @@lĩ́ @@ɛ́ko
kɛlɛ otsyina alɛ kpɛ́ kɛdɔ̃ nɔ́ mɛ	kɛlɛ o @@tsyina a @@lɛ kpɛ́ kɛ @@dɔ̃ nɔ́ mɛ
ɔkɔ́,	ɔ @@kɔ́
Gaké blɔ lĩ́ lɛ	gaké blɔ lĩ́ lɛ
soɔ bunu batrugbu ɔma	so @@ɔ bu @@nu ba @@trugbu ɔ @@ma
oo ebú ɔ́ err err err anyana	oo e @@bú ɔ́ err err err a @@nyana
blɔ nɛ befualɛ́ blɔ kpɛ́ ɛhɔɛ	blɔ nɛ be @@fu @@alɛ́ blɔ kpɛ́ ɛ @@hɔɛ
blɔ batrugbuɔ akányáka	blɔ ba @@trugbu @@ɔ a @@kányáka
So ahĩá sɛ tɛ mɛlɔkɔ ɛhɛ̌ nɔ́,	so a @@hĩá sɛ tɛ mɛ @@lɔkɔ ɛ @@hɛ̌ nɔ́
ahɔɛ	a @@hɔɛ
pã́mɛ,	pã́ @@mɛ
kɛlɛ mɛ badɛmɛ́ kɔ́ wɔ́ kɛlɛ bababhɛtɛ	kɛlɛ mɛ ba @@dɛmɛ́ kɔ́ wɔ́ kɛlɛ ba @@ba @@bhɛtɛ
tíkeéwu kɛklagbu ɔ́	tí @@ke @@é @@wu kɛ @@klagbu ɔ́
anyá wɛ̃ kɛbwɛ̌ bulíí,	a @@nyá wɛ̃ kɛ @@bwɛ̌ bulíí
ko kã́ bunyúmú kɛpɔtɛ́ kɔ́ɛ	ko kã́ bu @@nyúmú kɛ @@pɔtɛ́ kɔ́ @@ɛ
yoo,	yoo
abhɛtɛ,	a @@bhɛtɛ
butínyí,	bu @@tí @@nyí
klɛ betsiɛ́ akaka,	klɛ be @@tsi @@ɛ́ a @@kaka
pétéé balɛ bɔpã́ mɛ gɛ enu	pétéé balɛ bɔ @@pã́ mɛ gɛ e @@nu
otsí adzɛ̃̌ okóéyi nɛ́ bɔpã́ mɛ ɛ	otsí a @@dzɛ̃̌ o @@kóéyi nɛ́ bɔ @@pã́ mɛ ɛ
yɛ tsyɛ́ nɛɛ́lɛ.	yɛ tsyɛ́ nɛɛ́lɛ
blɔ batrugbuɔ bɔbashogo nɛ́	blɔ ba @@trugbu @@ɔ bɔ @@ba @@shogo nɛ́
kɛtɛ́kaávɛ kabha ana	kɛ @@tɛ́ @@ka @@á @@vɛ ka @@bha ana
Yálɛ bɔ lɔkɔ fatɛ bulitúɔ́.	yálɛ bɔ lɔkɔ fatɛ bu @@litú @@ɔ́
koɔ,	ko @@ɔ
aka gɛ abayikɛ	a @@ka gɛ a @@ba @@yikɛ
pɛ agɛfuyã yɛ,	pɛ a @@gɛ @@fuyã yɛ
err wɔ kpasɛ...	err wɔ kpasɛ
blɔ egbogbǒɔ́ tsyɛ́ pétéé nɔ́ tsyɛ́	blɔ e @@gbogbǒ @@ɔ́ tsyɛ́ pétéé nɔ́ tsyɛ́
pɛ ansɛ ekusíɛ́ pɛ bedzǔ ekusíɛ́,	pɛ ansɛ e @@kusí @@ɛ́ pɛ be @@dzǔ e @@kusí @@ɛ́
yi n' ebúɔ awɔ̃sɔ̃,	yɛ nɛ e @@bú @@ɔ a @@wɔ̃sɔ̃
ɛrr anyɛ́núvɔɛ nɔ́ azanyana é takpúɔ,	ɛrr a @@nyɛ́núvɔɛ nɔ́ a @@zɛ @@a @@nyana yɛ takpú @@ɔ
gaké blɔ akaálɛ́ begilũ Tingbě	gaké blɔ a @@ka @@álɛ́ be @@gi @@lũ Tingbě
kã́ ɛvɛ odukukɔ́é.	kã́ ɛ @@vɛ o @@duku @@kɔ́ @@é
ao blɔ batrugbu sɛ kibui lɛ	ao blɔ ba @@trugbu sɛ ki @@bui lɛ
Gɛ ónúpɛ beklǔ takpɛ́kpɛ́ beklǔ blɔ Okúmɛ.	gɛ ónúpɛ be @@klǔ takpɛ́kpɛ́ be @@klǔ blɔ Okú @@mɛ
Bɔbaɖɔ nɛ́ blɔ Tutrugbu ɔ mɛ	bɔ @@ba @@ɖɔ nɛ́ blɔ tu @@trugbu ɔ mɛ
ko ebúɔ agã ko,	ko e @@bú @@ɔ a @@gã ko
yoo,	yoo
tíkeéwu kɛklagbu ɔ,	tí @@ke @@é @@wu kɛ @@klagbu ɔ
bedě Begbe.	be @@dě Begbe
flógo pɛ amánkraɖo nɔ́ edě kampɛ	flógo pɛ a @@mánkraɖo nɔ́ e @@dě ka @@mpɛ
ɛklɛ nɔ́ abha.	ɛ @@klɛ nɔ́ a @@bha
tɛ etī sɛ,	tɛ e @@tī sɛ
Yalɛ bɔ lɔkɔ fatɛ bulitúɔ.	yalɛ bɔ lɔkɔ fatɛ bu @@litú @@ɔ
kɔ́ befu... err be... beshopoɔ	kɔ́ be @@fu err be be @@shopo @@ɔ
klɛ yɛ anyana asha tabha vũnɔ,	klɛ yɛ a @@nyana a @@sha ta @@bha vũnɔ
okumɛ,	o @@kumɛ
gaké kumɛ ɛhɛ́ɛ yenu kinyéɛ́ kóŋ́.	gaké kumɛ ɛhɛ́ɛ ye @@nu ki @@nyé @@ɛ́ kóŋ́
nɔ mɛ koɔ,	nɔ mɛ ko @@ɔ
ɛfatɛi otsíɛ́ tsɔ̃ɔ̃ nɔ́,	ɛ @@fatɛ @@i otsíɛ́ tsɔ̃ɔ̃ nɔ́
obodiwu Eɖiɛwónɔ yɛ kɛklagbu	o @@bo @@di @@wu Eɖiɛwónɔ yɛ kɛ @@klagbu
ozi alɛ obopú nɛ kɛlɛ ɔbɔbhɛtɛ ɔlɛ bulí gbã́.	o @@zi a @@lɛ o @@bo @@pú nɛ kɛlɛ ɔ @@bɔ @@bhɛtɛ ɔ @@lɛ bulí gbã́
err bɔbakpɛ́ kesi nɛ́ dénɔ nɛ́	err bɔ @@ba @@kpɛ́ ke @@si nɛ́ dénɔ nɛ́
bɔbatsyu oziɛ́ riɖiɖiɖi oziɛ́...	bɔ @@ba @@tsyu o @@zi @@ɛ́ riɖiɖiɖi o @@zi @@ɛ́
baka tilí,	baka tilí
adzɛ̃̌ɛ́ abá ɔkplɔ̃ nɔ́ shú	a @@dzɛ̃̌ @@ɛ́ a @@bá ɔ @@kplɔ̃ nɔ́ shú
klɛ balɛ tsyɛ́ dzidze wu avɛ,	klɛ balɛ tsyɛ́ dzidze wu a @@vɛ
so ónúpɛ yálɛ akpasɛ,	so ónúpɛ yálɛ a @@kpasɛ
klɛ dzyosu nɔ́ edzebéle,	klɛ dzyosu nɔ́ e @@dze @@béle
obobú buplukpá alɛ pétéé.	o @@bo @@bú bu @@plukpá a @@lɛ pétéé
bɔdɔ̃ tɛ́dɛmɛ́ sɛ ta anɔ,	bɔ @@dɔ̃ tɛ́ @@dɛmɛ́ sɛ ta a @@nɔ
babatɔ alɛ́	ba @@ba @@tɔ alɛ́
abha,	a @@bha
anyádawɛ̃ bulĩ́ɛ́ ko,	a @@nyá @@da @@wɛ̃ bu @@lĩ́ @@ɛ́ ko
ɔzɛ ɔplɛ́nɔ	ɔ @@zɛ ɔ @@plɛ́nɔ
anyɛ́núvɔɛ nɔ́ alɔkɔ kɛwɛ tinikpó,	a @@nyɛ́núvɔɛ nɔ́ a @@lɔkɔ kɛ @@wɛ ti @@nikpó
tseɖé olɔ asɛ	tseɖé o @@lɔ a @@sɛ
kɛlɛ so gɛ kɛba ana	kɛlɛ so gɛ kɛ @@ba ana
eéshogo piapíí,	e @@é @@shogo piapíí
obokú ilɛ shi,	o @@bo @@kú i @@lɛ shi
Gɛ bɔmɔ samɛ sɛ bulĩ́ bá ɔlɔ	gɛ bɔ @@mɔ samɛ sɛ bu @@lĩ́ bá ɔ @@lɔ
pɛ Agbɔ etsyina edě kpɛ́ bɔlɔ,	pɛ a @@gbɔ e @@tsyina e @@dě kpɛ́ bɔlɔ
kɛlɛ salí a lɛ́ azaabhɛtɛɛ	kɛlɛ salí a lɛ́ a @@zaa @@bhɛtɛ @@i
bebetũ fufu nɔ́	be @@be @@tũ fufu nɔ́
blɔ ko blɔ ɛbaba,	blɔ ko blɔ ɛ @@ba @@ba
ɖɔ ebúíɛ́ gagãlĩ kɛlɛ kesí kpɛ́kpɛ́naálɛ́,	ɖɔ e @@búí @@ɛ́ gagãlĩ kɛlɛ ke @@sí kpɛ́ @@kpɛ́naálɛ́
kɛklagbuɔ nɛ́ Eɖiɛwónɔ mɛ	kɛ @@klagbu @@ɔ nɛ́ Eɖiɛwónɔ mɛ
otoró ɔlɛ́,	o @@toró ɔ @@lɛ́
bazɛashɛ̃ wole tɛbha	ba @@zɛ @@a @@shɛ̃ wole tɛ @@bha
kibúí tilí lɛ́ obotóŋú bísi	ki @@búí tilí lɛ́ o @@bo @@tóŋú bí @@si
so kana abha butsiɖí	so kana a @@bha bu @@tsiɖi
buvũɔ mɛ,	bu @@vũ @@ɔ mɛ
bɔbatsokú kɛyɔ mɛ nɛ́ kesíɛ́ nɛ́ kɛlɛ.	bɔ @@ba @@tsokú kɛ @@yɔ mɛ nɛ́ ke @@sí @@ɛ́ nɛ́ kɛlɛ
kã́ buge bɔkɔ̃́ é,	kã́ bu @@ge bɔ @@kɔ̃́ é
fóto alɛ gɛ buúbú ɔ,	fóto a @@lɛ gɛ bu @@ú @@bú ɔ
obú eyíɛ́... eyí eyíɛ́...	o @@bú e @@yí @@ɛ́ e @@yí e @@yí @@ɛ́
sɛ tɛ awɛ̃,	sɛ tɛ a @@wɛ̃
begizelũ Tingbě piapíí nɔ́,	be @@gi @@ze @@lũ Tingbě piapíí nɔ́
Batrugbu ɔma ozhǐtámɛɛ́,	ba @@trugbu ɔ @@ma o @@zhǐtá @@mɛ @@ɛ́
ahɔɛ aló kibúí vévě nɔ́,	a @@hɔɛ aló ki @@búí vévě nɔ́
tɛ alɔkɔ mana mɛ kɔ́ kesiɔzãkɔ́,	tɛ a @@lɔkɔ mana mɛ kɔ́ kesiɔ @@zã @@kɔ́
ma kampɛ nána shú,	ma ka @@mpɛ nána shú
tɛbaba mɛ,	tɛ @@ba @@ba mɛ
sɛ tɛ bɔwa,	sɛ tɛ bɔ @@wa
Asɛ Okúɔ́ mɛɛɛ́bá.	a @@sɛ Okú @@ɔ́ mɛɛ @@ɛ́ @@bá
ɛklɛ́ xɔ́nɔ́ ayɛɛ soɔ,	ɛ @@klɛ́ xɔ́nɔ́ a @@yɛ @@ɛ so @@ɔ
aa ónúpɛ bɔbakɔ́ adzɛ̃̌ kɛpɔtɛ́ ɛ	aa ónúpɛ bɔ @@ba @@kɔ́ a @@dzɛ̃̌ kɛ @@pɔtɛ́ ɛ
ɔ́	ɔ́
kɛlɛ wɔ shú bayɔ́.	kɛlɛ wɔ shú ba @@yɔ́
idzi anyanya,	i @@dzi a @@nyanya
Bɔ lɔkɔ yǔ adewu nɔ́ tsyɛ́,	bɔ lɔkɔ yǔ adewu nɔ́ tsyɛ́
Kã́ kana bɔ lɔkɔ lɛ Okúɔ́ mɛ nɛ́ kɛ́lɛ.	kã́ kana bɔ lɔkɔ lɛ Okú @@ɔ́ mɛ nɛ́ kɛ́lɛ
pɛ yɛ shumɛ,vevétɔ yɛ kitemɛ ɔkɔ́yɛ ki-temɛ ɔ-kɔ́ gɔɔgagãlĩɛ	pɛ yɛ shumɛvevétɔ yɛ ki @@temɛ ɔ @@kɔ́yɛ ki @@temɛ ɔ @@kɔ́ gɔɔ @@gagãlĩ @@ɛ
kesiakpá,	ke @@siakpá
kɛlɛso ónúpɛ ɔvɛ pɛ ɔɔ́ba	kɛlɛso ónúpɛ ɔ @@vɛ pɛ ɔ @@ɔ́ @@ba
err álɛ́ lɛ́ befeké bɔwá,	err álɛ́ lɛ́ be @@feké bɔ @@wá
ɛɖɔ sɛ ɛbaɖɔ kibúí tilí	ɛ @@ɖɔ sɛ ɛ @@ba @@ɖɔ ki @@búí tilí
bɔkɔ́ (wɔ)nɔ kidzǒ,	bɔ @@kɔ́ wɔnɔ ki @@dzǒ
bunuɔ bamana,	bu @@nu @@ɔ ba @@mana
sɛ tɛ bɔtɔ	sɛ tɛ bɔ @@tɔ
Blɔ tsyáká pɛ bɔlɛ kɛlɛ,	blɔ tsyáká pɛ bɔ @@lɛ kɛlɛ
ahĩá sɛ odeobisi	a @@hĩá sɛ o @@de @@o @@bisi
nɛ otsíɛ́ tsyɛ́ ɛyikɛ ŋa sɛ kɛlɛ ko	nɛ otsíɛ́ tsyɛ́ ɛ @@yikɛ ŋa sɛ kɛlɛ ko
beyi kedě,	be @@yi ke @@dé
gɛ bekú ko osigũ tolí olɛ́	gɛ be @@kú ko o @@sigũ tolí o @@lɛ́
pɛ alɔkɔ ɛhɔɛ tɛbha pɛ alɔkɔ tɔɖɔ osí nɔ́ abha,	pɛ a @@lɔkɔ ɛ @@hɔɛ tɛ @@bha pɛ a @@lɔkɔ tɔɖɔ o @@sí nɔ́ a @@bha
betsí egi sɛ ekú.	be @@tsí e @@gi sɛ e @@kú
fóto alɛ gɛ buúbú ɔ,	fóto a @@lɛ gɛ bu @@ú @@bú ɔ
anuvɔ amɔ sɛ ebú	a @@nuvɔ a @@mɔ sɛ e @@bú
buge bɔkɔ̃́ ko kã́ bɔmá pétéé,	bu @@ge bɔ @@kɔ̃́ ko kã́ bɔ @@má pétéé
yɛ apaletéɛ́,	yɛ a @@paleté @@ɛ́
nɔbá pɛ nobobú lɔ piapíí nɔ́,	nɔ @@bá pɛ no @@bo @@bú lɔ piapíí nɔ́
err gɛ bɔ... bɔzã Okúɔ́ mɛ nɛ́ kɛ́lɛ,	err gɛ bɔ bɔ @@zã Okú @@ɔ́ mɛ nɛ́ kɛlɛ
bɔdzya yɛ ɛ,	bɔ @@dzya yɛ ɛ
ababá kitsikpi nɔ́ bɔtɔ̃́,	a @@ba @@bá ki @@tsikpi nɔ́ bɔ @@tɔ̃́
mɛayɛ́	mɛ @@ayɛ́
buge bɔkɔ̃́ ko kã́ bɔmá pétéé,	bu @@ge bɔ @@kɔ̃́ ko kã́ bɔ @@má pétéé
so gɛ adzɛ̃ɛ́ kɔ́ álɛ́,	so gɛ a @@dzɛ̃ @@ɛ́ kɔ́ á @@lɛ́
bashɛ̃ nɛ́ klɛ́ ko,	ba @@shɛ̃ nɛ́ klɛ́ ko
baba babasɛnɔ ɔlɔ́,	ba @@ba ba @@ba @@sɛnɔ ɔlɔ́
bayɛkɛ,	ba @@yɛkɛ
ahĩá sɛ odeobisi	a @@hĩá sɛ o @@de @@o @@bisi
békeɛ,	béke @@ɛ
egbogbǒ tabha mɛ.	e @@gbogbǒ ta @@bha mɛ
badza osiɛ́ shú nyɔ̃́ɔ̃́ pɛ	ba @@dza o @@si @@ɛ́ shú nyɔ̃́ɔ̃́ pɛ
Gɛ oziɛ́ lɔnɛ soɔ,	gɛ o @@zi @@ɛ́ lɔ @@nɛ so @@ɔ
beépo wɔ,	be @@é @@po wɔ
ee	ee
kɛlɛso ónúpɛ ɔvɛ pɛ ɔɔ́ba	kɛlɛso ónúpɛ ɔ @@vɛ pɛ ɔ @@ɔ́ @@ba
bedě Begbe.	be @@dě Begbe
So blɔ tsyɛ́ bɔdě balɛ kishi.	so blɔ tsyɛ́ bɔ @@dě balɛ ki @@shi
Subha yɛ akɔ́ so pɛ agɛtsyɔ	subha yɛ a @@kɔ́ so pɛ a @@gɛ @@tsyɔ
pɛ osɛ otoró ɔ,	pɛ o @@sɛ o @@toró ɔ
so anyɛ ténúkpó yɛawɔ	so a @@nyɛ tenukpó yɛ @@a @@wɔ
tɛ etī sɛ,	tɛ e @@tī sɛ
abhɛtɛ kɔ́ mɛ ansɛ	a @@bhɛtɛ kɔ́ mɛ ansɛ
ko klɛ abamɔ eyí,	ko klɛ a @@ba @@mɔ e @@yí
So blɔ tsyɛ́ bɔdě balɛ kishi.	so blɔ tsyɛ́ bɔ @@dě balɛ ki @@shi
kɛtɛ́kaávɛ kabha ana	kɛ @@tɛ́ @@ka @@á @@vɛ ka @@bha ana
abazã klɛ́,	a @@ba @@zã klɛ́
flógo pɛ kawlãkɛ́ bá.	flógo pɛ ka @@wlãkɛ́ bá
yoo,	yoo
bɔgbã alɛ pétéé nɔ́,	bɔ @@gbã a @@lɛ pétéé nɔ́
bɔbaábú eyíɛ́,	bɔ @@ba @@á @@bú e @@yí @@ɛ́
klɛ basɛ aa butsíɛ́ mɛ nɔɔ́lɛ́,	klɛ ba @@sɛ aa bu @@tsí @@ɛ́ mɛ nɔɔ́lɛ́
err tsyámi,	err tsyámi
ɔ,	ɔ
aa ebúíɛ́ gɛ lɛ sɛ bɔɖɔɔ	aa e @@búí @@ɛ́ gɛ lɛ sɛ bɔ @@ɖɔ @@ɔ
bɔbagbã é,	bɔ @@ba @@gbã é
err Begbe nɛ befu gɛ bedě betelí edě Hahuté,	err Begbe nɛ be @@fu gɛ be @@dě be @@telí e @@dě Hahuté
bukũ ŋa ŋa nɛ́ blɔ batrugbuɔ mɛ	bu @@kũ ŋa ŋa nɛ́ blɔ ba @@trugbu @@ɔ mɛ
ɔtɛ́bɔdɛ ekusí bɔpã́ mɛ	ɔ @@tɛ́ @@bɔ @@dɛ e @@kusí bɔ @@pã́ mɛ
sɛ yalɛ aŋa yalɛ abaŋa,	sɛ yalɛ a @@ŋa yalɛ a @@ba @@ŋa
kana tútútú,	kana tútútú
gaké kumɛ ɛhɛ́ɛ yenu kinyéɛ́ kóŋ́.	gaké kumɛ ɛhɛ́ɛ ye @@nu ki @@nyé @@ɛ́ kóŋ́
pɛ bekú klɛ́,	pɛ be @@kú kɛ́lɛ́
babakɔ́ɛ kɛpɔtɛ́	ba @@ba @@kɔ́ @@ɛ kɛ @@pɔtɛ́
kibenyíbe ko ɔbɔzã piapíí,	ki @@benyíbe ko ɔ @@bɔ @@zã piapíí
gaké gɛ awɔ̃hũ̌ kpa kpa babáá	gaké gɛ a @@wɔ̃hũ̌ kpa kpa ba @@bá @@á
anyɛ́núvɔɛ nɔ́ adanyana ebú ɔ́ alɔkɔ atɔɖɔ kitelu,	a @@nyɛ́núvɔɛ nɔ́ a @@da @@nyana e @@bú ɔ́ a @@lɔkɔ a @@tɔɖɔ ki @@telu
err abhɛtɛ lɛ sɛ tɛ bɔ lɔkɔ bhɛtɛ	err a @@bhɛtɛ lɛ sɛ tɛ bɔ lɔkɔ bhɛtɛ
ɔma ana.	ɔ @@ma ana
wonɔ noputɔ mɛ,	wonɔ no @@putɔ mɛ
gɛ bɔbhɛtɛ kibúí tinikpó,	gɛ bɔ @@bhɛtɛ ki @@búí ti @@nikpó
wɔ́	wɔ
anyɛɛ́ yɛ alɔkɔ watch ɛ́ mɛ	a @@nyɛ @@ɛ́ yɛ a @@lɔkɔ watch ɛ́ mɛ
so gɛ ɔnyɔ́ɔ vɛ otsíɛ́ tsɔ̃ɔ̃ ko	so gɛ ɔ @@nyɔ́ @@ɔ vɛ otsíɛ́ tsɔ̃ɔ̃ ko
so anuvɔ alɔkɔ ɛwɛ nɔ́ akpɛ́	so a @@nuvɔ a @@lɔkɔ ɛ @@wɛ nɔ́ a @@kpɛ́
nɔbá pɛ nobobú lɔ piapíí nɔ́,	nɔ @@bá pɛ no @@bo @@bú lɔ piapíí nɔ́
alɛ kibe elɛ́ kana betoró	a @@lɛ ki @@be e @@lɛ́ kana be @@toró
eyíɛ́	e @@yí @@ɛ́
kelitakpú	ke @@litakpú
kɛgɛzã	kɛ @@gɛ @@zã
Buúkú oo	bu @@ú @@kú oo
Klisoɔ gɛ bɔlɛ kɛ́lɛ,err nɛ́ dzíɖuɖu nɔ́ yɛ kinyé mɛ,	kliso @@ɔ gɛ bɔ @@lɛ kɛlɛerr nɛ́ dzíɖuɖu nɔ́ yɛ ki @@nyé mɛ
abazã klɛ́,	a @@ba @@zã klɛ́
so kibui tilí lɛ́,	so ki @@bui tilí lɛ́
ee	ee
wonɔ gã.	wonɔ gã
ɔma ana.	ɔ @@ma ana
otsí Oxomɛ mɛ kampɛ mɛ tsyɛ́	otsí Oxomɛ mɛ ka @@mpɛ mɛ tsyɛ́
Err blɔ Okúɔ́ mɛ blɔ pétéé budě	err blɔ Okú @@ɔ́ mɛ blɔ pétéé bu @@dě
mɛɛ́kasɛ́ álɛ́	mɛ @@ɛ́ @@kasɛ́ álɛ́
mɛbavɛ kɔ́ blɔ tɛpɛ̃pɛ̃	mɛ @@ba @@vɛ kɔ́ blɔ tɛ @@pɛ̃ @@pɛ̃
sɛ ɔpɛ dzyosu ɔkɔ́ anɔ,	sɛ ɔ @@pɛ dzyosu ɔ @@kɔ́ a @@nɔ
bɔɔ́ŋa bɔdɔ̃ nɛ́ balɛ kishi,	bɔ @@ɔ́ @@ŋa bɔ @@dɔ̃ nɛ́ balɛ ki @@shi
bunyí kɛzã gɛ ɔzã nɛ́ blɔ	bu @@nyí kɛ @@zã gɛ ɔ @@zã nɛ́ blɔ
bagɛ banyá ɛshaálɛ́ lɛ	ba @@gɛ ba @@nyá ɛ @@sha @@álɛ́ lɛ
baba babasɛnɔ ɔlɔ́,	ba @@ba ba @@ba @@sɛnɔ ɔlɔ́
pɛ edzidze kóéyi bá,	pɛ e @@dzidze kóéyi bá
yɛ dzyosu nɔ́ nɛ yɛ bulĩɛ́ gɛ	yɛ dzyosu nɔ́ nɛ yɛ bu @@lĩ @@ɛ́ gɛ
Gɛ kinu ɔkɔ nɛ́ ɔma shú,	gɛ ki @@nu ɔ @@kɔ nɛ́ ɔ @@ma shú
ezebeyi nɛ́ klɛ́,	e @@ze @@be @@yi nɛ́ klɛ́
kifúɔ́ tsyɔ sɔlɛ tɛ iduku.	ki @@fú @@ɔ́ tsyɔ sɔlɛ tɛ i @@duku
kliso beklǔ yálɛ sɛ ofú.	kliso be @@klǔ yálɛ sɛ o @@fú
banyɛ́ɛ́ babadzyɔ káplɛ káplɛ telí	ba @@nyɛ́ @@ɛ́ ba @@ba @@dzyɔ káplɛ káplɛ telí
nɔ́,	nɔ́
tsã́tsã́tsã́ kɛklagbu nɔ́ abha gɛ baátɔɖɔ anɔ alɛ,	tsã́ @@tsã́ @@tsã́ kɛ @@klagbu nɔ́ a @@bha gɛ ba @@á @@tɔɖɔ a @@nɔ a @@lɛ
klɛ bafla nɛ́ kɛ́lɛ́,	kɛlɛ ba @@fla nɛ́ klɛ́
gɛ bedě err kigbogbǒɔ,	gɛ be @@dě err ki @@gbogbǒ @@ɔ
pɛ ɔɔ́ŋa kɔ alɛ́,	pɛ ɔ @@ɔ @@ŋa kɔ alɛ́
subha tsyɛ́ adɔ̌,	subha tsyɛ́ a @@dɔ̌
nɛ́ kashɛ̃,	nɛ́ ka @@shɛ̃
ekusíɛ́ etsǐ	e @@kusí @@ɛ́ e @@tsǐ
ɛzãkɔ́ eletéɛ́,	ɛ @@zã @@kɔ́ e @@leté @@ɛ́
pɛ oŋúsɛ̃́ bamaɛ ko,	pɛ o @@ŋúsɛ̃́ ba @@ma @@ɛ ko
bɔgbã alɛ pétéé nɔ́,	bɔ @@gbã a @@lɛ pétéé nɔ́
ko klɛ err adza... adza...	ko klɛ err a @@dza a @@dza
phonanyɛ́núvɔɛ nɔ́ gɛ ewokú osíɛ́ mɛ	a @@nyɛ́núvɔɛ nɔ́ gɛ e @@wokú o @@sí @@ɛ́ mɛ
ɔxlɔ̃́ ayĩsɛ nɛ́ ɔlɛ́ abha pétéé	ɔ @@xlɔ́ a @@yĩsɛ nɛ́ ɔ @@lɛ́ a @@bha pétéé
so yɛ tsyɛ́ ónúpɛ dzyosu ebéle	so yɛ tsyɛ́ ónúpɛ dzyosu e @@béle
betelí ónú ahɔɛ mɛ alɛ́ wɔ	be @@telí ónú a @@hɔɛ mɛ a @@lɛ́ wɔ
buge bɔkɔ̃́ ko kã́ bɔmá pétéé,	bu @@ge bɔ @@kɔ̃́ ko kã́ bɔ @@má pétéé
Begetéŋú apwɛ̃ kibúíɛ́ piapíí	be @@ge @@téŋú a @@pwɛ̃ ki @@búí @@ɛ́ piapíí
obotro ɖotí obotro ɖotí	o @@bo @@tro ɖotí o @@bo @@tro ɖotí
flógo pɛ otsí yɛ kɛgɔɔ yɛ kɛgɔ	flógo pɛ otsí yɛ kɛ @@gɔ @@ɔ yɛ kɛ @@gɔ
nɛ́ Banyá,	nɛ́ Banyá
kã́ adanyɔ́ ɔma mɛ é,	kã́ a @@da @@nyɔ́ ɔ @@ma mɛ é
obúɔ́ baágbana wɔ	o @@búɔ́ ba @@á @@gbana wɔ
sɛ tɛ azɛagbana ɔlɔ,	sɛ tɛ a @@zɛ @@a @@gbana ɔ @@lɔ
pɛ buúshwí	pɛ bu @@ú @@shwí
aló tɛ betī sɛɛ lo,	aló tɛ be @@tī sɛ @@ɛ lo
sɛ̃́ɛ̃́ ko bedekú ɔkɔ́ tolí koɔ,	sɛ̃́ɛ̃́ ko be @@de @@kú ɔ @@kɔ́ tolí ko @@ɔ
Kliso mɛmɔ sɛ lo,	kliso mɛ @@mɔ sɛ lo
tigegéné,	ti @@gegéné
blɔ tsyɛ́ bɔsɛ aa,	blɔ tsyɛ́ bɔ @@sɛ aa
yɛ tsyɛ́ abalɔkɔ biskwit nɛ́ klɛ́,	yɛ tsyɛ́ a @@ba @@lɔkɔ biskwit nɛ́ klɛ́
gɛ eéɖǐ bɔdɔ̃,	gɛ e @@é @@ɖǐ bɔ @@dɔ̃
kã́ buge bɔkɔ̃́ é,	kã́ bu @@ge bɔ @@kɔ̃́ é
pɛ baámɔ samɛ nɛ́ eyíɛ́ shú	pɛ ba @@á @@mɔ samɛ nɛ́ e @@yí @@ɛ́ shú
bɔ lɔkɔ yi tsyɛ́,	bɔ lɔkɔ yɛ tsyɛ́
aló blɔ kɔ́ blɛwuu	aló blɔ kɔ́ blɛwuu
bebebú bushenu	be @@be @@bú bu @@shenu
pɛ bɔ lɔkɔ tɔ bɔwá nɔ́kɔ́ anɔ́dzyramɛ gɛ akɔlɛ,	pɛ bɔ lɔkɔ tɔ bɔ @@wá nɔ́kɔ́ a @@nɔ́dzyramɛ gɛ a @@kɔlɛ
kɛlɛ ɔbhíá nɔ́ bɔsɔlɛ.	kɛlɛ ɔ @@bhíá nɔ́ bɔ @@sɔlɛ
pɛ eéɖi sɛ kɛ́ɖɛ yɛ ababhɛtɛ dza?	pɛ e @@é @@ɖi sɛ kɛɖɛ yɛ a @@ba @@bhɛtɛ dza
klɛ adizã salí nɔ́ shú riɖiɖi,	klɛ a @@di @@zã salí nɔ́ shú riɖiɖi
err bɔ lɔkɔɛ bhɛtɛ nɛ,	err bɔ lɔkɔ @@ɛ bhɛtɛ nɛ
kɛɖaŋu,	kɛ @@ɖaŋu
Kliso mɛmɔ sɛ lo,	kliso mɛ @@mɔ sɛ lo
sɛ̃́ɛ́ bebekú ko,	sɛ̃́ɛ́ be @@be @@kú ko
ɛmɔ sɛ kɛ gɛ ɛɛ́ɖɔ otsíɛ́ tsɔ̃ɔ̃	ɛ @@mɔ sɛ kɛ gɛ ɛ @@ɛ́ @@ɖɔ otsíɛ́ tsɔ̃ɔ̃
tɛ bɔvɛ dikú blɔ ɔzãkɔ́,	tɛ bɔ @@vɛ di @@kú blɔ ɔ @@zã @@kɔ́
badayɛ̌ elú.	ba @@da @@yɛ̌ e @@lú
ɛ-lɛ́ oboyǐ	ɛ @@lɛ́ o @@bo @@yǐ
tíkeéwu kɛklagbu ɔ,	tí @@ke @@é @@wu kɛ @@klagbu ɔ
ko ezĩ,	ko e @@zĩ
sɔlɛ.	sɔlɛ
klɛ aa butsiɖi wonɔ abha	klɛ aa bu @@tsiɖi wonɔ a @@bha
gɛ bagbana lɔ.	gɛ ba @@gbana lɔ
nɔ́ mɛ,	nɔ́ mɛ
blɔ kibúí gagãlĩɛ́ kóŋ́ gɛ ɛlɛ blɔ	blɔ ki @@búí gagãlĩ @@ɛ́ kóŋ́ gɛ ɛlɛ blɔ
nɛ yɛ kɛkányáka ko nɛ yɛ susú pétéé	nɛ yɛ kɛ @@kányáka ko nɛ yɛ susú pétéé
tabha nɔ́.	ta @@bha nɔ́
blɔ egbogbǒɔ́ tsyɛ́ pétéé nɔ́ tsyɛ́	blɔ e @@gbogbǒ @@ɔ́ tsyɛ́ pétéé nɔ́ tsyɛ́
bage ɛ́ alɔkɔ lú ko,	bage ɛ́ a @@lɔkɔ lú ko
ebú ebú ɔ́,	e @@bú e @@bú ɔ @@
ebú ɔ́ ewokú err osí nɔ́ abha,	e @@bú ɔ́ e @@wokú err o @@sí nɔ́ a @@bha
kliso tɛwãwlãkɛ́ nána ma balɛ kishi	kliso tɛ @@wãwlãkɛ́ nána ma balɛ ki @@shi
vɛnɔ otugba,	vɛ @@nɔ o @@tugba
ɛrr ɛbashɔ ɛtakpúɔ	ɛrr ɛ @@ba @@shɔ ɛ @@takpú @@ɔ
eseɖǐ ko err azɛ amɔ ebú	e @@se @@ɖǐ ko err a @@zɛ a @@mɔ e @@bú
kliso ónúpɛ ɔŋa dawadáwá nɔ́	kliso ónúpɛ ɔ @@ŋa dawadáwá nɔ́
gbɔxé ɛbhɛtɛɛ,	gbɔxé ɛ @@bhiti @@i
gɛ anɔ abá pɛ adawɛ̃ bulĩ́ɛ́ko,	gɛ a @@nɔ a @@bá pɛ a @@da @@wɛ̃ bu @@lĩ́ @@ɛ́ko
ɛklɛ́	ɛ @@klɛ́
ba-ka eyíɛ́ eti nɛ́ bɔpã́	ba @@ka e @@yí @@ɛ́ e @@ti nɛ́ bɔ @@pã́
akɔ́ sɛ akpâ	a @@kɔ́ sɛ a @@kpâ
Kliso mɛmɔ sɛ lo,	kliso mɛ @@mɔ sɛ lo
titorótoró kesíɛ́,	ti @@toró @@toró ke @@sí @@ɛ́
akpɛ́ oliɛ́,	a @@kpɛ́ o @@li @@ɛ́
fóto alɛ gɛ buúbú ɔ,	fóto a @@lɛ gɛ bu @@ú @@bú ɔ
anuvɔ xɔ́nɔ́ amɔ agã ko,	a @@nuvɔ xɔ́nɔ́ a @@mɔ a @@gã ko
bamɔ,	ba @@mɔ
klɛ kekóéyi,	klɛ ke @@kóéyi
flógo tɛ ótsí béɖí bɔnya ŋútɔ́ŋútɔ́	flógo tɛ otsí be @@ɖi bɔ @@nya ŋútɔ́ @@ŋútɔ́
buwí ndɔgbe,	bu @@wí ndɔgbe
ɛyáómúnɔkɔ koɔlɛzaazĩ,	ɛ @@yá @@ó @@múnɔ @@kɔ ko @@ɔlɛ @@zaa @@zĩ
ɛklɛ nɔ́ abha.	ɛ @@klɛ nɔ́ a @@bha
gɛ bɔba batswá,	gɛ bɔ @@ba ba @@tswa @@
bɔ lɔkɔɛ tɔ́ bɔwá plɛnɔ	bɔ lɔkɔ @@ɛ t @@ɔ́ bɔ @@wá plɛnɔ
ahã Banyá bukusí ŋa ŋa	ahã Banyá bu @@kusí ŋa ŋa
Err blɔ Okúɔ́ mɛ blɔ pétéé budě	err blɔ Okú @@ɔ́ mɛ blɔ pétéé bu @@dě
kishú,	ki @@shú
so kana abha butsiɖí	so kana a @@bha bu @@tsiɖi
ɔnyanakɔ tɛbha lɛ kɛshwɛ nɔ́ shú	ɔ @@nyana @@kɔ tɛ @@bha lɛ kɛ @@shwɛ nɔ́ shú
ɔ,	ɔ
gɛ bakpɛ́ lú kɔ́ bɔlɔ	gɛ ba @@kpɛ́ lú kɔ́ bɔlɔ
salí nɔ́ edzi ansɛ eblidě séƒoƒo eblidě.	salí nɔ́ e @@dzi ansɛ e @@blidě séƒoƒo e @@blidě
yǐyǐɛ́ pɛ otsí bababhɛtɛ yɛ kɛgɔ	yǐ @@yǐ @@ɛ́ pɛ otsí ba @@ba @@bhɛtɛ yɛ kɛ @@gɔ
so kana abha butsiɖí	so kana a @@bha bu @@tsiɖi
banɔ sheshe telí bekedě bekusí nɔ́ kampɛ mɛ,	ba @@nɔ sheshe telí be @@ke @@dě be @@kusí nɔ́ ka @@mpɛ mɛ
bazhĩã ɔlɛ kɔ́ wɔ	ba @@zhĩã ɔ @@lɛ kɔ́ wɔ
gɛ bazã ɔkplɔ̃ nɔ́ abha,	gɛ ba @@zã ɔ @@kplɔ̃ nɔ́ a @@bha
Pɛ batɔɖɔ ahɔɛ kɔ́ ɔma.	pɛ ba @@tɔɖɔ a @@hɔɛ kɔ́ ɔ @@ma
egbogbǒ tabha mɛ.	e @@gbogbǒ ta @@bha mɛ
ɔɔ́mɔ sɛ anyɛ́núvɔɛ nɔ́ esɛedekpũ nɛ́ busi tulí nɛ́ kiteɖe tilí	ɔ @@ɔ́ @@mɔ sɛ a @@nyɛ́núvɔɛ nɔ́ e @@sɛe @@de @@kpũ nɛ́ bu @@si tulí nɛ́ ki @@teɖe tilí
sɔlɛ.	sɔlɛ
Yɛ agbana olɔ,	yɛ a @@gbana o @@lɔ
gɛ beklu sɛ...	gɛ be @@klu sɛ
butu álɛ́ pétéé koɔ,	bu @@tu álɛ́ pétéé ko @@ɔ
beyi déɛ́ ko badalɔkɔ keli abha benu	be @@yi ke @@dé @@ɛ́ ko ba @@da @@lɔkɔ ke @@li a @@bha be @@nu
nobotóŋú sina ɔlɔ	no @@bo @@tóŋú sina ɔ @@lɔ
okolũ okolṹ	o @@ko @@lũ o @@ko @@lṹ
klɛ blɔ tsyɛ́ wɔ́ kɛ́lɛ,	klɛ blɔ tsyɛ́ wɔ́ kɛ́lɛ
kɛlɛ beépo ɔgɔnɛ́ bebéle	kɛlɛ be @@é @@po ɔ @@gɔnɛ́ be @@béle
koɔ,	ko @@ɔ
olũ?	o @@lũ
buúhǔ a-lɛ́ ahɔɛ,	bu @@ú @@hǔ a @@lɛ́ a @@hɔɛ
nɛ otsíɛ́ tsyɛ́ ɛyikɛ ŋa sɛ kɛlɛ ko	nɛ otsíɛ́ tsyɛ́ ɛ @@yikɛ ŋa sɛ kɛlɛ ko
yoo,	yoo
pɛ bútípú ɔ	pɛ bu @@tí @@pú ɔ
tɛ bɔpɛ̃ tɛ bɔ lɔkɔ zɛwa axwɛ̃ nɔ́,	tɛ bɔ @@pɛ̃ tɛ bɔ lɔkɔ zɛ @@wa a @@xwɛ̃ nɔ́
Yɛ agbana olɔ,	yɛ a @@gbana o @@lɔ
anɛ bulĩ́ɛ́ shú yɛ bhoso bá	a @@nɛ bu @@lĩ @@ɛ́ shú yɛ bhoso bá
yoo ihú blɔ aka	yoo i @@hú blɔ a @@ka
pɛ alɔkɔe wunɔ etití	pɛ a @@lɔkɔ @@e wu @@nɔ e @@tití
ɛklɛ besí riɖiɖiɖi,	ɛ @@klɛ be @@sí riɖiɖiɖi
kɔshɔkɔ́ lá,	kɔshɔkɔ́ la @@
pɛ abashɔ	pɛ a @@ba @@shɔ
kɛlɛ ɛbhɛtɛ nɛ́ kɛlɛ kɛlɛ.. err... ɔyayǎ nɔ́,	kɛlɛ ɛ @@bhɛtɛ nɛ́ kɛlɛ kɛlɛ err ɔ @@yayǎ nɔ́
err wonɔ anɔ tabha tɛtá nɛ́ wɔ	err wonɔ a @@nɔ ta @@bha tɛ @@tá nɛ́ wɔ
pɛ ɔlɔkɔ bunuɔ gɛ	pɛ ɔ @@lɔkɔ bu @@nu @@ɔ gɛ
osíɛ́ sɛ ewu kokoko,	o @@sí @@ɛ́ sɛ e @@wu kokoko
ɔnyá ɔbhíá nɔ́ méke,	ɔ @@nyá ɔ @@bhíá nɔ́ méke
ibói ɛ,	i @@bó @@i ɛ
sɛ tɛ bɔwá bɔpɛ̃ gagãlĩ	sɛ tɛ bɔ @@wá bɔ @@pɛ̃ gagãlĩ
yoo,	yoo
Bɔkɔ́ alɛ ɔgã	bɔ @@kɔ́ a @@lɛ ɔ @@gã
kɛɖaŋu,	kɛ @@ɖaŋu
bɔbatɔɖɔ nɛ́ osubha abha áníí,	bɔ @@ba @@tɔɖɔ nɛ́ o @@subha a @@bha áníí
asɛ oo bebeɖiɛrr ebú,	a @@sɛ o @@o be @@be @@ɖiɛrr e @@bú
ésí,	kesí
kɛlɛ bɔgɔgɔ̃ɛ nɔ́ babalɔkɔ atɔ kɔ́ besheshe alɛ	kɛlɛ bɔ @@gɔgɔ̃ɛ nɔ́ ba @@ba @@lɔkɔ a @@tɔ kɔ́ be @@sheshe a @@lɛ
klɛ buwí nɔ́nɔ́ gɛ ɛ́kpɛ́ anɔ	klɛ bu @@wí nɔ́ @@nɔ́ gɛ ɛ́ @@kpɛ́ a @@nɔ
osubha abha,	o @@subha a @@bha
Anɔ yé tsǐ nɛ́ kɛ́lɛ obúɔ́ tsyɛ́ Begbe	a @@nɔ yé tsǐ nɛ́ kɛ́lɛ o @@búɔ́ tsyɛ́ Begbe
betelí ɔkɔkɔ́	be @@telí ɔ @@kɔkɔ́
bɔkpɛ́ kɛɖaŋu kɔ wɔ akaalɛ	bɔ @@kpɛ́ kɛ @@ɖaŋu kɔ wɔ a @@ka @@alɛ
kɛlɛ so pɛ ɛɖɔ kibúí lɛ́,	kɛlɛ so pɛ ɛ @@ɖɔ ki @@búí lɛ́
ɛmɔ sɛ kɛ gɛ ɛɛ́ɖɔ otsíɛ́ tsɔ̃ɔ̃	ɛ @@mɔ sɛ kɛ gɛ ɛ @@ɛ́ @@ɖɔ otsíɛ́ tsɔ̃ɔ̃
yɛ abakɔ́ sɛ bunuɔ bɔbagagãlĩ,	yɛ a @@ba @@kɔ́ sɛ bu @@nu @@ɔ bɔ @@ba @@gagãlĩ
sɛ ɛbabalɛ bunu esi kɔ	sɛ ɛ @@ba @@balɛ bu @@nu e @@kesi kɔ
so kana abha butsiɖí	so kana a @@bha bu @@tsiɖi
ahwana osiɛ́ ko,	a @@hwana o @@si @@ɛ́ ko
otsíɛ́ ko batɛ́kaábhɛtɛ ebúí	otsíɛ́ ko ba @@tɛ́ @@ka @@á @@bhɛtɛ e @@búí
ɛhɛ́ɛ,	ɛhɛ́ɛ
pɛ bakɔ bɔdɔ̃ koɔ,	pɛ ba @@kɔ bɔ @@dɔ̃ ko @@ɔ
ɔmɔ sɛ balɛ batrugbu ɔ balɛ	ɔ @@mɔ sɛ balɛ ba @@trugbu ɔ balɛ
lɔsɔlɛ ko,	lɔ @@sɔlɛ ko
lɔ ɛhɛ́ɛ,	lɔ ɛhɛ́ɛ
etsyina kɛwã abha,	e @@tsyina kɛ @@wã a @@bha
pɛ akpɛ́ ozĩ,	pɛ a @@kpɛ́ o @@zĩ
Baba bebedzi kplɔ̃ nɔ́ shú.	ba @@ba be @@be @@dzi kplɔ̃ nɔ́ shú
tenikpó tenikpó,	te @@nikpó te @@nikpó
fóto alɛ gɛ buúbú ɔ,	fóto a @@lɛ gɛ bu @@ú @@bú ɔ
tɛ buwí tɛákpɛ́ yɛ	tɛ bu @@wí tɛ @@á @@kpɛ́ yɛ
nɔ	nɔ
akumawú,	akumawú
klɛ bɔkpɛ́ akukɔlí nɔ́ kɔ́ɛ,	klɛ bɔ @@kpɛ́ a @@kukɔlí nɔ́ kɔ́ @@ɛ
(pɔtɛ́) ɛ,	pɔtɛ́ ɛ
klɛ ɛma gɛ lɛ́ lɛ ɔbha gɛ bamɔ ana	klɛ ɛ @@ma gɛ lɛ́ lɛ ɔ @@bha gɛ ba @@mɔ ana
Bɔ lɔkɔ tɔ wá kɔ́ɛ koɔ,	bɔ lɔkɔ tɔ wá kɔ́ @@ɛ ko @@ɔ
busi nɔ́ kesí,	bu @@si nɔ́ kesí
ɔnyɔ́ wulu kɛ lɛ́ nɔ́ kpɛ́ yɛ mɛ ko,	ɔ @@nyɔ́ wulu kɛ lɛ́ nɔ́ kpɛ́ yɛ mɛ ko
gɛ bɔlɛ Okúɔ́ mɛ nɛ́ ɛkɛlɛ oo,	gɛ bɔ @@lɛ Okú @@ɔ́ mɛ nɛ́ ɛ @@kɛlɛ oo
mɛ,	mɛ
beshopo ababá	be @@shopo a @@ba @@bá
kɛlɛ ahĩa sɛ tɛ blɔ batrugbuɔ	kɛlɛ a @@hĩa sɛ tɛ blɔ ba @@trugbu @@ɔ
yǐyǐɛ tsyɛ́ kibúí kɛlɛ kibe lɛ́	yǐ @@yǐ @@ɛ tsyɛ́ ki @@búí kɛlɛ ki @@be lɛ́
sɛ̃́ɛ̃́ ko edzidze aba.	sɛ̃́ɛ̃́ ko e @@dzidze a @@ba
okumɛ,	o @@kumɛ
kɛlɛnu sɛ batɛ́wa yɛ kúnú,	kɛlɛ @@nu sɛ ba @@tɛ́ @@wa yɛ kúnú
kɛlɛnu ɔzãkɔ́eleté aló	kɛlɛ @@nu ɔ @@zã @@kɔ́ @@e @@leté aló
pɛ eéɖǐ kedě	pɛ e @@é @@ɖǐ ke @@dě
kɛbhɛtɛ gɛ bɔbabhɛtɛ pɛkɛkányáka kɛbaávɛ abhá,	kɛ @@bhɛtɛ gɛ bɔ @@ba @@bhɛtɛ pɛkɛ @@kányáka kɛ @@ba @@á @@vɛ a @@bha @@
gaké batɛ́kaábhɛtɛ ɛ-lɛ ansɛ tsã́,	gaké ba @@tɛ́ @@ka @@á @@bhɛtɛ ɛ @@lɛ ansɛ tsã́
Kɛdɔ̃ nɔ́ so pɛ ɛɖɔ sɛ	kɛ @@dɔ̃ nɔ́ so pɛ ɛ @@ɖɔ sɛ
so ónúpɛ ...kelí azǎ	so ónúpɛ ke @@lí a @@zǎ
álɛ́ nɔ́ kidĩ,	álɛ́ nɔ́ ki @@dĩ
pɛ avɛ buvũɔ mɛ ko,	pɛ a @@vɛ bu @@vũ @@ɔ mɛ ko
kishi.	ki @@shi
ɛklɛ mɛmɔ sɛ́,	ɛ @@klɛ mɛ @@mɔ sɛ́
aa ebúíɛ́ gɛ lɛ sɛ bɔɖɔɔ	aa e @@búí @@ɛ́ gɛ lɛ sɛ bɔ @@ɖɔ @@ɔ
bubatu amɔ́,	bu @@ba @@tu a @@mɔ́
babawɛ̃ bunuɔ nɛ́ ɛklɛ́ nyamaa	ba @@ba @@wɛ̃ bu @@nu @@ɔ nɛ́ ɛ @@klɛ́ nyamaa
butu álɛ́ pétéé koɔ,	bu @@tu álɛ́ pétéé ko @@ɔ
bubadɛ... bɔba... bɔɖɔ kibúíɛ́ tɛ babakɔ́ olɔ kesiakpá.	bu @@ba @@dɛ bɔ @@ba bɔ @@ɖɔ ki @@búí @@ɛ́ tɛ ba @@ba @@kɔ́ o @@lɔ ke @@siakpá
Bɔdɔ̃ tulí zɛplɛ́nɔ flógo pɛ bababhɛtɛ ɔkɔ,	bɔ @@dɔ̃ tulí zɛ @@plɛ́nɔ flógo pɛ ba @@ba @@bhɛtɛ ɔ @@kɔ
so etínyí bhɛtɛ gɛ ababhɛtɛ pɛ	so e @@tí @@nyí bhɛtɛ gɛ a @@ba @@bhɛtɛ pɛ
pétéé ko,	pétéé ko
ɔtɛ́bɔdɛ banɔ sheshe tetí álɛ́	ɔ @@tɛ́ @@bɔ @@dɛ ba @@nɔ sheshe tetí álɛ́
sɛ kɛxwɛ̃ kányáka gɛ bɔsɛ wa,	sɛ kɛ @@xwɛ̃ kányáka gɛ bɔ @@sɛ wa
tɛ adasɔkɛ́ salí nɔ́,	tɛ a @@da @@sɔkɛ́ salí nɔ́
kɛlɛ betsyina akpɛ́ sɛ Kumɛ Kumɛ Kumɛ,	kɛlɛ be @@tsyina a @@kpɛ́ sɛ kumɛ kumɛ kumɛ
bubadɛ... bɔba... bɔɖɔ kibúíɛ́ tɛ babakɔ́ olɔ kesiakpá.	bu @@ba @@dɛ bɔ @@ba bɔ @@ɖɔ ki @@búí @@ɛ́ tɛ ba @@ba @@kɔ́ o @@lɔ ke @@siakpá
nɛ́ ɛklɛ́ gɛ ozi ɔkpasɛ ɔlɛ	nɛ́ ɛ @@klɛ́ gɛ o @@zi ɔ @@kpasɛ ɔ @@lɛ́
nɔ́,	nɔ́
pɛ ba badã sɛ tɛ	pɛ ba ba @@dã sɛ tɛ
nɔ́,	nɔ́
tɛ azã ansɛ wole ko,	tɛ a @@zã ansɛ wole ko
kɛlɛ kibéle.	kɛlɛ ki @@béle
tɛwáa pétéé bɔwa li shú axwɛ̃,	tɛ @@wá @@a pétéé bɔ @@wa li shú a @@xwɛ̃
bebetũ fufu nɔ́	be @@be @@tũ fufu nɔ́
tseɖé olɔ asɛ	tseɖé o @@lɔ a @@sɛ
koɔ,	ko @@ɔ
sɛ tɛ bɔ lɔkɔ wa axwɛ̃ nɔ́,	sɛ tɛ bɔ lɔkɔ wa á @@xwɛ̃ nɔ́
kliso blɔ Okúɔ́ mɛ gɛ budzǐ nɛ́ kɛ́lɛ,	kliso blɔ Okú @@ɔ́ mɛ gɛ bu @@dzǐ nɛ́ kɛ́lɛ
Banyá mɛ.	Banyá mɛ
ɔkɔ́ ɛlĩɛ́ nɛ́ aka kɔ́,	ɔ @@kɔ́ ɛ @@lĩ @@ɛ́ nɛ́ a @@ka kɔ́
bulĩ́ɛ́ kú oo	bu @@lĩ́ @@ɛ́ kú oo
pɛ kibúí nyɛ́ búí tɛ́babá	pɛ ki @@búí nyɛ́ búí tɛ́ @@ba @@bá
anɛ fóto telí gɛ bebevũ	a @@nɛ fóto telí gɛ be @@be @@vũ
bɔlɔ kɔ́ bɔkɔɔ,	bɔlɔ kɔ́ bɔkɔɔ
ee,	ee
yálɛ yenu ɛbobohɛ nɔ́.	yálɛ ye @@nu ɛ @@bobohɛ nɔ́
Klisoɔ bɔlɔ kelĩ́ɛ́ alɛ shú	kliso @@ɔ bɔlɔ ke @@lĩ́ @@ɛ́ a @@lɛ shú
Kɛlɛ bátɔɖɔ ahɔɛ,	kɛlɛ bá @@tɔɖɔ a @@hɔɛ
nɛ́ Banyá,	nɛ́ Banyá
ɔmɔ blɔ tsyɛ́ bɔkasɛ́....	ɔ @@mɔ blɔ tsyɛ́ bɔ @@kasɛ́
ɔzãkɔ́,	ɔ @@zã @@kɔ́
anuvɔ xɔ́nɔ́ ábama klɛ́,	a @@nuvɔ xɔ́nɔ́ a @@ba @@ma klɛ́
beépo wɔ,	be @@é @@po wɔ
akanyáka eébisi lɛ mɛ,	akanyáka e @@é @@bisi lɛ mɛ
gɛ elɛ́ ayɛ̌ nɔ́ mɛ nɛ́ kelĩkekpu	gɛ e @@lɛ́ a @@yɛ̌ nɔ́ mɛ nɛ́ ke @@lĩkekpu
ɛtɔ̃ ɔlɛ ko,	ɛ @@tɔ̃ ɔ @@lɛ ko
Asɛ Okúɔ́ mɛɛɛ́bá.	a @@sɛ Okú @@ɔ́ mɛɛ @@ɛ́ @@bá
buklǔ sɛ kɛwalɔ,	bu @@klǔ sɛ kɛ @@walɔ
kɛlɛ efékéé,	kɛlɛ e @@féké @@é
ee,	ee
Otsí Akumawúɔ́ tsyɛ́ anɔ sheshe tenikpó..	otsí Akumawú @@ɔ́ tsyɛ́ a @@nɔ sheshe te @@nikpó
ɔmɔ sɛ ayɔrɔ,	ɔ @@mɔ sɛ a @@yɔrɔ
ɛ lɛ axwɛ̃wakɔ́ pɛ ɛwa mɛ	ɛ lɛ a @@xwɛ̃ @@wa @@kɔ́ pɛ ɛ @@wa mɛ
ɛɖɔ sɛ ɛbaɖɔ kibúí tilí	ɛ @@ɖɔ sɛ ɛ @@ba @@ɖɔ ki @@búí tilí
pɛ bɔzã nɛ́ ɛkpã́ gagalĩ,	pɛ bɔ @@zã nɛ́ ɛ @@kpã́ gagali @@
So alɛ́ nɔ́ abha bɔka tsiɖí.	so alɛ́ nɔ́ a @@bha bɔ @@ka ka @@tsiɖi
kã́ bɔlɔ pétéé kã́ bɔvɛ axwɛ̃ mɛ,	kã́ bɔlɔ pétéé kã́ bɔ @@vɛ a @@xwɛ̃ mɛ
kɛfɔ̃́ naálɛ miíbú a lɛ́.	kɛ @@fɔ̃́ naálɛ mi @@í @@bú a lɛ́
So ɛbakpɛ́ kesí minú	so ɛ @@ba @@kpɛ́ ke @@sí mi @@nu @@
Adzɛ̃ bhlatɔ tsyɛ́ edzi kɛblɛkpɛ mɛ	a @@dzɛ̃ bhlatɔ tsyɛ́ e @@dzi kɛ @@blɛkpɛ mɛ
Bɔlɔ ishú ahɔɛ	bɔlɔ i @@shú a @@hɔɛ
salí alɛ abakɔ́ sɛ	salí a @@lɛ a @@ba @@kɔ́ sɛ
bazhĩã ɔlɛ kɔ́ wɔ	ba @@zhĩã ɔ @@lɛ kɔ́ wɔ
ɔlɛ bababhɛtɛ ko	ɔ @@lɛ ba @@ba @@bhɛtɛ ko
klɛ blɔ lɛ obúɔ́.	klɛ blɔ lɛ o @@búɔ́
so ónúpɛ ɔbhɛtɛ kana gɛ obó pɛ	so ónúpɛ ɔ @@bhɛtɛ kana gɛ o @@bó pɛ
err tɛlɛ́ besheshe azã.	err tɛ @@lɛ́ be @@sheshe a @@zã
Gɛ ónúpɛ beklǔ takpɛ́kpɛ́ beklǔ blɔ Okúmɛ.	gɛ ónúpɛ be @@klǔ takpɛ́kpɛ́ be @@klǔ blɔ Okú @@mɛ
ko bamɔ wɔ sɛ ɔgɛná	ko ba @@mɔ wɔ sɛ ɔ @@gɛ @@ná
flógo tɛ babhɛtɛ yɛ kɛgɔ yǐ	flógo tɛ ba @@bhɛtɛ yɛ kɛ @@gɔ yǐ
ɔnyɔ́ wulu kɛ lɛ́ nɔ́ kpɛ́ yɛ mɛ ko,	ɔ @@nyɔ́ wulu kɛ lɛ́ nɔ́ kpɛ́ yɛ mɛ ko
abakpâ.	a @@ba @@kpâ
ɔbɔtɔ̃ ɔbhíá nɔ́.	ɔ @@bɔ @@tɔ̃ ɔ @@bhíá nɔ́
vɛnɔ otugba,	vɛ @@nɔ o @@tugba
eyíɛ́ shú,	e @@yí @@ɛ́ shú
buwí gɛ beklu sɛ fever aló err	bu @@wí gɛ be @@klu sɛ fever aló err
babaɖɔ sɛ bebolé kɛpɔtɛ́.	ba @@ba @@ɖɔ sɛ be @@bolé kɛ @@pɔtɛ́
kã́ buge bɔkɔ̃́ é,	kã́ bu @@ge bɔ @@kɔ̃́ é
ogimúnɔ ɛyá,	o @@gi @@múnɔ ɛ @@yá
yoo bɔpã́ nolũ gbea?	yoo bɔ @@pã́ no @@lũ gbe @@a
abakpâ.	a @@ba @@kpâ
tɛ bɔbalũ ko wɔ akaalɛ́ sɛbatɛ́gã bɔli edé,	tɛ bɔ @@ba @@lũ ko wɔ a @@ka @@alɛ́ sɛba @@tɛ́ @@gã bɔlɔ ke @@dé
otsí bɔmɔ bulĩ́ɛ́ pɛ kɛbɔɛ bɔɛ bɔɛ	otsí bɔ @@mɔ bu @@lĩ́ @@ɛ́ pɛ kɛ @@bɔɛ bɔɛ bɔɛ
err Begbe nɛ befu gɛ bedě betelí edě Hahuté,	err Begbe nɛ be @@fu gɛ be @@dě be @@telí e @@dě Hahuté
buklǔ sɛ Nyagasí kɛlɛ kibe elɛ́,	bu @@klǔ sɛ Nyagasí kɛlɛ ki @@be e @@lɛ́
bɔlɔ áníí,	bɔlɔ áníí
aa ónúpɛ bɔbakɔ́ adzɛ̃̌ kɛpɔtɛ́	aa ónúpɛ bɔ @@ba @@kɔ́ a @@dzɛ̃̌ kɛ @@pɔtɛ́
kɛlɛ kibéle	kɛlɛ ki @@béle
kɛlɛ kibéle	kɛlɛ ki @@béle
kliso akpɛ́ oŋúsɛ̃́ nɛ́ tɛwá nɛ	kliso a @@kpɛ́ o @@ŋúsɛ̃́ nɛ́ tɛ @@wá nɛ
kã́ bushe.	kã́ bu @@she
kliso tɛwãwlãkɛ́ nána ma balɛ kishi	kliso tɛ @@wãwlãkɛ́ nána ma balɛ ki @@shi
batɛ́kaábhɛtɛ lɛ hoo ana,	ba @@tɛ́ @@ka @@á @@bhɛtɛ lɛ hoo ana
Soɔ asafo tsyámi nɔ́ edě	so @@ɔ a @@safo tsyámi nɔ́ e @@dě
bɔbakɔ́ wɔ kɛpɔtɛ́	bɔ @@ba @@kɔ́ wɔ kɛ @@pɔtɛ́
ɔdɛ ko efĩ́ aká alɛ,	ɔ @@dɛ ko e @@fĩ́ a @@ká a @@lɛ
mana kɔ́xóé nɔ́,	mana kɔ́xóé nɔ́
kliso ónúpɛ kibui nána abhama wɔnɔ ba ka tsyɛ́ ahɔɛ ɛ,	kliso ónúpɛ ki @@bui nána a @@bha @@ma wɔnɔ ba ka tsyɛ́ a @@hɔɛ ɛ
pɛ alɔ́kɔɛ ata,	pɛ a @@lɔkɔ @@ɛ a @@ta
blɔ egbogbǒɔ́ tsyɛ́ pétéé nɔ́ tsyɛ́	blɔ e @@gbogbǒ @@ɔ́ tsyɛ́ pétéé nɔ́ tsyɛ́
klɛ edzidze avɛ ɛrr salí nɔ́ shú,	klɛ e @@dzidze a @@vɛ ɛrr salí nɔ́ shú
kelitúɔ.	ke @@litú @@ɔ
sɛ tɛ bɔ lɔkɔ tɔ bawá,	sɛ tɛ bɔ lɔkɔ tɔ ba @@wá
Blɔ tsyáká pɛ bɔlɛ kɛlɛ,	blɔ tsyáká pɛ bɔ @@lɛ kɛlɛ
tɛ bɔ lɔkɔ nyɛmɛ err besí akɔ́lɔ́ nɛ tɛwa kányáka,	tɛ bɔ lɔkɔ nyɛmɛ err be @@sí a @@kɔ́lɔ́ nɛ tɛ @@wa kányáka
Klɛ ba-nɔ abaplɛ́nɔ yɛ bɔɛ.	klɛ ba @@nɔ a @@ba @@plɛ́nɔ yɛ bɔɛ
ɔbɔshɛ̃nɔ vɛnɔ bɔpã́ mɛɛ,	ɔ @@bɔ @@shɛ̃ @@nɔ vɛ @@nɔ bɔ @@pã́ mɛ @@ɛ
bɔbatsyu oziɛ́ riɖiɖiɖi oziɛ́...	bɔ @@ba @@tsyu o @@zi @@ɛ́ riɖiɖiɖi o @@zi @@ɛ́
kɛlɛ otsyina lɔkɔ kpɛ́.	kɛlɛ o @@tsyina lɔkɔ kpɛ́
ɛzãkɔ́ eletéɛ́,	ɛ @@zã @@kɔ́ e @@leté @@ɛ́
nɛ́ kɛ́lɛ yɔ̃́ɔ̃́.	nɛ́ kɛ́lɛ yɔ̃́ɔ̃́
err Begbe ké ko butukú ilɛ́	err Begbe ké ko bu @@tukú i @@lɛ́
blɔ batrugbuɔ akányáka	blɔ ba @@trugbu @@ɔ a @@kányáka
anyɛ yɛ alɔkɔ watch ɛ,	a @@nyɛ yɛ a @@lɔkɔ watch ɛ
wonɔ noputɔ mɛ,	wonɔ no @@putɔ mɛ
oo obosúsú sɛ ɛŋaŋa lo	o @@o o @@bo @@súsú sɛ ɛ @@ŋaŋa lo
kɔ ba ka,	kɔ ba ka
Ko ɛmɔ sɛ kɛlɔ́ gɛ alɔ́ álɛ́,	ko ɛ @@mɔ sɛ kɛ @@lɔ́ gɛ a @@lɔ́ álɛ́
bezedekú busí bhlatɔ esí,	be @@ze @@de @@kú bu @@sí bhlatɔ e @@sí
ɔsɛ asɛnɛ́	ɔ @@sɛ a @@sɛnɛ́
ahɔɛ,	a @@hɔɛ
kɛlɛnu ɔzãkɔ́eleté kúnú	kɛlɛ @@nu ɔ @@zã @@kɔ́ @@e @@leté kúnú
elɛ́ ɔwɛ̃ yiyiɛ́ tsyɛ́ kɛlɛ nɛɛ́lɛ́,	e @@lɛ́ ɔ @@wɛ̃ yi @@yi @@ɛ́ tsyɛ́ kɛlɛ nɛɛ́lɛ́
sɛ yalɛ aŋa yalɛ abaŋa,	sɛ yalɛ a @@ŋa yalɛ a @@ba @@ŋa
Kɛlɛ ónúpɛ kɛxwɛ̃ nɔ́ nɔ́ gɛ ɛ lɛ,	kɛlɛ ónúpɛ kɛ @@xwɛ̃ nɔ́ nɔ́ gɛ ɛ lɛ
ɔdzɛdzɛ̃́ ɔbá,	ɔ @@dzɛdzɛ̃́ ɔ @@bá
ɛklɛ bese eɖǐ koɔ,	ɛ @@klɛ be @@se e @@ɖǐ ko @@ɔ
kɛlɛ so yɛ xɔ̃́nɔ́ kibenyíbe ko kɛlɛ nu	kɛlɛ so yɛ xɔ̃́nɔ́ ki @@benyíbe ko kɛlɛ nu
ko bɔvɔbɔ́ anɔ nɔ́ ko	ko bɔ @@vɔbɔ́ a @@nɔ nɔ́ ko
kitsu pɛ bɔɔ́wa kɛlɛ́,	ki @@tsu pɛ bɔ @@ɔ́ @@wa kɛlɛ́
ee mɛayɛ́ tsyɛ́ kana	ee mɛ @@ayɛ́ tsyɛ́ kana
so otsíɛ́ tsyɛ́ baábhɛtɛ ɛlɛ́,	so otsíɛ́ tsyɛ́ ba @@á @@bhɛtɛ ɛ @@lɛ́
bayɛkɛ,	ba @@yɛkɛ
yoo	yoo
klɛ obúɔ́,	klɛ o @@búɔ́
ɛdzyɔ wonɔ.	ɛ @@dzyɔ wonɔ
kɛlɛ bawa yɛ kúnú béke pétéé.	kɛlɛ ba @@wa yɛ kúnú béke pétéé
kɛshwɛ dzi yɛ ɔbha,	kɛ @@shwɛ dzi yɛ ɔ @@bha
alɛ́ mɛ.	alɛ́ mɛ
kã́ bavɛ kegbuɔ́,	kã́ ba @@vɛ ke @@gbu @@ɔ́
ɔbhɛtɛ yɛ ana,	ɔ @@bhɛtɛ yɛ ana
kliso otsíɛ́ xɔ̃́nɔ́,	kliso otsíɛ́ xɔ̃́nɔ́
batrugbudzi,	ba @@trugbu @@dzi
ihú aka ahɔɛ,	i @@hú a @@ka a @@hɔɛ
eletéɛ́ nɛ́ okúɔ́ mɛ tsyɛ́ oo,	e @@leté @@ɛ́ nɛ́ o @@kú @@ɔ́ mɛ tsyɛ́ oo
tɛ me ibói,	tɛ me i @@bó @@i
kɛtɛ́baba,	kɛ @@tɛ́ @@ba @@ba
sɛ ao balɛ kibúí kɛgɛdzyɔ nɛ́	sɛ ao balɛ ki @@búí kɛ @@gɛ @@dzyɔ nɛ́
banyɛ́ɛ́ babadzyɔ káplɛ káplɛ telí	ba @@nyɛ́ @@ɛ́ ba @@ba @@dzyɔ káplɛ káplɛ telí
balɔkɔ abalɛ kesí	ba @@lɔkɔ a @@balɛ ke @@sí
kibúíɛ	ki @@búí @@ɛ
kɛlɛ anyɛ́núvɔɛ nɔ́ anyɛ́núvɔɛ nɔ́ alɔkɔ,	kɛlɛ a @@nyɛ́núvɔɛ nɔ́ a @@nyɛ́núvɔɛ nɔ́ á @@lɔ́kɔ
sɛ tɛ ɔyikɛ aka gɛ abayikɛ,	sɛ tɛ ɔ @@yikɛ a @@ka gɛ a @@ba @@yikɛ
so otsíɛ́ basɛ err err nɛ́ Begbe salí nɔ́	so otsíɛ́ ba @@sɛ err err nɛ́ Begbe salí nɔ́
ko kɛlɛ yɛ alɔkɔ tɔɖɔ ɔkplɔ̃ nɔ́ abha,	ko kɛlɛ yɛ a @@lɔkɔ tɔɖɔ ɔ @@kplɔ̃ nɔ́ a @@bha
batrugbuɔ butí,	ba @@trugbu @@ɔ bu @@tí
gaké nɛ́ bukusi ampɛ mɛ ɛ,	gaké nɛ́ bu @@kusi a @@mpɛ mɛ ɛ
alɛ́ naálɛ	a @@lɛ́ naálɛ
elí títí,	e @@lí títí
lṹ ɔ,	lṹ ɔ
soɔ ɔwɛ̃ yiyiɛ kɛlɛ kibe	so @@ɔ ɔ @@wɛ̃ yi @@yi @@ɛ kɛlɛ ki @@be
ko bɔvɔbɔ́ anɔ nɔ́ ko	ko bɔ @@vɔbɔ́ a @@nɔ nɔ́ ko
ɛhɛ́ɛ bulĩ́ɛ́ bubéle ko,	ɛhɛ́ɛ bu @@lĩ́ @@ɛ́ bu @@béle ko
abhɛtɛ kɔ́ mɛ ansɛ	a @@bhɛtɛ kɔ́ mɛ ansɛ
yɛ aápɛ	yɛ a @@á @@pɛ
oyi nɔ tɔ̃ ko	o @@yi nɔ tɔ̃ ko
kɛdɔ̃nyɛ́dɔ̃ gɛ bhɛtɛ wɔ,	kɛ @@dɔ̃ @@nyɛ́ @@dɔ̃ gɛ bhɛtɛ wɔ
emúnɔ ɛyá ko ezĩɛ,	e @@munɔ ɛ @@ya ko e @@zĩ @@ɛ
klɛ ashɛ̃,	klɛ a @@shɛ̃
sɛ tɛ azɛagbana ɔlɔ,	sɛ tɛ a @@zɛ @@a @@gbana ɔ @@lɔ
idzǔ,	i @@dzǔ
beéɖi bɔdɔ̃,	be @@é @@ɖi bɔ @@dɔ̃
gaké blɔ akaálɛ́ begilũ Tingbě	gaké blɔ a @@ka @@álɛ́ be @@gi @@lũ Tingbě
ahĩá sɛ tɛ ɔkpɛ́ kifúɔ́	a @@hĩá sɛ tɛ ɔ @@kpɛ́ ki @@fú @@ɔ́
yɛ tsyɛ́ kedzi séƒoƒo nɔ́ ansɛ kiblidě,	yɛ tsyɛ́ ke @@dzi séƒoƒo nɔ́ ansɛ ki @@blidě
pɛ osíɛ́ anyana osíɛ́ vũnɔ	pɛ o @@sí @@ɛ́ a @@nyana o @@sí @@ɛ́ vũnɔ
nɛ́ bɔlɔ kampɛ mɛ ɛ tɛwãwlãkɛ́ nána	nɛ́ bɔlɔ ka @@mpɛ mɛ ɛ tɛ @@wã @@wlãkɛ́ nána
babakɔ blɔ	ba @@ba @@kɔ blɔ
ahɔɛ,	a @@hɔɛ
eési,	e @@é @@si
so pɛ gɛ edzidze ashɛ̃ nɛ́ ɔkplɔ̃	so pɛ gɛ e @@dzidze a @@shɛ̃ nɛ́ ɔ @@kplɔ̃
aáwɔɛ yálɛ olũ sɛ	a @@á @@wɔɛ yálɛ o @@lũ sɛ
kɛlɛ kã́ bɔyɛkɛ lɛ ana	kɛlɛ kã́ bɔ @@yɛkɛ lɛ ana
betelí edě err Avɛnɔ.	be @@telí e @@dě err Avɛnɔ
ɛzebolé watch ɛ́ alɔkɔ atɔɖɔ	ɛ @@ze @@bolé watch ɛ́ a @@lɔkɔ a @@tɔɖɔ
balɔkɔ watch ɛ́,	ba @@lɔkɔ watch ɛ́
ababá kitsikpi nɔ́ bɔtɔ̃́,	a @@ba @@bá ki @@tsikpi nɔ́ bɔ @@tɔ̃́
pɛ alɔkɔ etakpú ɔ atɔɖɔ	pɛ a @@lɔkɔ e @@takpú ɔ a @@tɔɖɔ
kɛhĩa sɛ tɛ blɔ batrugbuɔ blɔ	kɛ @@hĩa sɛ tɛ blɔ ba @@trugbu @@ɔ blɔ
kana batá álɛ́ pétéé tenukpó lo	kana ba @@tá alɛ́ pétéé tenukpó lo
tɛ bɔbaɖi aló bɔbakpɛ́	tɛ bɔ @@ba @@ɖi aló bɔ @@ba @@kpɛ́
anyɛ́núvɔɛ nɔ́ eɖi asɛ eeamɔ bui,	a @@nyɛ́núvɔɛ nɔ́ e @@ɖi a @@sɛ eea @@mɔ bui
kɛlɛ so pɛ ɛɖɔ kibúí lɛ́,	kɛlɛ so pɛ ɛ @@ɖɔ ki @@búí lɛ́
Gɛ ɛgɛzã soɔ	gɛ ɛ @@gɛ @@zã so @@ɔ
békeɛ,	béke @@ɛ
klɛ balɛ tsyɛ́ bezhǐ abá kɛ́lɛ	klɛ balɛ tsyɛ́ be @@zhǐ a @@bá kɛ́lɛ
anyɛ́núvɔɛ nɔ́ agã osíɛ́ kampɛ	a @@nyɛ́núvɔɛ nɔ́ a @@gã o @@sí @@ɛ́ ka @@mpɛ
kɛɖaŋu,	kɛ @@ɖaŋu
kɛlɛ ɔba,	kɛlɛ ɔ @@bá
ŋa ŋa mɛ	ŋa ŋa mɛ
kɔ́xóé nɔ́ dza?,	kɔ́xóé nɔ́ dza
babatɔ bɔdɔ̃,	ba @@ba @@tɔ bɔ @@dɔ̃
shú,	shú
Wonɔ gã	wonɔ gã
kɛvɔbɔ́ kóéyi,	kɛ @@vɔbɔ́ kóéyi
bɔbatɔɖɔ nɛ́ osubha abha áníí,	bɔ @@ba @@tɔɖɔ nɛ́ o @@subha a @@bha áníí
pɛ bɔwɛ̃,	pɛ bɔ @@wɛ̃
Badzɛ̃̌ ɛgɔnɛ́	ba @@dzɛ̃̌ ɛ @@gɔnɛ́
kɛlɛ xɔ̃́nɔ́ obisi kibúí lɛ ŋútɔ́,	kɛlɛ xɔ̃́nɔ́ o @@bisi ki @@búí lɛ ŋútɔ́
bebedzǔ ekusi akɔ́ lɔ	be @@be @@dzǔ e @@kusi a @@kɔ́ lɔ
ansɛ bunu ana,	ansɛ bu @@nu ana
bedě Begbe.	be @@dě Begbe
tsyiami nɔ́ nɔ́ gɛ abayikɛ bunu	tsyiami nɔ́ nɔ́ gɛ a @@ba @@yikɛ bu @@nu
salí nɔ́ err agbɛ̃ nɔ́ abha yɛ abatsɛ́ biskwit	salí nɔ́ err a @@gbɛ̃ nɔ́ a @@bha yɛ a @@ba @@tsɛ́ biskwit
gɛ ebeɖi gbãtɔ nɔ́,	gɛ e @@be @@ɖi gbãtɔ nɔ́
ahĩá sɛ bayikɛ bɔdɔ̃ tilí nɛ́ wɔ	a @@hĩá sɛ ba @@yikɛ bɔ @@dɔ̃ tilí nɛ́ wɔ
kishi.	ki @@shi
sɛ yalɛ aŋa yalɛ abaŋa,	sɛ yalɛ a @@ŋa yalɛ a @@ba @@ŋa
ee otsíɛ́ ɛbabó.	ee otsíɛ́ ɛ @@ba @@bó
tɛ betétukú ekpú ewulɔ	tɛ be @@té @@tukú e @@kpú e @@wulɔ
wonɔ noputɔ mɛ,	wonɔ no @@putɔ mɛ
butsokú kɛyɔ mɛ	bu @@tsokú kɛ @@yɔ mɛ
ɔlɔ akpɛ́ batrugbu nɔ́	ɔ @@lɔ a @@kpɛ́ ba @@trugbu nɔ́
yalɛ yenu ɔtɛtɛrɛ... ɛɛ... ee ɔtɛtɛrɛ.	yalɛ ye @@nu ɔ @@tɛtɛrɛ ɛɛ ee ɔ @@tɛtɛrɛ
Kliso ashwĩ nɔ́ ŋútɔ́ŋútɔ́ nɔ́ err ayɛkɛ	kliso a @@shwĩ nɔ́ ŋútɔ́ @@ŋútɔ́ nɔ́ err a @@yɛkɛ
err Begbe ké ko butukú ilɛ́	err Begbe ké ko bu @@tukú i @@lɛ́
ko kã́ bunyúmú kɛpɔtɛ́ kɔ́ɛ	ko kã́ bu @@nyúmú kɛ @@pɔtɛ́ kɔ́ @@ɛ
so bulĩ́ɛ́ butsǐ buútsǐ genú	so bu @@lĩ́ @@ɛ́ bu @@tsǐ bu @@ú @@tsǐ ge @@nú
sɛ tɛ ɛbaɖi aɖɔ nɛ́	sɛ tɛ ɛ @@ba @@ɖɔ ka @@ɖɔ nɛ́
bɔ-wa besí alɛ pétéé tɛwá lɛ pétéé	bɔ @@wa be @@sí a @@lɛ pétéé tɛ @@wá lɛ pétéé
basɛnɔ ɔlɔ́ beke ɛ,	ba @@sɛnɔ ɔlɔ́ beke ɛ
blɔ egbogbǒɔ́ tsyɛ́ pétéé nɔ́ tsyɛ́	blɔ e @@gbogbǒ @@ɔ́ tsyɛ́ pétéé nɔ́ tsyɛ́
ɔbɔkpɛ́ pampro bulí telí gɛ beklǔ sɛ	ɔ @@bɔ @@kpɛ́ pampro bulí telí gɛ be @@klǔ sɛ
ebúɔ azɛanyana busíɛ́ asɛ eéwu,	e @@bú @@ɔ a @@zɛ @@a @@nyana bu @@sí @@ɛ́ a @@sɛ e @@é @@wu
ɛkɔ tɛbha,	ɛ @@kɔ tɛ @@bha
adzɛ̃̌ ebetéŋú zurú,	a @@dzɛ̃̌ e @@be @@téŋú zurú
mɛ alɛ́ anɔ nɔ́,	mɛ a @@lɛ́ a @@nɔ nɔ́
babaákpɛ́ bɔdɔ̃ akɔ́ ɔlɔ́ nɛ́ klɛ́ nɛ́ bulĩ́ɛ́ mɛ,	ba @@ba @@á @@kpɛ́ bɔ @@dɔ̃ a @@kɔ́ ɔlɔ́ nɛ́ klɛ́ nɛ́ bu @@lĩ́ @@ɛ́ mɛ
tenukpó gɛ ɛbatéŋú ɖɔ,	tenukpó gɛ ɛ @@ba @@téŋú ɖɔ
kráńtɛ hohoe ɔbɔ lɔkɔ oplǔ bu	kráńtɛ hohoe ɔ @@bɔ lɔkɔ o @@plǔ bu
basɛnɔ ɔlɔ́ béke ɛ,	ba @@sɛnɔ ɔlɔ́ béke ɛ
kibéle,	ki @@béle
bulĩ́ɛ́ kú,	bu @@lĩ́ @@ɛ́ kú
kã́ akakála akála kɔ́ ɔma,	kã́ a @@kakála a @@kála kɔ́ ɔ @@ma
aplɛ́nɔ amánkraɖo nɔ́ nɛ́ blɔ Banyá,	a @@plɛ́nɔ a @@mánkraɖo nɔ́ nɛ́ blɔ Banyá
ɛkɔ tɛbha,	ɛ @@kɔ tɛ @@bha
blɔ tsɛrɛ blɔ ɔhɔɛ kpasɛ kibui ɛ́ mɛ,	blɔ tsɛrɛ blɔ ɔ @@hɔɛ kpasɛ ki @@bui ɛ́ mɛ
ɛtɔ̃ ɔlɛ ko,	ɛ @@tɔ̃ ɔ @@lɛ ko
mana kɔ́xóé nɔ́,	mana kɔ́xóé nɔ́
nɛ́ klɛ́	nɛ́ klɛ́
befu ababá,	be @@fu a @@ba @@bá
bɔwá nɔ́,	bɔ @@wá nɔ́
batrugbu nɔ́ kishi,	ba @@trugbu nɔ́ ki @@shi
Blɔ tsyáká pɛ bɔlɛ kɛlɛ,	blɔ tsyáká pɛ bɔ @@lɛ kɛlɛ
pɛ ewokú íklagbu nɔ́ abha ko,	pɛ e @@wokú i @@klagbu nɔ́ a @@bha ko
dzyalélélé aámɔ kɛdɔ̃ tilí,	dzyalélélé a @@á @@mɔ kɛ @@dɔ̃ tilí
pétéé bɔbatɔɖɔ ɛlɛ́,	pétéé bɔ @@ba @@tɔɖɔ ɛ @@lɛ́
ozi alɛ obopú nɛ́ kɛlɛ́	o @@zi a @@lɛ o @@bo @@pú nɛ́ kɛlɛ́
tsyɛ́,	tsyɛ́
yoo,	yoo
kɛlɛ so gɛ kɛba ana	kɛlɛ so gɛ kɛ @@ba ana
ónúpɛ adzɛ̃ err err emúnɔ ɛyá	ónupɛ a @@dzɛ̃ err err e @@munɔ ɛ @@ya
aló ɔsa pɛ bɔlɔkɔ kpɛ́ɛ,	aló ɔ @@sa pɛ bɔ @@lɔkɔ kpɛ́ @@ɛ
gɛ enu batrugbuma gɛ ɛlɛ́ obúɔ́.	gɛ e @@nu ba @@trugbu @@ma gɛ ɛ @@lɛ́ o @@búɔ́
wɔ nɛ eyíɛ́ nɔlɛ́ gagãlĩ ɛhɛ́ɛ	wɔ nɛ e @@yí @@ɛ́ nɔ @@lɛ́ gagãlĩ ɛhɛ́ɛ
Beingbeɛ́ kóŋ́ balɛ bezĩ ki nyéɛ́	be @@ingbe @@ɛ́ kóŋ́ balɛ be @@zĩ ki nyé @@ɛ́
gɛ balɛ áŋa,	gɛ balɛ á @@ŋa
alɛ ko naálɛ	a @@lɛ ko naálɛ
kɛlɛ kɛhĩa kɔ́ kɛɖaŋu é,	kɛlɛ kɛ @@hĩa kɔ́ kɛ @@ɖaŋu é
klɛ ebú ɔ́ akaábá,	klɛ e @@bú ɔ́ a @@ka @@á @@bá
riɖiɖiɖi aná ewi tegegénéɛ́,	riɖiɖiɖi a @@ná e @@wi te @@gegéné @@ɛ́
anyɛ́núvɔɛ nɔ́ ekpũ nɛ́ busí nɔ́ esí,	a @@nyɛ́núvɔɛ nɔ́ e @@kpũ nɛ́ bu @@sí nɔ́ e @@sí
err buhú bɔlɔ akaalɛ́ ahɔɛ,	err bu @@hú bɔlɔ a @@ka @@alɛ́ a @@hɔɛ
abatóŋú asɔlɛ.	a @@ba @@tóŋú a @@sɔlɛ
Aa err...	aa err
tɛ alɔkɔ mana mɛ kɔ́ kesi	tɛ a @@lɔkɔ mana mɛ kɔ́ kesi
etsyina kedě kpɛ́ adzɛ̃̌ɛ́,	e @@tsyina ke @@dě kpɛ́ a @@dzɛ̃̌ @@ɛ́
kɛlɛ ɛkɛlɛ gɛ bunuɔ gã pɛ	kɛlɛ ɛ @@kɛlɛ gɛ bu @@nu @@ɔ gã pɛ
Begetéŋú apwɛ̃ kibúíɛ́ piapíí	be @@ge @@téŋú a @@pwɛ̃ ki @@búí @@ɛ́ piapíí
gaké bakɔnú nɔ́ gɛ alɛ́ pɛ bakla alɛ	gaké ba @@kɔnú nɔ́ gɛ a @@lɛ́ pɛ ba @@kla a @@lɛ
batrugbu nɔ́ kishi,	ba @@trugbu nɔ́ ki @@shi
Err blɔ Okúɔ́ mɛ blɔ pétéé budě	err blɔ Okú @@ɔ́ mɛ blɔ pétéé bu @@dě
ésí,	kesí
bɔtɔ̃́ bɔlɛ mɛ ɔbɔkpɛ́ ahɔɛ,	bɔ @@tɔ̃́ bɔ @@lɛ mɛ ɔ @@bɔ @@kpɛ́ a @@hɔɛ
klɛ bɔkpɛ́ akukɔlí nɔ́ kɔ́ɛ,	klɛ bɔ @@kpɛ́ a @@kukɔlí nɔ́ kɔ́ @@ɛ
kliso balɔkɔ lɛ abhɛtɛ dawadáwá tsyɛ́,	kliso ba @@lɔkɔ lɛ a @@bhɛtɛ dawadáwá tsyɛ́
ko kɛvɔbɔ́ bagɛmɔ ɛklɛ́ gɛ	ko kɛ @@vɔbɔ́ ba @@gɛ @@mɔ ɛ @@klɛ́ gɛ
ɔkpɛ́ kifúɔ́,	ɔ @@kpɛ ki @@fu @@ɔ
ɔlɛ bɔbalɔkɔ yǔ kɛpɔtɛ́ nɔ́,	ɔ @@lɛ bɔ @@ba @@lɔkɔ yǔ kɛ @@pɔtɛ́ nɔ́
abha nɛ́ klɛ́,	a @@bha nɛ́ klɛ́
babatɔɖɔ ketsukpu kifú	ba @@ba @@tɔɖɔ ke @@tsukpu ki @@fú
sɛ tɛ azɛagbana ɔlɔ,	sɛ tɛ a @@zɛ @@a @@gbana ɔ @@lɔ
gaké ao ba ka bagã bɔlɔ kedě,	gaké ao ba ka ba @@gã bɔlɔ ke @@dě
Begbe butukúi vɛnɔ	Begbe bu @@tukú @@i vɛ @@nɔ
gaké nɛ́ bukusi kampɛ mɛ ɛ	gaké nɛ́ bu @@kusi ka @@mpɛ mɛ ɛ
abalɔkɔ vɛnɔ badzɛ̃̌nuvɔɛ	a @@ba @@lɔkɔ vɛ @@nɔ ba @@dzɛ̃̌ @@nuvɔɛ
kibúí tilí lɛ́ obotóŋú bísi	ki @@búí tilí lɛ́ o @@bo @@tóŋú bí @@si
kana minyí	kana mi @@nyí
err tɛlɛ́ besheshe azã.	err tɛ @@lɛ́ be @@sheshe a @@zã
ɔbɔtɔ ɔbhíá nɔ́.	ɔ @@bɔ @@tɔ ɔ @@bhíá nɔ́
álɛ́ nɔ́ kidĩ,	álɛ́ nɔ́ ki @@dĩ
subha akɔ́ sɛ kifúɔ́ kɛtɛ́sɔlɛ piapí,	subha a @@kɔ sɛ ki @@fu @@ɔ kɛ @@tɛ @@sɔlɛ piapi
ónúpɛ wɔ adzɛ̃̌ɛ́ ɔlɛ́ piapíí,	ónúpɛ wɔ a @@dzɛ̃̌ @@ɛ́ ɔ @@lɛ́ piapíí
kɛlɛ betú,	kɛlɛ be @@tú
alɔkɔ aɖuƒẽ́ɛ̃́hókúí atɔ bɔwá kɔ́	a @@lɔkɔ aɖufeɛ̃́hókúí a @@tɔ bɔ @@wá kɔ́
bese eɖi koɔ,	be @@se e @@ɖi ko @@ɔ
ésí,	kesí
gɛ anɔ abá pɛ adawɛ̃ bulĩ́ɛ́ko,	gɛ a @@nɔ a @@bá pɛ a @@da @@wɛ̃ bu @@lĩ́ @@ɛ́ko
kiwi tinikpóɔ,	ki @@wi ti @@nikpó @@ɔ
Osigũ tolí adzi,	o @@sigũ tolí a @@dzi
kititíayɛ́ ahɔɛ sɛ,	ki @@tití @@ayɛ́ a @@hɔɛ sɛ
beseɖǐ ko avɔbɔ́ tabha lɛlɛ́	be @@se @@ɖǐ ko a @@vɔbɔ́ ta @@bha lɛ @@lɛ́
so kibui tilí lɛ́,	so ki @@bui tilí lɛ́
kɛlɛ babhɛtɛ béke kɔ́ anɔ nɔ́	kɛlɛ ba @@bhɛtɛ béke kɔ́ a @@nɔ nɔ́
ɔkɔ́ ɛlĩɛ́ nɛ́ aka kɔ́,	ɔ @@kɔ́ ɛ @@lĩ @@ɛ́ nɛ́ a @@ka kɔ́
bulĩ́ɛ́ egise ekú	bu @@lĩ́ @@ɛ́ e @@gi @@se e @@kú
sɛ ónú bukũ vɔvɔ bukóéyi ɛ,	sɛ ónú bu @@kũ vɔvɔ bu @@kóéyi ɛ
kɛlɛ mɛ badɛmɛ́ kɔ́ wɔ́ kɛlɛ bababhɛtɛ	kɛlɛ mɛ ba @@dɛmɛ́ kɔ́ wɔ́ kɛlɛ ba @@ba @@bhɛtɛ
sɛ ɛbabalɛ bunu esi kɔ	sɛ ɛ @@ba @@balɛ bu @@nu e @@kesi kɔ
err kliso gɛ ɛgɛzã soɔ	err kliso gɛ ɛ @@gɛ @@zã so @@ɔ
Bɔ kpɛ́ nɛ́ kashɛ̃ kɔ́ɛ,	bɔ kpɛ́ nɛ́ ka @@shɛ̃ kɔ́ @@ɛ
pɛ ewunɔ etitíɛ́,	pɛ e @@wu @@nɔ e @@tití @@ɛ́
klɛ avɛ osí bhlatɔ kesí aló ayɛ̌	klɛ a @@vɛ o @@sí bhlatɔ ke @@sí aló a @@yɛ̌
klɛ ɔmɔ sɛ anuvɔ alɛ piapíí,	klɛ ɔ @@mɔ sɛ a @@nuvɔ a @@lɛ piapíí
ɔbɔ lɔkɔ budzyuɖí akɔ́lɔ́	ɔ @@bɔ lɔkɔ bu @@dzyuɖí a @@kɔ́lɔ́
klɛ besi riɖiɖiɖi,	klɛ be @@si riɖiɖiɖi
yoo,	yoo
beyi kedě,	be @@yi ke @@dé
aba nɛ́ shúyɔ́yɔ mɛ,	a @@ba nɛ́ shú @@yɔ @@yɔ mɛ
alɛ ko nɔɖɔ álɛ́.	a @@lɛ ko nɔ @@ɖɔ álɛ́
flógo pɛ babawa ekusíɛ́ gɛ	flógo pɛ ba @@ba @@wa e @@kusí @@ɛ́ gɛ
kpasí,	kpasí
avɛ buvũɔ mɛ,	a @@vɛ bu @@vũ @@ɔ mɛ
gɛ ba ka belũ ilɛ́	gɛ ba ka be @@lũ i @@lɛ́
etíketéŋú agã,	e @@tí @@ke @@téŋú a @@gã
kishi.	ki @@shi
sɛ yalɛ aŋa yalɛ abaŋa,	sɛ yalɛ a @@ŋa yalɛ a @@ba @@ŋa
err yɛ tsyɛ́ á ŋlɔmɛ.	err yɛ tsyɛ́ á ŋlɔmɛ
pɛ kibúí nyɛ́ búí tɛ́babá	pɛ ki @@búí nyɛ́ búí tɛ́ @@ba @@bá
zɛ́zɛ̃̌	zɛ́zɛ̃̌
klɛ balɛ tsyɛ́ dzidze wu avɛ,	klɛ balɛ tsyɛ́ dzidze wu a @@vɛ
Kliso ashwĩ nɔ́ ŋútɔ́ŋútɔ́ nɔ́ err ayɛkɛ	kliso a @@shwĩ nɔ́ ŋútɔ́ @@ŋútɔ́ nɔ́ err a @@yɛkɛ
aa ebúíɛ́ gɛ lɛ sɛ bɔɖɔɔ	aa e @@búí @@ɛ́ gɛ lɛ sɛ bɔ @@ɖɔ @@ɔ
batrugbuɔ butí,	ba @@trugbu @@ɔ bu @@tí
idzini kishi nɔ́ kpɛ́.	i @@dzini ki @@shi nɔ́ kpɛ́
klɛ akasɛ́ so pɛ blɔ tsyɛ́ abhɛtɛ ansɛ bɔ lɛ́ ishú ahɔɛ mɛ.	klɛ a @@kasɛ́ so pɛ blɔ tsyɛ́ a @@bhɛtɛ ansɛ bɔ lɛ́ i @@shú a @@hɔɛ mɛ
anyá wɛ̃ ko,	a @@nyá wɛ̃ ko
kɛvɔbɔ́ telí tsyɛ́ ko kɛlɛ zɛbá,	kɛ @@vɔbɔ́ telí tsyɛ́ ko kɛlɛ zɛ @@bá
ɛbatɔ̃ ɔlɛ,	ɛ @@ba @@tɔ̃ ɔ @@lɛ
kɛlɛ onyí sɛ bulí a lɛ́ etsǐ.	kɛlɛ o @@nyí sɛ bu @@lí a lɛ́ e @@tsǐ
ko blɔ tsyɛ́ bɔgbana ɔma,	ko blɔ tsyɛ́ bɔ @@gbana ɔ @@ma
yoo,	yoo
kitsu pɛ bɔɔ́wa kɛlɛ́,	ki @@tsu pɛ bɔ @@ɔ́ @@wa kɛlɛ́
So ónúpɛ awɛ̃ bɔwá alɛ́ ko,	so ónúpɛ a @@wɛ̃ bɔ @@wá a @@lɛ́ ko
pɛ etsyina,	pɛ e @@tsyina
kɛtakpú ɔkɔ́ pétéé,	kɛ @@takpú ɔ @@kɔ́ pétéé
aló ɔmɔ sɛ akpâ nɔ́,	aló ɔ @@mɔ sɛ a @@kpâ nɔ́
obúɔ́	o @@búɔ́
ansɛ kana gɛ baɖɔɔ,	ansɛ kana gɛ ba @@ɖɔ @@ɔ
Err err buklǔ sɛ	err err bu @@klǔ sɛ
ee so kana ko kɛlɛnu kibúíɛ́,	ee so kana ko kɛlɛ @@nu ki @@búí @@ɛ́
sɛ kidzo elɛ gɛ ɔbɔtɔnɔ	sɛ ki @@dzo e @@lɛ gɛ ɔ @@bɔ @@tɔnɔ
ɛmɔ sɛ kɛ gɛ ɛɛ́ɖɔ otsíɛ́ tsɔ̃ɔ̃	ɛ @@mɔ sɛ kɛ gɛ ɛ @@ɛ́ @@ɖɔ otsíɛ́ tsɔ̃ɔ̃
betínyí drɔ́nɔ gɛ bhɛtɛɛ,	be @@tí @@nyí drɔ́nɔ gɛ bhɛtɛ @@ɛ
mɛ tsyɛ́ lɔkɔ toró,	mɛ tsyɛ́ lɔkɔ toró
Abá agɛbaɖɔ	a @@bá a @@gɛ @@ba @@ɖɔ
tɛ oti ko bulíɛ́ kú oo.	tɛ o @@ti ko bulí @@ɛ́ kú oo
zɛ́zɛ̃̌	zɛ́zɛ̃̌
pɛ inyí err,	pɛ i @@nyí err
batɔɖɔ kúnú bawa kúnú ko,	ba @@tɔɖɔ kúnú ba @@wa kúnú ko
tɛ betétukú ekpú ewulɔ	tɛ be @@té @@tukú e @@kpú e @@wulɔ
Gɛ ónúpɛ ɔlɔkɔ tɔ kɔ́ɛ koɔ,	gɛ ónúpɛ ɔ @@lɔkɔ tɔ kɔ́ @@ɛ ko @@ɔ
batrugbu ɔ bedzí	ba @@trugbu ɔ be @@dzi @@
batrugbu esheshe pétéé wonɔ bunu nɛɛ́lɛ,	ba @@trugbu e @@sheshe pétéé wonɔ bu @@nu nɛɛ́lɛ
yoo lo wulɔ lɔkɔ abhlatɔ mana	yoo lo wulɔ lɔkɔ a @@bhlatɔ mana
err gɛ bɔ... bɔzã Okúɔ́ mɛ nɛ́ kɛ́lɛ,	err gɛ bɔ bɔ @@zã Okú @@ɔ́ mɛ nɛ́ kɛlɛ
bɔɖɔ tseɖé wonɔ	bɔ @@ɖɔ tseɖé wonɔ
batsyiami nɔ́ mɛayɛ́ tenukpó,	ba @@tsyiami nɔ́ mɛ @@ayɛ́ tenukpó
gɛ enu ɔbɔ lɔkɔ bhɛtɛ sɛmpúá alóbɔdɔ̃ tátá	gɛ e @@nu ɔ @@bɔ lɔkɔ bhɛtɛ sɛmpúá alóbɔ @@dɔ̃ tá @@tá
ko kã́ ɔbhɛtɛ yɛ́	ko kã́ ɔ @@bhɛtɛ é
Kana gɛ nɔbɔ...	kana gɛ nɔ @@bɔ
Begbe.	Begbe
anɔdzɛ̃ ebetéŋú ezurú watch	a @@nɔ @@dzɛ̃ e @@be @@téŋú e @@zurú watch
sɛ̃́ɛ̃́ ko ebedzini yɛ alɔkɔ koalɔkɔ adakpɛ́ yɛ bageɛ́ mɛ.	sɛ̃́ɛ̃́ ko e @@be @@dzini yɛ a @@lɔkɔ koa @@lɔkɔ a @@da @@kpɛ́ yɛ bage @@ɛ́ mɛ
bɔ lɔkɔɛ tɔ́ bɔwá,	bɔ lɔkɔ @@ɛ t @@ɔ́ bɔ @@wá
babakɔ́ blɔ	ba @@ba @@kɔ́ blɔ
gɛ ba ka belũ ilɛ́	gɛ ba ka be @@lũ i @@lɛ́
bunuɔ badě kɛlɛ,	bu @@nu @@ɔ ba @@dě kɛlɛ
kɛtsɔ,	kɛ @@tsɔ
ee so kana ko kɛlɛnu kibúíɛ́,	ee so kana ko kɛlɛ @@nu ki @@búí @@ɛ́
klɛ abalɔkɔ pɛn nɛ́ klɛ́,	klɛ a @@ba @@lɔkɔ pɛn nɛ́ klɛ́
kliso ɔ obúɔ́ nɛ obúɔ́ ónúpɛ ahɔɛ	kliso ɔ o @@búɔ́ nɛ o @@búɔ́ ónúpɛ a @@hɔɛ
Begbe.	Begbe
kibui nána bhama blɔ xɔ́nɔ́ ahɔɛ,	ki @@bui nána bha @@ma blɔ xɔ́nɔ́ a @@hɔɛ
anyɛ́núvɔɛ nɔ́ ebezhǐ dzi	a @@nyɛ́núvɔɛ nɔ́ e @@be @@zhǐ dzi
vevétɔ ŋútɔ́ sɛ tɛ bakpɛ́ nɛ́ bɔwá mɛ kibenyíbe.	vevétɔ ŋútɔ́ sɛ tɛ ba @@kpɛ́ nɛ́ bɔ @@wá mɛ ki @@benyíbe
Bebekú ko,	be @@be @@kú ko
pɛ eɖi bɔdɔ̃,	pɛ e @@ɖi bɔ @@dɔ̃
obúɔ́ baágbana wɔ	o @@búɔ́ ba @@á @@gbana wɔ
kɛlɛ obopú,	kɛlɛ o @@bo @@pú
sisɛ nɛ́ kesiakpá,	sisɛ nɛ́ ke @@siakpá
ekebolé	e @@ke @@bolé
piapíí	piapíí
kana bɔbhɛtɛ,	kana bɔ @@bhɛtɛ
ɔlɛ́,	ɔ @@lɛ́
ɖɔ ebúíɛ́ gagãlĩ kɛlɛ kesí kpɛ́kpɛ́naálɛ́,	ɖɔ e @@búí @@ɛ́ gagãlĩ kɛlɛ ke @@sí kpɛ́ @@kpɛ́naálɛ́
budzyuɖí,	bu @@dzyuɖí
balɛ tsyɛ́ abaŋa,	balɛ tsyɛ́ a @@ba @@ŋa
ɛ alɔkɔ...,	ɛ a @@lɔkɔ
tɛ adasɔkɛ́ salí nɔ́	tɛ a @@da @@sɔkɛ́ salí nɔ́
klɛ ezidzidze aba ɔkplɔ̃ nɔ́ shú	klɛ e @@zi @@dzidze a @@ba ɔ @@kplɔ̃ nɔ́ shú
so kɛlɛ́ mɛ ónúpɛ bevũ bevũ ekusíɛ́,	so kɛlɛ́ mɛ ónúpɛ be @@vũ be @@vũ e @@kusí @@ɛ́
etsu tabha	e @@tsu ta @@bha
pɛ anɔ nɔ́ ebetsǐ.	pɛ a @@nɔ nɔ́ e @@be @@tsǐ
pɛ mɛ tsyɛ́ kasɛ́ bunuvɔɛ nɔ́,	pɛ mɛ tsyɛ́ kasɛ́ bu @@nuvɔɛ nɔ́
ɔtɛ́bɔdɛ banɔ sheshe tetí álɛ́	ɔ @@tɛ́ @@bɔ @@dɛ ba @@nɔ sheshe tetí álɛ́
gaké kumɛ ɛhɛ́ɛ yenu kinyéɛ́ kóŋ́.	gaké kumɛ ɛhɛ́ɛ ye @@nu ki @@nyé @@ɛ́ kóŋ́
nɛ́ Máwú inyé mɛ mɛ tsyɛ́ ɛɛ́ɖɔ	nɛ́ Máwú i @@nye mɛ mɛ tsyɛ́ ɛ @@ɛ́ @@ɖɔ
Gɛ ɛgɛzã soɔ	gɛ ɛ @@gɛ @@zã so @@ɔ
ɛbú ɔ́ ezedelɛ́ yɛ amɛ,	ɛ @@bú ɔ́ e @@ze @@de @@lɛ́ yɛ a @@mɛ
klɛ avɛ pɛ editsokú buvũ bhúlí nɔ́	klɛ a @@vɛ pɛ e @@di @@tsokú bu @@vũ bhúlí nɔ́
ozi ɔlɛ mɛ kelitú nɔ́ alɛ́.	o @@zi ɔ @@lɛ mɛ ke @@litú nɔ́ a @@lɛ́
ɔbhɛtɛ kɛlɛ ɔzɔkpɛ́ kishi nɔ́,	ɔ @@bhɛtɛ kɛlɛ ɔ @@zɔ @@kpɛ́ ki @@shi nɔ́
ahɔɛ aló kibúí vévě nɔ́,	a @@hɔɛ aló ki @@búí vévě nɔ́
bɔ lɔkɔ ɖǐ bɔlɔ shú abha nɔ,	bɔ lɔkɔ ɖi bɔlɔ shú a @@bha nɔ
tsiɖi yɛ tsyɛ́ tsiɖi ɔkplɔ̃ nɔ́ abha,	tsiɖi yɛ tsyɛ́ tsiɖi ɔ @@kplɔ̃ nɔ́ a @@bha
yoo beyí aka tsyámi olṹ	yoo be @@yí a @@ka tsyámi o @@lũ @@
ko kɛvɔbɔ́ kóéyi nɛ́ oziɛ mɛ,	ko kɛ @@vɔbɔ́ kóéyi nɛ́ o @@zi @@ɛ mɛ
ohu lotítũ kɛtsɛrɛ́,	o @@hu lo @@tí @@tũ kɛ @@tsɛrɛ́
adzɛ̃ anyɛɛ́ alɔkɔ	a @@dzɛ̃ a @@nyɛ @@ɛ́ a @@lɔkɔ
pɛ ezewunɔ ɛhɔɛ tɛbha nɛ́ etití,	pɛ e @@ze @@wunɔ ɛ @@hɔɛ tɛ @@bha nɛ́ e @@tití
yǐyǐɛ tsyɛ́ kibúí kɛlɛ kibe lɛ́	yǐ @@yǐ @@ɛ tsyɛ́ ki @@búí kɛlɛ ki @@be lɛ́
klɛ akasɛ́ so pɛ blɔ tsyɛ́ abhɛtɛ ansɛ bɔ lɛ́ ishú ahɔɛ mɛ.	klɛ a @@kasɛ́ so pɛ blɔ tsyɛ́ a @@bhɛtɛ ansɛ bɔ lɛ́ i @@shú a @@hɔɛ mɛ
ɔmɔ eyíɛ́,	ɔ @@mɔ e @@yí @@ɛ́
flógo pɛ otsí kɛlɛ tsyɛ́ bazɛ ababaka yɛ kibúí yɛ err ekpú nɔ́ kibúí	flógo pɛ otsí kɛlɛ tsyɛ́ ba @@zɛ a @@ba @@baka yɛ ki @@búí yɛ err e @@kpú nɔ́ ki @@búí
ɛmɔ sɛ kɛ gɛ ɛɛ́ɖɔ otsíɛ́ tsɔ̃ɔ̃	ɛ @@mɔ sɛ kɛ gɛ ɛ @@ɛ́ @@ɖɔ otsíɛ́ tsɔ̃ɔ̃
kelitakpú	ke @@li @@takpú
yalɛ xɔ́nɔ́ anɛ...	yalɛ xɔ́nɔ́ a @@nɛ
Begbe butukúi vɛnɔ	Begbe bu @@tukú @@i vɛ @@nɔ
ɛ ɛ́kasɛ́ nɛ mɛ eyíálɛ́ pétéé,	ɛ ɛ́ @@kasɛ́ nɛ mɛ e @@yí @@álɛ́ pétéé
bɔnyana ɛ-lɛ mɛ	bɔ @@nyana ɛ @@lɛ mɛ
gɛ bɔbá,	gɛ bɔ @@bá
ee,	ee
bawá nɔ́ nɔ́ gɛ azɛ azhĩá	ba @@wá nɔ́ nɔ́ gɛ a @@zɛ a @@zhĩá
So blɔ tsyɛ́ batrugbuɔ bayɛkɛ	so blɔ tsyɛ́ ba @@trugbu @@ɔ ba @@yɛkɛ
ko ɛmɔ sɛ...	ko ɛ @@mɔ sɛ
pɛ ɔbɔbá alɛ	pɛ ɔ @@bɔ @@bá a @@lɛ
ɛbakpɛ́ kesí	ɛ @@ba @@kpɛ́ ke @@sí
bɔlɔ kampɛ alɛ mɛ kɔ́ kesi zãzã	bɔlɔ ka @@mpɛ a @@lɛ mɛ kɔ́ kesi zã @@zã
err awɛ̃ méke pétéé ko,	err a @@wɛ̃ meke pétéé ko
flógo pɛ err babalɔ́ tenikpó	flógo pɛ err ba @@ba @@lɔ́ te @@nikpó
kɛvɔbɔ́ baápɛ bagɛmɔ ɛ,	kɛ @@vɔbɔ́ ba @@á @@pɛ ba @@gɛ @@mɔ ɛ
Gɛ abashɛ̃ avɛ Egɛ̃ nɔ́,	gɛ a @@ba @@shɛ̃ a @@vɛ Egɛ̃ nɔ́
babá	ba @@ba
batrugbu ɔ bedzí	ba @@trugbu ɔ be @@dzi @@
kɛlɛ́ lɛ́ buvũɔ mɛ batɔɖɔ kitsikpi kifú olĩ́,	kɛlɛ́ lɛ́ bu @@vũ @@ɔ mɛ ba @@tɔɖɔ ki @@tsikpi ki @@fú o @@lĩ́
ónúpɛ ɔtẽ́ ɔlɛ́ mɛ ana,	ónúpɛ ɔ @@tẽ ɔ @@lɛ́ mɛ ana
ko kɛlɛ anuvɔ adawɔ̃sɔ̃	ko kɛlɛ a @@nuvɔ a @@da @@wɔ̃sɔ̃
kɛ g' ɛmɔ sɛ abhɛtɛ bulĩ kpɛkpɛ́	kɛ gɛ ɛ @@mɔ sɛ a @@bhɛtɛ bu @@lĩ kpɛkpɛ́
pɛ otsí bawá gɔgɔɛ nɔ́ gɛ bakpasɛ,	pɛ otsí ba @@wá gɔgɔɛ nɔ́ gɛ ba @@kpasɛ
beshopo ababá	be @@shopo a @@ba @@bá
yɔdǒ nɛ́ kɛ́lɛ otsí alɛ.	yɔdǒ nɛ́ kɛlɛ otsí a @@lɛ
ɛzɛbalɔkɔ abhlatɔ lo	ɛ @@zɛ @@ba @@lɔkɔ a @@bhlatɔ lo
pɛ ababalɛ	pɛ a @@ba @@balɛ
pɛ ɔbá kidzǒ mɛ yɔ́ pɔtɔpɔtɔ,	pɛ ɔ @@bá ki @@dzǒ mɛ yɔ́ pɔtɔpɔtɔ
ɔzãkɔ́ ansɛ regent ana	ɔ @@zã @@kɔ́ ansɛ regent ana
kɛbalɛ́ anyɛ́núvɔɛ nɔ́ bha,	kɛ @@ba @@lɛ́ a @@nyɛ́núvɔɛ nɔ́ bha
ɔbɔmɔ sɛ kibenyíbe abadɔ trǎ,	ɔ @@bɔ @@mɔ sɛ ki @@benyíbe a @@ba @@dɔ trǎ
Beingbeɛ́ kóŋ́ balɛ bezĩ ki nyéɛ́	be @@ingbe @@ɛ́ kóŋ́ balɛ be @@zĩ ki nyé @@ɛ́
Kliso nyimɔ́ nyimɔ́ y' ogũɔ	kliso nyimɔ́ nyimɔ́ yɛ o @@gũ @@ɔ
ezhǐ dzi esí,	e @@zhǐ dzi e @@sí
abhɛtɛ méke tɛ bubísií sɛ,	a @@bhɛtɛ méke tɛ bu @@bísi @@í sɛ
ahɔɛ,	a @@hɔɛ
err ɛzãkɔ́ gɛ lɛ blɔ Banyá	err ɛ @@zã @@kɔ́ gɛ lɛ blɔ Banyá
kɛba..	kɛ @@ba
tɛ bɔyikɛ wɔ lɔkɔ mana,	tɛ bɔ @@yikɛ wɔ lɔkɔ mana
ɔma shú.	ɔ @@ma shú
pɛ bɔkpɛ́,	pɛ bɔ @@kpɛ́
balɔkɔ okumɛ akɔ́ ɔlɔ́.	ba @@lɔkɔ o @@kumɛ a @@kɔ́ ɔlɔ́
kɔ́ɛ koɔ,	kɔ́ @@ɛ ko @@ɔ
ewunɔ betúɔ́ mɛ.	e @@wunɔ be @@tú @@ɔ́ mɛ
gɛ yɛ tsyɛ́ bɔlɔkɔ bhɛtɛ bɔwá nɔ́	gɛ yɛ tsyɛ́ bɔ @@lɔkɔ bhɛtɛ bɔ @@wá nɔ́
gaké ónúpɛ omúnɔ ɛyá	gaké ónúpɛ o @@múnɔ ɛ @@yá
alɛ Banyá,	a @@lɛ Banyá
bɔbakɔ́ wɔ kɛpɔtɛ́	bɔ @@ba @@kɔ́ wɔ kɛ @@pɔtɛ́
mɛ,	mɛ
babaplɛ́nɔ olɔ.	ba @@ba @@plɛ́nɔ o @@lɔ
tɛ ba ka elũ	tɛ ba ka e @@lũ @@
otsíɛ bɔbavɛ dɛ duku bu lí	otsí @@ɛ bɔ @@ba @@vɛ dɛ duku bu lí
kɛtɛ́banyanya dza	kɛ @@tɛ́ @@ba @@nyanya dza
ababalɛ kú kifúɔ́ mɛ pétéé	a @@ba @@balɛ kú ki @@fú @@ɔ́ mɛ pétéé
Eklǔ kɛlɛ́ gɛ ebúíɛ́ lalɛ́ nɛ́	e @@klǔ kɛlɛ́ gɛ e @@búí @@ɛ́ la @@lɛ́ nɛ́
bɔdɔ̃ tátá batɛ́bakpɛ́	bɔ @@dɔ̃ tá @@tá ba @@tɛ́ @@ba @@kpɛ́
ee salí	ee salí
kishi.	ki @@shi
kɛlɛ bɔdɔ̃ tátá tsyɛ́ bɔdzakpɛ́ wɔ́	kɛlɛ bɔ @@dɔ̃ tá @@tá tsyɛ́ bɔ @@dza @@kpɛ́ wɔ́
Agɛ abhɛtɛ kɛdɔ̃nyɛ́dɔ̃ koɔ,	a @@gɛ a @@bhɛtɛ kɛ @@dɔ̃ @@nyɛ́ @@dɔ̃ ko @@ɔ
tenikpó nɔ́ eseɖǐ ko,	te @@nikpó nɔ́ e @@se @@ɖǐ ko
wonɔ gã,	wonɔ gã
Klisoɔ bɔlɔ kelĩ́ɛ́ alɛ shú	kliso @@ɔ bɔlɔ ke @@lĩ́ @@ɛ́ a @@lɛ shú
bawɛ̃.	ba @@wɛ̃
Klisoɔ gɛ bɔlɛ kɛ́lɛ,err nɛ́ dzíɖuɖu nɔ́ yɛ kinyé mɛ,	kliso @@ɔ gɛ bɔ @@lɛ kɛlɛerr nɛ́ dzíɖuɖu nɔ́ yɛ ki @@nyé mɛ
elɛ́ ɔwɛ̃ yiyiɛ́ tsyɛ́ kɛlɛ nɛɛ́lɛ́,	e @@lɛ́ ɔ @@wɛ̃ yi @@yi @@ɛ́ tsyɛ́ kɛlɛ nɛɛ́lɛ́
kɛgã gɛ ɔbɔgã pɛ	kɛ @@gã gɛ ɔ @@bɔ @@gã pɛ
mɛ,	mɛ
ɛklɛ́ gɛ bezekú koɔ,	ɛ @@klɛ́ gɛ be @@ze @@kú ko @@ɔ
Gaké blɔ kɛtakpúɔ́ ŋútɔ́ŋútɔ́ xɔ̃́nɔ́	gaké blɔ kɛ @@takpú @@ɔ́ ŋútɔ́ @@ŋútɔ́ xɔ̃́nɔ́
kɛhĩa sɛ bagã bali dé?,	kɛ @@hĩa sɛ ba @@gã balɛ ke @@dé
ɛklɛ nɔ́ abha.	ɛ @@klɛ nɔ́ a @@bha
budzyuɖí bɔlɛ yuyuɔ yɛ balɔkɔ	bu @@dzyuɖí bɔ @@lɛ yuyu @@ɔ yɛ ba @@lɔkɔ
sɛ tɛ anɔ awɛ̃	sɛ tɛ a @@nɔ a @@wɛ̃
asɛ aámɔ ibúí tilí,	a @@sɛ a @@á @@mɔ i @@búí tilí
blɔ kibúí gagãlĩɛ́ kóŋ́ gɛ ɛlɛ blɔ	blɔ ki @@búí gagãlĩ @@ɛ́ kóŋ́ gɛ ɛlɛ blɔ
esí,	kesí
klɛ aba,	klɛ a @@ba
Gɛ ɛgɛzã soɔ	gɛ ɛ @@gɛ @@zã so @@ɔ
kɛbá ko,	kɛ @@bá ko
aka gɛ abayikɛ	a @@ka gɛ a @@ba @@yikɛ
etsyina kedě akpɛ́ yɛ	e @@tsyina ke @@dě a @@kpɛ́ yɛ
tɛ bɔbaɖi aló bɔbakpɛ́	tɛ bɔ @@ba @@ɖi aló bɔ @@ba @@kpɛ́
kɛlɛ akasɛ́...	kɛlɛ a @@kasɛ́
Wonɔ adzyaalɛ́,	wonɔ a @@dzya @@alɛ́
yɛ kɛgɔ tinikpó ɔlɔkɔ	yɛ kɛ @@gɔ ti @@nikpó ɔ @@lɔkɔ
atɔɖɔ kúnú	a @@tɔɖɔ kúnú
pétéé,	pétéé
klɛ akasɛ́ so pɛ blɔ tsyɛ́ abhɛtɛ ansɛ bɔ lɛ́ ishú ahɔɛ mɛ.	klɛ a @@kasɛ́ so pɛ blɔ tsyɛ́ a @@bhɛtɛ ansɛ bɔ lɛ́ i @@shú a @@hɔɛ mɛ
Avɛ buvũɔ mɛ,	a @@vɛ bu @@vũ @@ɔ mɛ
kɛhĩa sɛ tɛ blɔ batrugbuɔ blɔ	kɛ @@hĩa sɛ tɛ blɔ ba @@trugbu @@ɔ blɔ
bɔwá nɔ́,	bɔ @@wá nɔ́
bulĩ́ɛ́ kú,	bu @@lĩ́ @@ɛ́ kú
aló otíbú ɛyá ɖǐ ɛ	aló o @@tí @@bú ɛ @@yá ɖǐ ɛ
Kliso ashwĩ nɔ́ ŋútɔ́ŋútɔ́ nɔ́ err ayɛkɛ	kliso a @@shwĩ nɔ́ ŋútɔ́ @@ŋútɔ́ nɔ́ err a @@yɛkɛ
ebú aápɛ anyɛ́núvɔɛ nɔ́,	e @@bú a @@á @@pɛ a @@nyɛ́núvɔɛ nɔ́
ɛklɛ betsiɛ ákaka ko,	ɛ @@klɛ be @@tsi @@ɛ á @@kaka ko
batrugbuɔ butí,	ba @@trugbu @@ɔ bu @@tí
kana gɛ nɛ́ blɔ ashwĩálɛ́ kibe ɛ,	kana gɛ nɛ́ blɔ a @@shwĩ @@álɛ́ ki @@be ɛ
kɛgɛzã	kɛ @@gɛ @@zã
kɛgã gɛ ɔbɔgã pɛ	kɛ @@gã gɛ ɔ @@bɔ @@gã pɛ
osubha abha,	o @@subha a @@bha
bɔbhɛtɛ ɛlɛ́ bekeɛ́,	bɔ @@bhɛtɛ ɛ @@lɛ́ beke @@ɛ́
ɔmɔ anuvɔ anuvɔ akpasɛ	ɔ @@mɔ a @@nuvɔ a @@nuvɔ a @@kpasɛ
flógo pɛ kifúɔ́ kɛbatóŋú sɔlɛ.	flógo pɛ ki @@fú @@ɔ́ kɛ @@ba @@tóŋú sɔlɛ
bawá ní shí,	ba @@wá nɔ́ shi
befu ababá,	be @@fu a @@ba @@bá
Kliso pɛ idzǔ,	kliso pɛ i @@dzǔ
gaké gɛ ɛtɛ́ɛ́mɔ tútútú soɔ,	gaké gɛ ɛ @@tɛ́ @@ɛ́ @@mɔ tútútú so @@ɔ
klɛ ɛma gɛ lɛ́ lɛ ɔbha gɛ bamɔ ana	klɛ ɛ @@ma gɛ lɛ́ lɛ ɔ @@bha gɛ ba @@mɔ ana
yɛ etsyina kedě,	yɛ e @@tsyina ke @@dě
ɛklɛ asafoatsyɛ nɛ Tsyámi nɔ́	ɛ @@klɛ a @@safoatsyɛ nɛ tsyámi nɔ́
So alɛ́ nɔ́ abha bɔka tsiɖí.	so alɛ́ nɔ́ a @@bha bɔ @@ka ka @@tsiɖi
kibe nɔ́ nɔ́ gɛ buvɛ sɔlɛmɛ ɛ,	ki @@be nɔ́ nɔ́ gɛ bu @@vɛ sɔlɛmɛ ɛ
ɔŋa yɛ,	ɔ @@ŋa yɛ
aló blɔ kɔ́ blɛwuu	aló blɔ kɔ́ blɛwuu
bulĩ gɛ kpasɛ ɔlɔ́ shú mɛ,	bu @@lĩ gɛ kpasɛ ɔlɔ́ shú mɛ
ɛrr err ebú ɔ́ tsyɛ́ evũ err kazhwɛ	ɛrr err e @@bú ɔ́ tsyɛ́ e @@vũ err ka @@zhwɛ
yoo	yoo
kampɛ mɛ	ka @@mpɛ mɛ
bubadɛ... bɔba... bɔɖɔ kibúíɛ́ tɛ babakɔ́ olɔ kesiakpá.	bu @@ba @@dɛ bɔ @@ba bɔ @@ɖɔ ki @@búí @@ɛ́ tɛ ba @@ba @@kɔ́ o @@lɔ ke @@siakpá
blɔ ahɔɛ otsíɛ́.	blɔ a @@hɔɛ otsíɛ́
akpasɛ yɛ mɛ	a @@kpasɛ yɛ mɛ
piapíí	piapíí
kɛlɛ bebetsyina kpɛ́ Tingbě mɛ	kɛlɛ be @@be @@tsyina kpɛ́ Tingbě mɛ
kã bɔdɛ wa ɔmaxwɛ̃ é.	kã bɔ @@dɛ wa ɔ @@ma @@xwɛ̃ é
baáwɛ̃ bunu,	ba @@á @@wɛ̃ bu @@nu
bɔɔ́kɔ́ nɛ́ kishú yɔ́ mɛ,	bɔ @@ɔ́ @@kɔ́ nɛ́ ki @@shú yɔ́ mɛ
basɛ babakɔ́ asɛ bɔ bɔbhɛtɛ	ba @@sɛ ba @@ba @@kɔ́ a @@sɛ bɔ bɔ @@bhɛtɛ
bɔbabú eyíɛ́ pétéé,	bɔ @@ba @@bú e @@yí @@ɛ́ pétéé
Máwú nɔ́ kitití ɛ́,	Máwú nɛ́ ki @@tití ɛ́
kɛlɛnu err bɔdɔ̃ tɔtá alɛ gɛ	kɛlɛ @@nu err bɔ @@dɔ̃ tɔ @@tá a @@lɛ gɛ
Awɛ̃, pétéé,	a @@wɛ̃ pétéé
soɔ wonɔ tsyɛ́ nozeóɖǐ lo,	so @@ɔ wonɔ tsyɛ́ no @@ze @@ó @@ɖǐ lo
yɛ dzyosu nɔ́ nɛ yɛ dɔnyɛ́dɔ̃ pétéé nɔ́ kɛbazã piapíí	yɛ dzyosu nɔ́ nɛ yɛ dɔnyɛ́dɔ̃ pétéé nɔ́ kɛ @@ba @@zã piapíí
Gaké blɔ kɛtakpúɔ́ ŋútɔ́ŋútɔ́ xɔ̃́nɔ́	gaké blɔ kɛ @@takpú @@ɔ́ ŋútɔ́ @@ŋútɔ́ xɔ̃́nɔ́
edewokú yɛ oli nɔ́ abha	e @@de @@wokú yɛ o @@li nɔ́ a @@bha
aámɔ ɛdɔ̃ telí so eékpũ,	a @@á @@mɔ ɛ @@dɔ̃ telí so e @@é @@kpũ
Aa nɔ tsyɛ́ nɔ kɔ́ yɔ́.	aa nɔ tsyɛ́ nɔ kɔ́ yɔ́
buklu busí tulí sɛ aɖatsigoé,	bu @@klu bu @@sí tulí sɛ aɖatsigoé
Gaké blɔ lĩ́ lɛ	gaké blɔ lĩ́ lɛ
tsyámi ɔlɛ́?	tsyámi ɔ @@lɛ́
flógo pɛ yálɛ abá	flógo pɛ yálɛ a @@bá
kɛlɛ anuvɔ ko akpa shogo,	kɛlɛ a @@nuvɔ ko a @@kpa shogo
gaké gɛ awɔ̃hũ̌ kpa kpa babáá	gaké gɛ a @@wɔ̃hũ̌ kpa kpa ba @@bá @@á
anyana ɔgla	a @@nyana ɔ @@gla
ahɔɛ,	a @@hɔɛ
tabha bekedě ɛklɛ́ tsyɛ́,	ta @@bha be @@ke @@dě ɛ @@klɛ́ tsyɛ́
ɔlɔkɔ bhɛtɛ ɔ́lɛ nɔ́,	ɔ @@lɔkɔ bhɛtɛ ɔ @@lɛ nɔ́
alɛ,	a @@lɛ
anyɛ́ɛ́ alɔkɔ salí nɔ́	a @@nyɛ́ @@ɛ́ a @@lɔkɔ salí nɔ́
So blɔ pétéé nɔ́ bɔɔ́kpɛ́ ɛhɔɛ	so blɔ pétéé nɔ́ bɔ @@ɔ́ @@kpɛ́ ɛ @@hɔɛ
kɛhĩa sɛ tɛ blɔ batrugbuɔ blɔ	kɛ @@hĩa sɛ tɛ blɔ ba @@trugbu @@ɔ blɔ
kibúí kóŋ́ gɛ bɔmɔ samɛ tsã́,	ki @@búí kóŋ́ gɛ bɔ @@mɔ samɛ tsã́
ɛɛ ɛbatóŋú ɛbatóŋú abatóŋú asɔlɛ.	ɛɛ ɛ @@ba @@tóŋú ɛ @@ba @@tóŋú a @@ba @@tóŋú a @@sɔlɛ
m,	mɛ
Gɛ bazã kɛlɛ́ lo,	gɛ ba @@zã kɛlɛ́ lo
lewu etsiɖi,	le @@wu e @@tsiɖi
kliso blɔ Okúɔ́ mɛ gɛ budzǐ nɛ́ kɛ́lɛ,	kliso blɔ Okú @@ɔ́ mɛ gɛ bu @@dzǐ nɛ́ kɛ́lɛ
ɔbɔ lɔkɔ kráńtɛ hohoe,	ɔ @@bɔ lɔkɔ kráńtɛ hohoe
Akanyáka lɛ yɛ kɛxwɛ̃ wakɔ́,	a @@kanyáka lɛ yɛ kɛ @@xwɛ̃ wa @@kɔ́
ee bawá inyí alɛ́ tenukpó tenukpó	ee ba @@wá i @@nyí alɛ́ tenukpó tenukpó
pɛ ɔhɔɛ mɛ ɔlɛ́ alɛ	pɛ ɔ @@hɔɛ mɛ ɔ @@lɛ́ a @@lɛ
blɔ ahɔɛ otsíɛ́.	blɔ a @@hɔɛ otsíɛ́
oziɛ mɛ gɛ eéɖi koɔ,	o @@zi @@ɛ mɛ gɛ e @@é @@ɖi o @@ɔ
anyɛ́núvɔɛ nɔ́ zhǐ dzi esí,	a @@nyɛ́núvɔɛ nɔ́ zhǐ dzi e @@sí
riɖiɖiɖi aná ewi tegegénéɛ́,	riɖiɖiɖi a @@ná e @@wi te @@gegéné @@ɛ́
bɔpã́mɛ	bɔ @@pã́ @@mɛ
pɛ ɔɔ́ŋa kɔ alɛ́,	pɛ ɔ @@ɔ @@ŋa kɔ alɛ́
gɛ balɛ áŋa,	gɛ balɛ á @@ŋa
tɛ mitsyina bunuɔ.	tɛ mi @@tsyina bu @@nu @@ɔ
yoo	yoo
balɔkɔ agbana ɔlɔ́	ba @@lɔkɔ a @@gbana ɔlɔ́
kana	kana
nɛ́ kɛ́lɛ yɔ̃́ɔ̃́.	nɛ́ kɛ́lɛ yɔ̃́ɔ̃́
so amɔ́ nɔ́ kidiamɔ́ naálɛ,	so a @@mɔ́ nɔ́ ki @@dia @@mɔ́ naálɛ
sɛ tɛ anɔnyíánɔ asɛ atɔ wá	sɛ tɛ a @@nɔnyíánɔ a @@sɛ a @@tɔ wá
pɛ otsi pɛ bɔbakpɛ́ ɖaŋu,	pɛ otsi pɛ bɔ @@ba @@kpɛ́ ɖaŋu
babhɛtɛ ɛ-lɛ kɛlɛ bazɛ	ba @@bhɛtɛ ɛ @@lɛ kɛlɛ ba @@zɛ
otsí ko kelí azã ko badɛ avɔbɔ́ wɔ	otsí ko ke @@lí a @@zã ko ba @@dɛ a @@vɔbɔ́ wɔ
babhɛtɛ alɛ alɛ abha	ba @@bhɛtɛ a @@lɛ a @@lɛ a @@bha
pɛ otsi bababɔ́ kibuiɛ́	pɛ otsi ba @@ba @@bɔ́ ki @@bui @@ɛ́
gɛ alɔkɔɛ ko,	gɛ a @@lɔkɔ @@ɛ ko
Gaké blɔ kɛtakpúɔ́ ŋútɔ́ŋútɔ́ xɔ̃́nɔ́	gaké blɔ kɛ @@takpú @@ɔ́ ŋútɔ́ @@ŋútɔ́ xɔ̃́nɔ́
ee,	ee
abhɛtɛ kɔ́ mɛ ansɛ	a @@bhɛtɛ kɔ́ mɛ ansɛ
kɛlɛ so pɛ banɔ batɛ́kaákpɛ́samɛ	kɛlɛ so pɛ ba @@nɔ ba @@tɛ́ @@ka @@á @@kpɛ́samɛ
so kã́ ɔbhɛtɛ yɛ	so kã́ ɔ @@bhɛtɛ yɛ
Banyáá err tɛzãzã mɛ.	Banyá @@á err tɛ @@zã @@zã mɛ
gɛ bɔbhɛtɛ nɛ kɛ́lɛ gɛ nu ɔkɔ	gɛ bɔ @@bhɛtɛ nɛ kɛ́lɛ gɛ nu ɔ @@kɔ
bazɛ abaka ɛgɔnɛ́ bebéle lɛ́ tsyɛ́,	ba @@zɛ a @@baka ɛ @@gɔnɛ́ be @@béle lɛ́ tsyɛ́
Alɔkɔ bageɛ́ ko pɛ ashɛ̃.	a @@lɔkɔ bage @@ɛ́ ko pɛ a @@shɛ̃
err ɛzãkɔ́ gɛ lɛ blɔ Banyá	err ɛ @@zã @@kɔ́ gɛ lɛ blɔ Banyá
aba nɛ́ shúyɔ́yɔ mɛ,	a @@ba nɛ́ shú @@yɔ @@yɔ mɛ
ɛ kaklǔ kinyé wo lũ ɖǐ?	ɛ ka @@klǔ ki @@nyé wo lũ ɖǐ
so kɛlɛ́ mɛ ónúpɛ bevũ bevũ ekusíɛ́,	so kɛlɛ́ mɛ ónúpɛ be @@vũ be @@vũ e @@kusí @@ɛ́
kelitú beklǔ ɛkɛlɛ.	ke @@litú be @@klǔ ɛ @@kɛlɛ
Klɛ ba-nɔ abaplɛ́nɔ yɛ bɔɛ.	klɛ ba @@nɔ a @@ba @@plɛ́nɔ yɛ bɔɛ
err gɛ bɔ... bɔzã Okúɔ́ mɛ nɛ́ kɛ́lɛ,	err gɛ bɔ bɔ @@zã Okú @@ɔ́ mɛ nɛ́ kɛlɛ
sɛ nɔɔ́mɔ kitoró gɛ ií toró	sɛ nɔ @@ɔ́ @@mɔ ki @@toró gɛ i @@í toró
