o sey xtok rixoqiil	o' sea x @@tok r @@ixóqiil
ta' nada chi wi' ra richooch	ta' nada chi wi' ra r @@ichooch
pwes ra jupul jaa qe	pwees ra jup @@ul jaa qe
k'ark'aq jaa qe	k'ark' @@aq jaa qe
xe' juntiir	xe' juntiir
rechaq galani' richoochaq juntiir	rechaq galaan @@i' r @@ichooch @@aq juntiir
qusi' juntiir qleen rechaq,	qus @@i' juntiir qleen rechaq
wi' jkwa'yaq,	wi' j @@kwa'y @@aq
wákixaq.	wakix @@aq
Juntiir qleen rechaq,	juntiir qleen rechaq
i sik' rech'elxikaq	i sik' r @@ch'elxik @@aq
koom, neen tren re jpobriil juun.	koom neen t @@r @@en re j @@pobre @@iil jun
Entoons re xtok rixóqil,	entoons re x @@tok r @@ixóqil
kita' jq'unik twer taq	kita' j @@q'unik t @@wer taq
i kita' juntiir	i kita' juntiir
kita' qleen rechaq,	kita' qleen r @@ech @@aq
i xen taq maq kirtyaan xe' jchajej taq sik' wunaq.	i x @@en taq maq kirtyaan xe' j @@chaje @@j taq sik' wunaq
Jo' qachajej man kristyaan li	jo' qa @@chaje @@j man kirtyaan li
¿nemoo twer laj richooch?	nen @@moo t @@wer laj r @@ichooch
porke ta' k'ii qleen re,	porke ta' k'ii qleen re
tiqil ooj.	ti @@q @@il ooj
Che',	cha'
che' man rech'elxik.	che' man r @@ech'elxik
Jaan.	jaan
Che'	cha'
xe' chajej taq sik' kristyaan	xe' chaje @@j taq sik' kirtyaan
i sik' wunaq twer peech rixóqil.	i sik' wunaq t @@wer peech sik' @@ixóqil
Koom kita' jq'u'aq tresaaj ruuq sik' rixóqil,	koom kita' j @@q'u' @@aq t @@r @@e @@saj r @@uuq sik' r @@ixóqil
tijkoj chirijaq jilon li,	ti @@j @@koj chi @@r @@ij @@aq jilon li
jilon li tijq'asaaj jbidaq chuch uleew	jilon li ti @@j @@q'a @@saaj j @@bida @@aq ch @@uch uleew
i xsaqer laj kaab' q'iij	i x @@saq @@er laj kaab' q'iij
xiij sik' wunaq re sik' rixóqil.	x @@iij sik' wunaq re sik' r @@ixóqil
Inb'eena	in @@b'e @@na
¿abeer neench b'inte'?	abeer neen @@ch b' @@in @@te'
re tiqatiij nojeel q'iij,	re ti @@qa @@tij nojeel q'iij
por ke si ta' ineel ta' nada qleen qe t'ókich.	por ke si ta' in @@eel ta' nada qleen qe t' @@ok @@ich
Che' sik' wunaq re.	cha' sik' wunaq re
Entonses xiij sik' anm re.	entoons x @@b'iij sik' ánim re
Per iin ta' chwaaj tachap alaaq',	per iin ta' ch @@waaj t @@a @@chap alaaq'
ta' chwaaj tachap alaaq',	ta' ch @@waaj t @@a @@chap alaaq'
wi' tene' qleen tob'ool laq b'ee	wi' te @@ne' qleen tob'ol laq b'ee
juntiir at'ok laq jaa.	juntiir at' @@ok laq jaa
Laq jaa (tene') at'ok tawesaajch qleen	laq jaa (tene') at' @@ok t @@aw @@e @@saaj @@ch qleen
para ke jilon li taya' chwe iin.	para ke jilon li t @@a @@ya' ch @@we iin
Che' sik' anm re	cha' sik' ánim re
sik' richijiil.	sik' r @@ichijil
Toons xiij sik' wunaq re.	entoons x @@iij sik' wunaq re
In in b'i' pero Dyosi' tankuxtaaj laq b'ee	in iin b'i peer Dyoos @@i' t @@an @@kuxtaa @@j laq b'ee
Che' sik' wunaq re.	cha' sik' wunaq re
Baa jaat b'en	baa jaat b'en
¿abeer neen che' Dyos chaab'?	abeer neen cha' Dyoos ch @@a @@ab'
Che' sik' anm re.	cha' sik' ánim re
Sik' wunaq	sik' wunaq
xpet laq b'ee,	x @@pet laq b'ee
pensar tren, pensar tren,	pensar t @@r @@en pensar t @@r @@en
petzelch baa tikuxtaj Dyos	petz @@el @@ch baa ti @@kuxta @@j Dyoos
¿Neen tijk'am b'i re sik' rixóqil?.	neen ti @@j @@k'am b'i re sik' r @@ixóqil
I xpe, (xpeen)	i x @@pe ???
xpet kabaal koom kab'lojuuj qeselch sik' wunaq,	x @@pet kabaal koom ??? ??? sik' wunaq
qeselch li k'ichelaaj,	qe @@sel @@ch li k'iche'laaj
qeselch jun jun utiiw k'omolch jun ajtzoo' jwi'l.	qe @@sel @@ch jun jun utiiw k'om @@ol @@ch jun ajtzoo' j @@wi'l
Kwando (te) wi' jun nim rij chee',	kwaand (te) wi' jun nim r @@ij chee'
ke sik' wunaq xmuq rib' chi rij jun nim rij chee'.	ke sik' wunaq x @@muq r @@ib' chi r @@ij jun nim r @@ij chee'
I xye' retal xqeejch man utiiw,	i x @@ye' r @@etal x @@qeej @@ch man utiiw
¡kwando tok man utiiw chi jnaaq,	kwaand t @@ok man utiiw chi j @@naaq
xtzaq jch'ool man utiiw!.	x @@tzaq j @@ch'ool man utiiw
Jwi'l tzaqoomch'olaal man utiiw kanjtzaqe' rajtzoo'.	j @@wi'l tzaq @@oom @@ch'ol @@aal man utiiw kan @@j @@t'oj @@e' r @@ajtzoo'
Entonses xpe sik' wunaq kla' xq'ajw li b'ee,	entoons x @@pe sik' wunaq kla' x @@q'aj @@w li b'ee
xk'am b'i man ajtzoo'.	x @@k'am b'i man ajtzoo'
Xtaw chi richooch.	x @@taw chi r @@ichooch
Iin xinta'ch' juun inportuun.	iin x @@in @@ta' @@ch' jun in @@portuun
Che' re sik' anm.	cha' re sik' ánim
¿Neen chiki' li?	neen chik @@i' li
Xche' sik' anm re.	x @@che' sik' ánim re
Iin xintach' juun jun qati' rex.	iin x @@in @@ta' @@ch' jun jun qa @@ti' rex
Xche' re sik' anm peyor xawalq'aajch qe,	x @@che' re sik' ánim peyor x @@aw @@alq' @@aj @@ch qe
xawelq'aajch qe rik'il kristyaan,	x @@aw @@elq' @@aaj @@ch qe r @@ik'iil kirtyaan
laq b'ee tine' wi' ajtzoo' tachapch takamsaj	laq b'ee ti @@ne' wi' ajtzoo' t @@a @@chap @@ch t @@a @@kam @@sáaj
i chwe taya' chiqeoj awaas	i ch @@we t @@a @@ye' chi @@qe @@oj awaas
chuch Dyos.	ch @@uch Dyoos
No si ri juun utiiw k'amownaqch qesélch,	no si ri juun utiiw k'am @@ow @@naq @@ch qes @@el @@ch
laq b'ee iin xinmuq wib' chirij juun chee'.	laq b'ee iin x @@in @@muq wib' chi @@r @@ij juun chee'
¡Xintzaq jch'ool!.	x @@in @@tzaq j @@ch'ool
I xkanjtzaqe' sik' ra sik' rajtzoo'	i x @@kan @@j @@tzaq @@e' sik' ra sik' r @@ajtzoo'
i xink'amch.	i x @@in @@k'am @@ch
Iinalaq'ta' tanb'an.	iin @@alaq' @@ta' t @@an @@b'an
Wen si jiloni' li,	wen si jilon @@i' li
entoons xen tijwá'xik sik' ajtzoo',	entoons x @@en ti @@j @@wa'x @@ik sik' ajtzoo'
xtijtaq, xtijtaq baa laj kaab' q'iij,	x @@tij @@taq x @@tij @@taq baa laj kaab' q'iij
lajrox q'iij ta' chiki' neen tijtij	laj @@r @@ox q'iij ta' chik @@i' neen ti @@j @@tij
che',	cha'
xe' chik sik' wunaq chik,	xe' chik sik' wunaq chik
xe' chik sik' wunaq chik,	xe' chik sik' wunaq chik
xqej chik laq b'ee, laq b'ee qesél b'ik,	x @@qej chik laq b'ee laq b'ee qe @@s @@él b'ik
xq'aax la jun niim k'ichelaaj chaq tril	x @@q'ax la jun nim k'iche'laaj chaq t @@r @@il
che',	cha'
chaq tril qesélch juun ra k'isik',	chaq t @@r @@il qe @@s @@el @@ch jun ra k'isik'
qesélch juun ra k'isik'.	qe @@s @@el @@ch jun ra k'isik'
Entoons xiij re laj raanm,	entoons x @@iij re laj ra @@anm
k'omool xresaaj jpatb'a,	k'am @@ool x @@r @@es @@aaj j @@patb'a
pwes xiij laj ránim.	pwees x @@iij laj r @@ánim
Tanqasaaj na, tanqasaaj na inpat'b'aa,	t @@an @@qa @@saj na t @@an @@qa @@saj na in @@pat'b'aa
tanye' li b'ee	t @@an @@ye' li b'ee
¿abeer neen, abeer si kwando ra k'isik'	abeer neen abeer si kwaand ra k'isik'
tijtij peent atz'aam ch'ool re tinya' re?.	ti @@j @@tij peent atz'aam ch'ool re t @@in @@ya' re
Che' re laj ránim.	cha' re laj r @@ánim
Re xresaj jpatb'aa xkanjye' li b'ee	re x @@r @@e @@saj j @@patb'a x @@kan @@j @@ye' li b'ee
xijmuqe' rib' chralaaj juun chee',	x @@i @@j @@muq @@e' r @@ib' ch @@r @@laaj jun chee'
xejmuqe' rib' chrelaaj juun chee'.	x @@e @@j @@muq @@e' (rib') ch @@r @@elaaj jun chee'
Xpe sik', pe sik', sik' sik' wunaq	x @@pe sik' pe sik' sik' sik' wunaq
xejmuqe' rib' chrelaaj juun chee'.	x @@e @@j @@muq @@e' (rib') ch @@r @@elaaj jun chee'
Kwando xil ra k'isik' qeseel ch'opiin ra k'isik' qeseelch.	kwaand x @@il ra k'isik' qe @@seel ch'opiin ra k'isik' qe @@seel @@ch
xpee xijtek'e' jpaam man jpat'b'aa sik' wunaq,	x @@pee x @@i @@j @@tek @@e' j @@paam man j @@pat'b'aa sik' wunaq
jtek'e' jpaam patb'aa sik' wunaq.	j @@tek' @@e' j @@paam patbaa' sik' wunaq
Xril koow jpatb'aa sik' wunaq	x @@il koow j @@patb'aa sik' wunaq
i xchuluun xilij jpatb'aa ra wunaq.	i x @@chulu @@n xílij j @@patb'aa ra wunaq
Entoones xiij sik' wunaq,	entoons x @@iij sik' wunaq
xiij sik' wunaq ke.	x @@iij sik' wunaq ke
Aay mat xinya' na inpetb'aa re man k'isik'	aay mat x @@in @@ya' na in @@petb'aa re man k'isik'
xaq xkanchulaaj man inpatb'aa	xaq x @@kan @@chulaa @@j man in @@patb'aa
¿Neen moo tajkoj chik b'ik?	neen mood ta @@j @@koj chik b'ik
Iin inb'e na li juun tilmiit,	iin in @@b'e na li juun tilmiit
Che' sik' wunaq.	cha' sik' wunaq
Kwando chaq li xkajne' ra k'isik',	kwaand chaq li x @@kan @@j @@ne' ra k'isik'
xch'ejej ra k'isik',	x @@ch'eje @@j ra k'isik'
xe' chik li wataal,	xe chik li wataal
xe' chik li k'ichelaaj,	xe' chik li k'iche'laaj
xjaaw b'ik, jaaw b'ik.	x @@jaaw b'ik jaw b'ik
Entonses xinb'ona' tewile' chik sik wunaq.	entonses x @@in @@b'on @@a' te @@w @@il @@e' chik sik' wunaq
Chaq tril nojsol jpatb'aa solo chaq chi pwaq nojsel.	chaq t @@r @@il nojso @@l j @@patb'aa sol chaq chi pwaq nojs @@el
Entoons kla' xuker sik' wunaq,	entoons kla' xuk @@er sik' wunaq
xuker sik' wunaq,	xuk @@er sik' wunaq
xuker xtaa re Dyos.	xuk @@er x @@ta re Dyoos
K'omo re sik' ka'n in sweerte,	k'omo re sik' ka'n in sweerte
inportuun niri.	in @@portuun niri
Che' re sik' wunaq,	cha' re sik' wunaq
xuker kla' xq'aj b'ik rik'il rixóqil.	xuk @@er kla' x @@q'aj b'ik r @@ik'il sik' @@ixóqil
Kwando xtaaw chi richooch, xiij,	kwaand x @@taw chi r @@ichooch x @@iij
xiij re rixóqil.	x @@iij re r @@ixóqil
Iin juun insweerte,	in jun in @@sweerte
inportuun xintaaw,	in @@portuun x @@in @@ta'w
ra k'isik' intantzaq jch'ool tanb'ij iin,	ra k'isik' in @@t @@an @@tzaq j @@ch'ool t @@an @@b'ij iin
xinya' inpatb'aa,	x @@in @@ya' in @@patb'a
chi nch'ol iin	chi in @@ch'ool iin
atz'aam tanye' re.	atz'aam t @@in @@ye' re
Xpe re xijtek'ee jpaam inpatb'aa,	x @@pe re x @@i @@j @@tek' @@e' j @@paam in @@patb'aa
xch'ejejch xqejch,	x @@ch'eje @@j @@ch x @@qej @@ch
xijtek'ee' inpatb'aa, chaq twiil iin	x @@i @@j @@tek' @@ee' in @@patb'aa chaq t @@w @@iil iin
xk'oner xilij inpatb'aa.	x @@k'on @@er xílij in @@patb'aa
Xinb'ij iin jchul xen	x @@iin @@b'ij iin j @@chul x @@en
i pwaq xkanjye' xilij inpatb'aa,	i pwaq x @@kan @@j @@ye' xílij in @@patb'aa
iil inpuuch ri bee. Che'. Entoons talbes ri aportuuni' li,	il in @@puuch ri bee cha' entonces talbes ri a @@portuun @@i' li
ma tz'eet, tz'eet ta'iij, k'omoo re Dyos.	ma tz'eet tz'eet t @@a' @@iij k'omo re Dyoos
I si we xawelq'aj qe awaas chuch Dyos.	i si we x @@aw @@elq' @@aaj qe awaas ch @@uch Dyoos
Che' chwe'in dyunabes.	cha' ch @@we @@in dyunabes
Lo ke xen entonses xiij re sik' anm.	lo ke x @@en entonses x @@iij re sik' ánim
¿Peer neen tiqa'an oom?	peer neen ti @@qa @@'an oombre
si ra pwaq ri xkanjye' ra k'isik' chi qe.	si ra pwaq ri x @@kan @@j @@ye' ra k'isik' chi q @@e
Xe' taq li li kayb'il	xe' taq li li kay @@b'il
i xe' chi jloq'iik ruuq sik' rixóqil,	i xe' chi j @@loq' @@ik r @@uuq sik' r @@ixóqil
jq'unikaq,	j @@q'unik @@aq
juntiir lo ke tikoj taq laj richochaq.	juntiir lo ke ti @@j @@koj taq laj r @@ichoch @@aq
I xen jwá'x richooch juntiir.	i x @@en j @@wa'x r @@ichooch juntiir
Xloq' nik'ij kwa'y,	x @@loq' nik'ij kwa'y
juntiir qleen re juntiir.	juntiir qleen re juntiir
Xen jwa'x richooch (jmaal) juntiir.	x @@en j @@wa'x r @@ichooch (jmaal) juntiir
i peechi rixóqil.	i peech @@i' sik' @@ixóqil
Entonses xril chik maq rech'elxik.	entoons x @@r @@il chik maq r @@ech'elxik
¿I neen mood man kristyaan li xb'it rib'?.	i neen mood man kirtyaan li x @@b'it r @@ib'
Ooj ojchakun laq'aab'	ooj oj @@chaak @@un laq'aab'
i wi' besees b'esel q'iij ojqeejch li chaak	i wi' abeses b'esel q'iij oj @@qej @@ch li chaak
i ta' qleen qe ta' nada.	i ta' qleen qe ta' nada
I re ya xloq'a' jkwa'y,	i re ya x @@loq' @@a' j @@kwa'y
xloq'a' juntiir.	x @@loq' @@a' juntiir
Xena' jwa'x richooch,	x @@en @@na' j @@wa'x r @@ichooch
ya wi' chaq juntiir qleen re.	ya wi' chaq juntiir qleen r @@e
¿Inchak ta' ka' chaak la jaa qe tiwa'x?.	neenchaak ta' ka' chaak la jaa qe ti @@wa'x
Xo'laqb'ee qe tjoliin.	xo'l @@aq @@b'ee qe t @@jol @@iin
Che' taq re.	cha' taq re
I ooj chaak tiqa'an	i ooj chaak ti @@qa @@'an
i ta' ojkwin.	i ta' oj @@kwin
Che' taq,	cha' taq
lo ke xen taq,	lo ke x @@en taq
xtz'onaaj taq re,	x @@tz'onaa @@j taq re
che',	cha'
xtz'onaaj taq re sik' wunaq.	x @@tz'ona @@j taq re sik' wunaq
¿Nemoo xab'an?	nemoo x @@a @@'an
¿xab'it awib'	x @@a @@b'it aw @@ib'
o alaq' xa'an?	o alaq' x @@a @@'an
o ¿neen neen xak'ayeej?	o neen neen x @@a @@k'ay @@eej
Che' taq re,	cha' taq re
No iin wi' inportuun xinta'w,	no' iin wi' in @@portuun x @@in @@ta'w
koom ataq ta'an tawila'tiqan,	koom ataq t @@a @@'an t @@aw @@il @@a' @@tiq @@a'n
iin ta' inchakuun	iin ta' in @@chaku @@n
i ta'an taq burlaar inwich,	i t @@a @@'an taq burlaar in @@wiich
ta'an taq k'ex chwee,	t @@a @@'an taq k'ex ch @@we
aasta inawile' taq iin li uuq,	aasta in @@aw @@il @@e' taq iin li uuq
li ma k'ixb'eel ta'n	li ma k'ixb' @@eel ta'n
porke li uuq inwer.	porke li uuq in @@wer
Che' re maq kristyaan,	cha' re maq kirtyaan
xok taq chijtze'j sik' wunaq	x @@ok taq chi @@j @@tze'j sik' wunaq
¿Peer nemood b'an juun toq'ob' chi qe	peer ne @@mood b'an juun toq'ob' chi q @@e
b'iij chi qe ne mo xa'an?.	b'ij chi q @@e neen mod x @@a @@b'an
Para ke xab'it ayb',	para ke x @@a @@b'it a @@yb'
xa'an awichooch,	x @@a @@'an aw @@ichooch
xaloq' awákix	x @@a @@loq' at @@wakix
juntiir akwa'y,	juntiir a @@kwa'y
wi' chaq ruuq awxóqil,	wi' chaq r @@uuq aw @@ixóqil
aq'uniik juntiir.	a @@q'uniik juntiir
Iin tanyool chawe,	iin t @@an @@yol ch @@aw @@e
koom iin insweerte	koom iin in @@sweerte
o aaber neen inb'aniik,	o aaber neen in @@b'an @@ik
ri li Dyos	ri li Dyoos
o aaber sweerte inportuun	o aaber sweerte in @@portuun
xesaajch.	x @@e @@saj @@ch
Nab'ee bweelt	nab'ee bweelt
juun juun utiiw xinmaaj rajtzoo' xijtij	jun jun utiiw x @@in @@maaj r @@ajtzoo' xi @@j @@tij
i laj kaab' q'iij chik xinb'ek	i laj kaab' q'iij chik x @@in @@b'ek
i b'eselkin li k'ichelaaj,	i b'es @@el @@k @@in li k'ichelaaj
xinq'ax li k'ichelaaj chaq twil ra k'isik' qeselch	x @@in @@q'ax li k'iche'laaj chaq t @@w @@il ra k'isik' qes @@el @@ch
i tanye' inpatb'aa re tijteek',	i t @@an @@ye' in @@patb'aa re ti @@j @@teek'
peent li kwando tijtek' inpatb'aa	peent li kwaand ti @@j @@tek' in @@patb'aa
¡Tanchap!	t @@an @@chap
tanche' laj wanm iin.	t @@an @@che' laj w @@anm iin
Jilon ta' li xeel.	jilon ta' li xeel
Xche' sik' wunaq.	x @@che' sik' wunaq
¿Nemoo xa'an chik?.	neen @@moo x @@a @@'an chik
Komoo xk'onoor,	komoo x @@k'ono @@r
xchulaaj inpatb'aa	x @@chulaa @@j in @@patb'aa
i pwaq xkanjye'.	i pwaq x @@kan @@j @@ye'
I jilon li xinb'it wi'b'.	i jilon li x @@in @@b'it w @@i'b'
Iin xaq li tanb'iij chawe,	iin xaq li t @@an @@b'iij ch @@aw @@e
lo ke lo ke xye'sáj chwe iin.	lo ke lo ke x @@ye' @@sáj ch @@we iin
Entoons xiij man wunaq.	entoons x @@iij man wunaq
¿Tye'sáji' chwe'in	t @@ye' @@sáj @@i' ch @@we' @@i'n
si iin tanb'an we in?	si iin t @@an @@b'an we iin
Che' man juun re che'.	che' man jun re cha'
Ta' modoo tanb'ij chawe	ta' modoo t @@an @@b'ij ch @@aw @@e
aan kita' ta'an,	aan kita' t @@a @@'an
si aat tawile' aan	si aat t @@aw @@il @@e' aan
si ta' ta'an,	si ta' t @@a @@'an
si ta' ta'an, pe awetzel chwe,	si ta' t @@a @@'an pe aw @@etzel ch @@w @@e
inbidyoso	inbidyoso
che' tene' chwe,	che' tene' ch @@we
mojor b'an aprobaar	mojor b'an aprobaar
ab'eer neen tye'sáj chawe aat.	ab'eer neen t @@ye' @@sáj ch @@aw @@e aat
Che' re che'.	cha' r @@e cha'
Toos inb'e na.	entoons in @@b'e na
Che' re,	cha' re
xpe re	x @@pe r @@e
che',	cha'
kabaal kab'lojuuj mismoo,	kabaal kab'lojuuj mismoo
xpe re	x @@pe re
che'	cha'
xijye' jpatb'aa,	xi @@j @@ye' j @@patb'aa
xijye' jpatb'aa ¿lamaas, lamaas?	xi @@j @@ye' j @@patb'aa lamaas lamaas
Taal luwaar jilon li,	taal luwar jilon li
jilon li ta'an.	jilon li t @@a @@'an
Che' re,	cha' re
Bween.	bween
Xpe re xresaaj jpatb'aa,	x @@pe re x @@r @@e @@saj j @@patb'aa
xijye' chik jpatb'aa.	xi @@j @@ye' chik j @@patb'aa
¡Kwando chaq tijtaw!	kwaand chaq ti @@j @@taw
meer kab'lojuuj	meer kab'lojuuj
che'.	cha'
Tijiniij k'ichelaaj qeselch.	ti @@jinii @@j k'ichelaaj qe @@sel @@ch
¡Ya xpeti'n, ya xpeti'n!.	ya x @@pet @@i'n ya x @@pet @@i'n
Entoon ya wi' chaq insuweerte.	entoons ya wi' chaq in @@suwerte
Tijiniin xpet,	ti @@j @@iniin x @@pet
che'.	cha'
Kwaand kabaal	kwaand kabaal
kwando tijiniin xpet,	kwaand ti @@j @@inin x @@pet
che',	cha'
tijiniin	ti @@j @@iniin
etqe, b'uq'ch chi chee' qeselch	etqe b'uq' @@ch chi chee' qe @@sel @@ch
che'.	cha'
Chaq tril ke juun nimlaaj kumetz xelch	chaq t @@r @@il ke jun nim @@laaj kumatz x @@eel @@ch
che',	cha'
xeel juun nimlaaj kumetz chi rij	x @@eel jun nim @@laaj kumatz chi r @@ij
che'.	cha'
Entoons jwi'l tzaqom ch'olaal	entoons j @@wi' tzaq @@om ch'ool @@aal
mejor xe' chi richooch	mejor xe' chi r @@ichooch
xe' jb'ij	xe' j @@b'ij
che'.	cha'
Ke estoo juntiir li	ke estoo juntiir li
¿Neen chak aat,	neen chaak aat
nemoo xab'an aat?.	ne @@moo x @@a @@b'an aat
Ke kumetz k'u'ta' xeel chawij,	ke kumatz k'uta' x @@eel ch @@aw @@ij
i iin juun nimlaaj kumetz xeel chwij.	i iin jun nim @@laaj kumatz x @@eel ch @@w @@ij
Che' re.	che' re
Sabeer talbees ta' kuxteel Dyos awi'l,	saber talbees ta' kuxte @@el Dyoos a @@wi'l
pi we iin Dyos tankuxtaaj,	pi we iin Dyoos t @@an @@kuxtaa @@j
i Dyos xa' chwe.	i Dyoos x @@ya' ch @@we
Che' sik' wunaq re.	cha' sik' wunaq re
Peer ta'an chi na aprobaar	peer t @@a @@'an chi na aprobaar
¿abeer neen tqeej chinwch?	abeer neen t @@qej ch @@in @@wch
Che',	cha'
li tijya' taq na chwe	li t @@j @@ya' taq na ch @@we
che'.	cha'
Xpe na laj kaab' q'iij	x @@pe na laj kaab' q'iij
xe' chik juntiir,	xe' chik juntiir
xijye' chik jpatb'aa.	x @@i @@j @@ye' chik j @@patb'aa
Tijiniin xqeej chik laj kab'lojuuj chik	ti @@j @@iniin x @@qej chik laj kablajuuj chik
che'.	cha'
¡Kwando xpe man kumetz!	kwaand x @@pe man kumatz
che',	cha'
xijye' sutaaj rib' xilij jpetb'aa	x @@i @@j @@ye' sut @@aaj r @@ib' xílij j @@petb'aa
che',	cha'
xkanjye' jsaqmolb' xilij	x @@kan @@j @@ye' j @@saqmolb' xílij
che'.	cha'
Xkanjye' saqmolb' xilij man patb'aa.	x @@kan @@j @@ye' saqmolb' xílij man patb'aa
Xpe re	x @@pe re
che'.	cha'
Xk'amch maq saqmolb'	x @@k'am @@ch maq saqmolb'
che',	cha'
xk'am maq saqmolb'	x @@k'am maq saqmolb'
xu' laj richooch,	xu' laj r @@ichooch
xen juun jkojoon	x @@en jun j @@kojon
i xya' maq saqmolb' xilij	i x @@ya' maq saqmólb' xílij
che'.	cha'
Ri inpwaqi' ri,	ri in @@pwaq @@i' ri
saqmolb' xya' taq chwe,	saqmólb' x @@ya' taq ch @@we
trena' bolbeer pwaq li.	t @@re @@na' bolober pwaq li
Che',	cha'
i xpe kwaand xejb'ij re sik' wunaq.	i x @@pe kwaand xe @@j @@b'ij re sik' wunaq
In saqmolb' xye'saaj chwe.	in saqmólb' x @@ye' @@saj ch @@we
A, aat atilw	a aat at @@il @@w
koom kada kyeen rik'il jsuweerte.	koom kada kyeen r @@ik'iil j @@suwerte
Che' sik' wunaq re.	che' sik' wunaq re
Si pwes.	si pwees
Xpe sik' wunaq	x @@pe sik' wunaq
maas xen chik qleen re.	maas x @@en chik qleen re
I re koom wi'l jtz'i'aal re pwaq	i re koom wi'l j @@tz'i' @@aal re pwaq
i xan jkojon.	i x @@an j @@kojon
Li inpwaqi'n.	li in @@pwaq @@i'n
Kwando xeel uxiib' q'iij,	kwaand xeel oxib' q'iij
xeel uxiib' q'iij	xeel oxib' q'iij
che'.	cha'
Maq saqmolb' ke xa' li kajon	maq saqmolb' ke x @@a @@ya' li kajon
kumetz xen bolber.	kumatz x @@en bolber
Kumetz xen bolber,	kumatz x @@en bolber
xen kumetz juntiir chaq, chaq ch'aaw maq kumetz la jaa	x @@en kumatz juntiir chaq chaq ch'aaw maq kumatz la jaa
che'.	cha'
I xen wunaq sipoj rqan,	i x @@en wunaq sipoj r @@aqan
sipoj juntiir, sipoj	sipoj juntiir sipoj
che'.	cha'
Juntiir xyajer juun q'aaq'	juntiir x @@yaj @@er jun q'aaq'
xpe chi rij.	x @@pe chi r @@ij
I koom yaaji' tirile' man kojoon.	i koom yaj @@i' ti @@r @@il @@e' man kojon
Wi' chaq inpwaq tinkunaaj wib'.	wi' chaq in @@pwaq t @@in @@kuna @@j wib'
Che',	cha'
chaq tril maq kumetz	chaq t @@r @@il maq kumatz
che'.	cha'
Entoons sik'iij kristyaan	entoons sik'ii @@j kirtyaan
¿Neen chek juun kristyaan li?.	neen cheek juun kirtyaan li
Xe'saj qleen re	x @@e'sa @@j qleen re
i iin no	i iin no'
iil lo ke xye'sáj chwe in,	iil lo ke x @@ye' @@sáj ch @@we iin
kumetz ye'sáj chwe.	kumatz ye' @@sáj ch @@we
Lo ke jsuweerte juun kristyan,	lo ke j @@suwerte jun kirtyaan
juun meb'a' laj kristyaan,	jun meb'a' laj kirtyaan
ta' tarayaaj taq por ke awaasi'.	ta' ti @@ray @@aaj taq por ke awaas @@i'
Iil lo ke xye'sáj chwe iin,	il lo ke x @@ye' @@sáj ch @@we iin
jwi'l intz'i'al re pwaq,	j @@wi'l in @@tz'i' @@al re pwaq
kumetz xye'sáj laj wichooch.	kumatz x @@ye' @@sáj laj w @@ichooch
Che',	cha'
i xaq li xkanjb'ij re kristyaan	i xaq li x @@kan @@j @@b'ij re kirtyaan
xkaam kristyaan.	x @@kam kirtyaan
Porke xrayeej jwiich sik' meb'a' laj wunaq.	porke x @@raye @@j j @@wiich sik' meb'a' laj wunaq
Entoons ri li tanb'ij,	entoons ri li t @@an @@b'ij
ta' tzii tirayej lo ke wi' re kristyaan,	ta' tzii ti @@rayee @@j lo ke wi' re kirtyaan
nemood re tichakuun juun	ne @@mood re ti @@chakuu @@n jun
i retami' li Dyos neen tren chib' juun.	i r @@etam @@i' li Dyoos neen t @@r @@en chib' jun
Dyosi' tya'w re juun.	Dyoos @@i' t @@ya' @@w re jun
Ji'n.	jii'n
K'omoo chawe	k'amoo ch @@aw @@e
Anastasyo re man etámb'il ri.	Anastasyo re man etam @@b'il ri
byen qaaj Leandro loq' chaq atch'aw tqa'an grabar atziij ayolij. Lajorii tinb'iij jurel inyolj,	bien qaaj leandro loq' chaq at @@ch'aw t @@qa' @@an grabar a @@tziij a @@yolij lajorii t @@in @@b'iij ju @@rel in @@yol @@j
ri' jb'iij re lwaar la Lagunita.	ri' j @@b'iij re lwaar la lagunita
Jb'iij re lwaar la Lagunita,	j @@b'iij re lwaar la Lagunita
tib'j taq ójr qaqaaj qachuuch,	ti @@j @@b'ij taq ójr qa @@qaaj qa @@chuuch
jb'iij li sib'ooy.	j @@b'iij li sib'ooy
I ri' k'uli,	i r @@i'n k'u @@li
ójor taq tziij kita' jaa,	ójor taq tziij kita' jaa
ra kiib' uxib' jaa qe wi'.	ra kiib' oxib' jaa qe wi'
Juun jaa jb'iij	juun jaa j @@b'iij
Keel Tooj,	keel tooj
jun chik jb'iij Xwaan Yaat,	jun chik j @@b'iij xwaan yaat
Ri' k'uli	ri' k'u @@li
kita' k'ii taq	kita' k'ii taq
taq ra jaa	taq ra jaa
wi' jli li li sib'ooy.	wi' jli li li sib'ooy
Jb'iij li sib'ooy	j @@b'iij li sib'ooy
jwi'l qe taq ra woron wi' kla',	jwi'l qe taq ra woron wi' kla'
pur riliik b'ik sib'ooy.	pur r @@il @@iik b'ik sib'ooy
Ri' k'uli xij taq ójr qamaam qatiit'	ri' k'u @@li x @@ij taq ójor qa @@maam qa @@tiit'
re xkan jkoje' taq jb'iij	re x @@kan j @@koj @@e' taq j @@b'iij
ra uleew li sib'ooy.	ra uleew li sib'ooy
I rik'u chi li	i ri @@k'u chi li
wi' chi' ju jun taq re k'otob',	wi' chi' ju jun taq re k'otob'
wi' chiki' taq re k'otob',	wi' chk @@i' taq re k'otob'
Kita' ticheqejek li sáq'j,	kita' ti @@chéqej @@ek li sáq'aj
kiib' taq ra k'otob'	kiib' taq ra k'otob'
juun re tijtij ja' wákx	juun re ti @@j @@tij ja' wákx
i re ch'ojniik,	i re ch'ojn @@iik
I juun chik wi' raalaj jura chaj.	i jun chik wi' r @@alaj ju @@ra chaj
Ra k'aslik ja',	ra k'aslik ja'
i ri' li tijtij qawinaaq	i ri' li ti @@j @@tij qa @@winaaq
li sib'ooy.	li sib'ooy
Rik'u li tijb'iij taq	ri @@k'u li ti @@j @@b'ij taq
ri ójr taq qamaam qatiit'	ri ójor taq qa @@maam qa @@tiit'
re li sib'ooy.	re li sib'ooy
Xkan k'u li	x @@kan k'u li
jb'iij ra uleew	j @@b'iij ra uleew
li sib'ooy.	li sib'ooy
Wi' jure táq'j	wi' ju @@re táq'j
seb'laj qus riliik,	seb'laj qus r @@il @@iik
rex taq k'iim wi' xilj,	rex taq k'iim wi' xilj
re awaj seb'laj qus.	r @@e awaj seb'laj qus
Rik'u li xkan jb'iij taq	ri @@k'u li x @@kan j @@b'iij taq
ójr taq qawinaaq,	ójor taq qa @@winaaq
re ra uleew li sib'ooy.	r @@e ra uleew li sib'ooy
Chusiil	ch @@usiil
xk'ex taq chik jb'iij,	x @@k'ex taq chik j @@b'iij
Xkajkoje' taq jb'iij	x @@kaj @@koj @@e' taq j @@b'iij
la laguniit.	la laguniit
Jwi'l chiki' li	j @@wi'l chik @@i' li
taq ra k'otob'.	taq ra k'otob'
Xkaj koje' taq jb'iij ra uleew	x @@kaj koj @@e' taq j @@b'iij ra uleew
la Laguniit,	la laguniit
lajori ri' li xkan jeqaroq jb'iij.	lajori ri' li x @@kan jeqar @@oq j @@b'iij
Si no ójr taq qamaam qatiit'	si no' ójr taq qa @@maam qa @@tiit'
jb'iij li sib'ooy,	j @@b'iij li sib'ooy
ri' li xkajb'ij taq	ri' li x @@kaj @@b'ij taq
re qa qawi'naaq,	r @@e qa qa @@wi'naaq
lajori xkaj koje' taq jb'iij re lugar	lajori x kaj @@e' taq j @@b'iij r @@e lugar
li Laguniit,	li laguniit
per lajori qawinaaq xk'yantqa'n.	per lajori qa @@winaaq x @@k'i @@yan @@tq @@a'n
I a kwand xk'yan qawinaaq,	i a kwand x @@k'i @@yan qa @@winaaq
lajori xkoj taq karretera chaq' jchii' ra ra uleew,	lajori x @@koj taq karretera chaq' j @@chi' ra ra uleew
i lajori xchupa'teqa' jwiich taq ra k'otob',	i lajori x @@chup @@a' @@teq @@a' j @@wiich taq ra k'otob'
ya xmuqa'teqa'n,	ya x @@muq @@a' @@teq @@a'n
ya xna'teqa' kaamp re.	ya x @@na' @@teq @@a' kaamp r @@e
Lajori rechaq te'etz'an qawinaaq re peloot.	lajori rechaq te' @@etz' @@an qa @@winaaq r @@e peloot
I xya'teqa' Eskweel chi jchi'	i x @@ya' @@teq @@a' eskweel chi j @@chi'
wi' chaq Eskweel,	wi' chaq eskweel
wi chaq Eskweel chijchí jchi ra táq'aj	wi' chaq eskweel chi @@j @@chi' j @@chi' ra táq'aj
i ya wi' chaq ra ra q'ab'tziij chi jnaqaaj.	i ya wi' chaq ra ra qa'b'tziij chi j @@naqaaj
I ya xsutájtaqa' riij la' jaa.	i ya x @@sutaj @@taq @@a' r @@ij la' jaa
Lajori seb'laj k'ichaq qawinaaq,	lajori seb'laj k'i @@chaq qa @@winaaq
i jli la laguniit,	i jli la laguniit
seb'laj wi' naa,	seb'laj wi' naa
seb'laj k'ii tch'aw taq	seb'laj k'ii t @@ch'aw taq
laj qayolj ajtilmiit.	laj qa @@yol @@j aj @@tilmiit
Ri k'u lijori	ri k'u lijori
xk'iyani' jwiich qawinaaq,	x @@k'i @@ya @@ni' j @@wiich qa @@winaaq
i ri k'u li lajori	i ri k'u li lajori
ya xpaxini' jwiich qawinaaq,	ya x @@pax @@i @@i'n j @@wiich qa @@winaaq
jli la Laguniit,	jli la laguniit
i ri' li qas pur qatilmiit taqa'n,	i ri' li qas pur qa @@tilmiit taq @@a'n
ajkojol na ritz'iqaq jwiilaq	aj @@koj @@ol na r @@itz'yeq @@aq j @@wiil @@aq
re re qachuuch i qaqaaj,	r @@e r @@e qa @@chuuch i qa @@qaaj
ri' li ta ta' chupul jwiich ritz'iqaq	ri' li ta' ta' chup @@ul j @@wiich r @@itz'yeq @@aq
qawinaaq jli la laguniit.	qa @@winaaq jli la laguniit
Kla' lim seb'laj tichokon k'u li	kla' li @@m seb'laj ti @@chokon k'u li
jun ajtijonel re qawinaaq kla' li,	jun aj @@tijonel r @@e qa @@winaaq kla' li
por ke ri' li re tb'itsaj jwich qayolj.	por ke ri' li re t @@b'it @@sáj j @@wich qa @@yol @@j
Mat tchup qayólj,	mat t @@chup qa @@yol @@j
xaq tqakoj jq'iij.	xaq t @@qa @@koj j @@q'iij
Ri' k'uli jb'itiik jtziij,	r' k'u @@li j @@b'itiik j @@tziij
ójr taq qaqaaj qachuuch	ójr taq qa @@qaaj qa @@chuuch
xkan jb'ij taq chqe.	x @@kan j @@b'ij taq ch @@qe
Lajori jli la laguniita,	lajori jli la laguniita
seb'laj taq qus laj taq tiko'n tran,	seb'laj taq qus laj taq tiko'n t @@r @@an
ya chaq ran galaan taq kinaq',	ya chaq r @@an galaan taq kinaq'
tresaj qawinaaq	t @@r @@esa @@j qa @@winaq
i galaan taq ab'iix	i galaan taq ab'iix
tresaj taq,	t @@r @@esa @@j taq
qawinaaq jli la laguniit.	qa @@winaaq jli la laguniit
Rik'u li	ri @@k'u li
ri ójr taq tziij,	ri ójr taq tziij
wi' uleew	wi' uleew
ta' tikil jwi'laq,	ta' tik @@iil j @@wi'l @@aq
ójr taq qamaam qatiit'.	ójr taq qa @@maam qa @@tiit'
Per kom lajori	per kom lajori
xk'iyaani' qawinaaq,	x @@k'iy @@aan @@i' qa @@winaaq
lajori galaan taq tiko'n t'eel jili la laguniit,	lajori galaan taq tiko'n t' @@el jili la laguniit
seb'laj qus taq qleen t'eel,	seb'laj qus taq qleen ti @@el
ya chaq tijtiik taq kapee.	ya chaq ti @@j @@tiik taq kapee
Tijtik taq ab'iix,	ti @@j @@tik taq ab'iix
tijtik taq kinaq'	ti @@j @@tik taq kinaq'
tijtik taq pix,	ti @@j @@tik taq pix
jnojeel tiko'n tijtik taq qawinaaq.	j @@nojeel tiko'n ti @@j @@tik taq qa @@winaaq
rik'uli seb'laj qus riliik.	ri @@k'u @@li seb'laj qus r @@il @@iik
Xtik taq ajiij,	x @@tik taq ájij
tijtik taq wákx,	ti @@j @@tik taq wákx
tijtik taq kwa'y,	ti @@j @@tik taq kwa'y
xtik taq ek',	x @@tik taq ek'
xtik kirneer.	x @@tik kirneer
Ri' k'uli lajori	ri' k'u @@li lajori
seb'laj siq'iil riliik,	seb'laj siq'iil r @@il @@iik
ójr taq tziij seb'laj chee',	ójr taq tziij seb'laj chee'
galaan taq kutz'i'j,	galaan taq kutz'i'j
galaan taq woron,	galaan taq woron
per kita' qleen titijow re,	per kita' qleen ti @@tij @@ow re
pero lajori	pero lajori
xpe qawinaaq ya xqesajteqa' chee',	x @@pe qa @@winaaq ya x @@qe @@saj @@teq @@a' chee'
lajori sol chaq tiko'n tren taq,	lajori sol chaq tiko'n t @@r @@en taq
kom xpaxi' jwiich qawinaaq.	kom x @@pax @@i' j @@wiich qa @@winaaq
Ri k'uli xkan jye' taq	ri k'u @@li x @@kan j @@ye' taq
ójr taq qamaam qatiit'.	ójr taq qa @@maam qa @@tiit'
Re re relk'waalaq	r @@e r @@e r @@elk'waal @@aq
re rijmamaq	r @@e r @@ij @@mam @@aq
re ójr taq tziij.	r @@e ójr taq tziij
Lajorii xk'iyaani'	laj'ori x @@k'i @@yan @@i'
jaa lajori seb'laj k'ii jaa chaq,	jaa lajori seb'laj k'ii jaa chaq
lajori ya seb'laj siq'iil chaq riliik,	lajori ya seb'laj siq'iil chaq r @@il @@iik
ya xk'exmaji'n.	ya x @@k'ex @@maj @@i'n
Ya qa,	ya qa @@
ya seb'laj k'iichaq jaa,	ya seb'laj k'ii @@chaq jaa
ya jun nim laj tilmiit,	ya jun nim laj tilmiit
yamer yamer riliik b'ik tilmiit chaq,	yamer yamer r @@il @@iik b'ik tilmiit chaq
kom ya chaq ok ch'iich'.	kom ya chaq ok ch'iich'
Ya wi' chaq seb'laj k'aay	ya wi' chaq seb'laj k'aay
tren taq qawinaaq,	t @@r @@en taq qa @@winaaq
ri k'ulii	ri k'u @@li
i a lajori galaan taq kinaq'	i a lajori galaan taq kinaq'
tresaj taq re k'aay,	t @@r @@esa @@j taq r @@e k'aay
ya te ok chaq ch'iich' chi jk'amiik,	ya ti ok chaq ch'iich' chi j @@k'am @@iik
ri k'uli qawinaaq	ri k'ul @@i qa @@winaaq
xk'aastaji' jwiichaq,	x @@k'aasta @@j @@i'n j @@wiich @@aq
qawinaaq jli la Laguniit.	qa @@winaaq jli la laguniit
Ri k'uli xkan jtike' taq	ri k'u @@li x @@kan j @@tik @@e' taq
ójr taq qamaam qatiit'	ójr taq qa @@maam qa @@tiit'
re jb'iij li sib'ooy.	re j @@b'iij li sib'ooy
Tra woron lajori xchupi jwiich,	tra woron lajori x @@chup @@i j @@wiich
ta' chi' tkeneyik.	ta' chi' t @@keney @@ik
Por ke qawinaaq	por ke qa @@winaaq
xchakuj taq b'ik,	x @@chakú @@j taq b'ik
ya xtika'taqa' tiko'n chuch taq ra uleew.	ya x @@tik @@a' @@taq @@a' tiko'n ch @@uch taq ra uleew
Ri k'uli	ri k'u @@li
xkan jtike' taq	x @@kan j @@tik @@e' taq
re qamaam qatiit',	r @@e qa @@maam qa @@tiit'
lajori jalan chiki' riliik li sib'ooy.	lajori jalan chik @@i' r @@il @@iik li sib'ooy
¿Qaj Leandro	qaaj leandro
i ma ri' ta'k'u li	i ma ri' ta' @@k'u li
re re ixnakat tijb'iij qaqaaj qachuuch	re re ixnakat ti @@j @@b'iij qa @@qaaj qa @@chuuch
ójr taq tziij? ¿ma ritak'u li riliik sib'ooy tab'iij? Taq reweron jb'iij ixnakat,	ójr taq tziij ma ri @@ta @@k'u li r @@il @@iik sib'ooy t @@a @@b'iij taq re @@weron j @@b'iij ixnakat
i ójr taq qamaam qatiit'	i ójr taq qa @@maam qa @@tiit'
tijtija' taq tra woron,	ti @@j @@tij @@a' taq tra woron
seb'laj jk'exwach sib'ooy,	seb'laj j @@k'exwach sib'ooy
seb'laj ki' rúxb',	seb'laj ki' r @@úxb'
taq ra woron li.	taq ra woron li
I ri' k'u li	i ri' k'u li
tiqamaam qatiit' tijtija'teqa'n.	ti @@qa @@maam qa @@tiit' ti @@j @@tij @@a' @@tq @@a'n
Kom ri k'u li	kom ri k'u li
kom seb'laj sol ri' woron li,	kom seb'laj sol ri' woron li
sol ri' li te'elch.	sol ri' li te' @@el @@ch
Ri' k'u li	ri' k'u li
ójr taq qamaam qatiit'	ójr taq qa @@maam qa @@tiit'
ta' tijloq' taq sib'ooy.	ta' ti @@j @@loq' taq sib'ooy
No ke ri' tra axnakat tij tij taq,	no ke ri' tra ixnakat ti @@j tij taq
ri' li tren taq qamaam qatiit'.	ri' li t @@r @@en taq qa @@maam qa @@tiit'
I seb'laj kirneer rik'ilaq	i seb'laj kirneer r @@ik'il @@aq
kom jamali' lwaar,	kom jamal @@i' lwaar
seb'laj kirneer rik'ilaq	seb'laj kirneer r @@ik'il @@aq
tijyuq'aj taq	ti @@j @@yuq' @@aj taq
seb'laj siq'iil riliik,	seb'laj siq'iil r @@il @@iik
wi' seb'laj awaj rik'ilaq.	wi' seb'laj awaaj r @@ik'il @@aq
Wi' seb'laj ek',	wi' seb'laj ek'
ójr taq tziij kita' tq'aax yajeel re ek',	ójr taq tzii kita' t @@q'aax yaj @@eel r @@e ek'
seb'laj k'ii	seb'laj k'ii
seb'laj k'ii ri' rak'aq,	seb'laj k'ii ri' r @@ak' @@aq
seb'laj tiki'kot ranmaq qawinaaq,	seb'laj ti @@ki'kot r @@ánim @@aq qa @@winaaq
seb'laj wákx tikil jwi'laq,	seb'laj wákix tik @@il j @@wi'l @@aq
tikil kwa'y jwi'laq,	tik @@il kwa'y j @@wi'l @@aq
jamali' lamaas tijye' taq	jamal @@i' lamaas ti @@j @@ye' taq
ójr taq qawinaaq.	ójr taq qa @@winaaq
Ri k'u li lajori ta' chiki' looq'	ri k'u li lajori ta' chik @@i' looq'
por ke ya xlatz'abi'n.	por ke ya x @@latz' @@ab' @@i'n
Ta' chiki' lamaas tye'sájw taq	ta' chik @@i' lamaas t @@ye' @@sáj @@w taq
ral awaaj.	ral awaaj
Ta' chiki' tijtik ek',	ta' chik @@i' ti @@j @@tik ek'
lajori ta' chiki' tyo'r taq,	lajori ta' chik @@i' t @@yo'r taq
mas yajeel tq'ax ya xk'exmaji'n,	mas yaj @@eel t @@q'ax ya x @@k'ema @@j @@i'n
lajori raj qawinaaq,	lajori r @@aj qa @@winaaq
rajaq tijtij taq ti'niik,	r @@aj @@aq ti @@j @@tij taq ti'niik
sol chaq loq'om chaq juntiir.	sol chaq loq' @@om chaq juntiir
Jii' ta' ójr taq tziij,	jii' ta' ójr taq tziij
tiqe jtik taq jwiich loq'laj tiko'n,	ti @@qe j @@tik taq j @@wiich loq'laj tiko'n
re kanal jwi'l ajaaw.	r @@e kanal j @@wi'l ajaaw
¿Don Leandro?	don leandro
i neen b'ij ri nen tab'ij aat	i neen b'ij ri nen t @@a @@b'ij aat
re man tiko'n re man poni?	re man tiko'n re man poni
Re man poni,	re man poni
re li seb'laj tijya' pwaaq,	r @@e li seb'laj ti @@j @@ya' pwaaq
man poni	man poni
seb'laj qus,	seb'laj qus
per kom ooj kita' ooj kwiin re,	per kom ooj kita' ooj kwiin re
kom kita' qapwaaq,	kom kita' qa @@pwaaq
ri' li seb'laj qus laj tiko'n.	ri' li seb'laj qus laj tiko'n
Nimaqi' rijiil.	nimaq @@i' r @@ijiil
Pero lajori ooj kita' ooj kwiin re,	pero lijori ooj kita' ooj kwiin r @@e
xaq qawinaaq lamaas wi' tb'antaj taq.	xaq qa @@winaaq lamaas wi' t @@b'an @@taj taq
Tijtik taq ri tiko'n lil	ti @@j @@tik taq ri tiko'n li @@l
Jb'iij maq tra poni.	j @@b'iij maq tra poni
Per ooj ta' ojkwiin,	per ooj ta' oj @@kwiin
kom kita' re qapwaaq,	kom kita' r @@e qa @@pwaaq
ooj qe natun chi rij.	ooj qe natun chi r @@ij
Xaq qatiko'n ooj xaq tral ab'iix,	xaq qa @@tik @@o'n ooj xaq tral ab'iix
taq ra kinaq',	taq ra kinaq'
taq ra kapee.	taq ra kapee
Xaq li qatiko'n ooj	xaq li qa @@tiko'n ooj
i kita' rijil,	i kita' r @@ijiil
i rik'u lamaas wi' nemaq rijiil	i ri' @@k'u lamaas wi' nem @@aq r @@ijiil
kita' ooj kwiin re.	kita' ooj kwiin r @@e
Ójr taq tziij	ójr taq tziij
wi' jura uleew jili jb'iij chimeel,	wi' ju @@ra uleew jili j @@b'iij chimeel
san pawlo baldiyo,	san pawlo baldiyo
ójr taq wi' sesenta i sinko kabaderiiy k'iche'laaj,	ójr taq wi' sesenta i sinko kabaderiiy k'iche'laaj
i ri k'uli ójr taq tziij qawinaaq,	i ri k'u @@li ójr taq tziij qa @@winaaq
xwa'x taq jli chimeel.	x @@wa'x taq jli chimel
Ri' k'u li	ri' k'u li
wi' jun anm,	wi' jun ánim
tijin chi jyuq'iik tra jkirneer,	tijin chi j @@yuq' @@iik tra j @@kirneer
kabaal xelch nik'aj k'ooy	kabaal x @@el @@ch nik'aj k'ooy
ralq'aj taq,	r @@alq'aj taq
xchep taq	x @@chep taq
ra ra rik'laal	ra ra r @@ik'laal
ralq'aj taq b'ik,	r @@alq'á @@j taq b'ik
xe' chik sik' anm,	x @@e' chik sik' ánim
xe' jb'iij re richijil,	x @@e' j @@b'iij r @@e r @@ichijil
xíj toke' taq,	x @@ij tok @@e' taq
ta' chiki' xkwiin taq chij majiik.	ta' chk @@i' x @@kwiin taq chi @@j maj @@iik
Xijtoke' taq chik ní'j kristyaan chik	x @@i @@j @@tok @@e' taq chik ni'j kirtyaan chik
qawinaaq wunaq,	qa @@winaaq wunaq
xi'jtoke' taq	x @@i' @@j @@tok @@e' taq
ta' chiki' xta' taq ra ra ne',	ta' chk @@i' x @@ta' taq ra ra ne'
xk'amtaqa' b'ik laq k'iche'laaj.	x @@k'am @@taq @@a' b'ik laq k'iche'laaj
Ta' chi' xk'utun ra ne',	ta' chi x @@k'utun ra ne'
muk're' xkamk	muk' @@re' x @@kam @@k
o muk're' yo'lik rik'ilaq.	o muk' @@re' yo'l @@ik r @@ik'il @@aq
Baay ji k'uli chik,	baay ji k'u @@li chik
jun q'iij chik xe' chik jun wunaq chik,	jun q'iij chik x @@e' chik jun wunaq chik
kontod sik' rixoqil,	kon @@tod sik' r @@ixoqil
xe' taq chij k'amiik sii',	x @@e' taq chi @@j k'am @@ik sii'
ri' k'uli	ri' k'u @@li
kwand wi' taq chij k'amiik sii',	kwand wi' taq chi @@j k'am @@iik sii'
jun repent qe xelchich maq k'ooy chi rijaq,	jun repent qe x @@el @@chi @@ch maq k'ooy chi ri @@j @@aq
xchapsaj xchapsaj sik' anm	x @@chap @@sáj x @@chap @@sáj sik' ánim
i máj taq b'i siik' rixoqil.	i máj taq b'i siik' r @@ixoqil
I i sik' wunaq	i i sik' wunaq
ta' chi' xkwiin chij majiik sik' rixoqil.	ta' chi x @@kwiin chi @@j maj @@iik sik' r @@ixoqil
Xijb'ij re ni'j kristyaan chik.	x @@i @@j @@b'ij re ni'j kirtyaan chik
Xe' taq chi jtokiik laq k'iche'laaj,	x @@e' taq chi j @@tok @@iik laq k'iche'laaj
kita' chiki' xta' taq.	kita' chik @@i' x @@ta' taq
Xok taq chij tokiik,	x @@ok taq chi @@j tok @@iik
xjama' jq'iijaq chij tokiik sik' anm,	x @@jam @@a' j @@q'iij @@aq chi @@j tok @@iik sik' ánim
ta' chi' xta' taq sik' anm,	ta' chi' x @@ta' taq sik' ánim
xe' laq k'iche'laaj	x @@e' laq k'iche'laaj
ri' k'u li xsach sik' anm.	ri' k'u li x @@sach sik' ánim
Xkan,	x @@kan
ruk' jun q'iij chik,	ruk' jun q'iij chik
wi' chi' ajwakatnel,	wi' chi aj @@wakat @@nel
xe' taq chijtokiik ka'n laq k'iche'laaj.	x @@e' taq chi @@j @@tok @@iik ka'n laq k'iche'laaj
Ri chaq b'esel taq,	ri chaq b'esel taq
ri chaq kabaal xi'jte' taq anm,	ri chaq kabaal x @@i @@j @@te' taq ánim
wi' ralaaj jun pek ab'aj,	wi' r @@alaaj jun pek ab'aj
i xiij taq,	i x @@iij taq
xil anm b'esel ajwakténel	x @@il ánim b'esel aj @@wakat @@énel
xelch jol,	x @@el @@ch jol
xch'ab'eej	x @@ch'ab' @@eej
i xk'amtaqch,	i x @@k'am @@taq @@ch
ji'non li xkwin taq,	jii'non li x @@kwin taq
xkwin xpechiik	x @@kwin x @@pe @@iik
i xpew ajwakténel	i x @@pe @@w aj @@wakat @@énel
xk'am taq b'i sik' anm,	x @@k'am taq b'i sik' ánim
xijye taq	x @@i @@j @@ye' taq
rik'i richjil.	r @@ik'il r @@ichijil
Per kita' chiki ritz'iiq	per kita chik @@i' r @@itz'yeq
kita' chiki' ritz'iiq,	kita' chik @@i' r @@itz'yeq
xk'isi ritz'iiq chi riij laq k'iche'laaj.	x @@k'is @@i' r @@itz'yeq chi r @@iij laq k'iche'laaj
Antos rik'u xiij ra richijil:	antos ri' @@k'u x @@iij ra r @@ichijiil
¡ta' chiki' xatkwiin chi inkoliik!	ta' chik @@i' x @@at @@kwiin chi in @@kol @@iik
Peer in xintija' inq'iij,	peer iin x @@in @@tij @@a' in @@q'iij
ta' chi' xinkwiin	ta' chi x @@in @@kwiin
tche' re sik' anm.	t @@che' r @@e sik' ánim
Antose lajori,	antose lajori
lajori nenk'u xatij li laq laq woron	ljori neen @@k'u x @@a @@tij li laq laq woron
laq k'iche'laaj	laq k'iche'laaj
xche' re.	x @@che' re
In cha' re xi' tintij jwiich taq re chee',	iin cha' re (xi') t @@in @@tij j @@wiich taq re chee'
lo ke tijtij maq k'ooy.	lo ke ti @@j @@tij maq k'ooy
Ri tijya' taq chweyin	ri ti @@j @@ya' taq ch @@we @@yin
tche' tzik' anm,	t @@che' tzik' ánim
troq'b'ej riib' chi jyoliik,	t @@r @@oq' @@b'ej r @@iib' chi j @@yol @@iik
seb'laj k'eex xe'jtije' laq k'iche'laaj.	seb'laj k'eex x @@e' @@j @@tij @@e' laq k'iche'laaj
I kta' ritz'iiq,	i kita' r @@itz'yeq
kita' jq'u',	kita' j @@q'u'
kita' naad,	kita' nada
seb'laj teew,	seb'laj teew
tqej chun teew chi riij sik' anm.	t @@qej chun teew chi r @@iij sik' ánim
Peer si	peer si'
koom xkwin na xtaaw laj richooch.	koom x @@kwin na x @@taw laj r @@ichooch
Peer chi kiib' junaab' rik'i pajnij	peer chi kiib' junaab' r @@ik'i pajni'j
xtaaw chi richooch sik' anm.	x @@taaw chi r @@ichooch sik' ánim
I wi' ya kwand xpet,	i wi' ya kwand x @@pet
kanel xkan jye' kiib' tra rik'laal,	kan @@el x @@kan j @@ye' kiib' tra r @@ik'laal
taq ra rik'laal taq ra k'ooyi'n.	taq ra r @@ik'laal taq ra k'ooy @@i'n
Wi' chaq tra jee'aq	wi' chaq tra jee @@'aq
antos kla' li xkaj xkaj ye' tra ák'l,	antos kla' li x @@ka @@j x @@ka @@j ye' tra ák'l
ta' xk'amch por ke tra awajtqa'n.	ta' x @@k'am @@ch por ke tra awaj @@tq @@a'n
Xkan jye' kiib' traa rik'laal sik' anm,	x @@kan j @@ye' kiib' traa r @@ik'laal sik' ánim
xkan jye'	x @@kan j @@ye'
per tral awajtaqa'n,	per tral awaj @@taq @@a'n
k'ooytqa'n.	k'ooy @@tq @@a'n
Jii' qe noon li xkan xkan jye' tral ák'l,	jii' qe noon li x @@kan x @@kan j @@ye' tral ék'il
mejor rik'aan qe xpet	mejor r @@ik'aan qe x @@pet
i xtaaw rik'i richijil.	i x @@taw r @@ik'il r @@ichijil
Xook chijyoliik li,	x @@ook chi @@j @@yol @@iik li
lo ke neen k'ex xq'asaaj,	lo ke neen k'ex x @@q'asa @@j
seb'laj xkuy wi'jaal,	seb'laj x @@kuy wi'jaal
xkuy cheqejchi',	x @@kuy cheqej @@chi'
xkuy teew,	x @@kuy teew
xkuy jab' laq k'iche'laaj.	x @@kuy jab' laq k'iche'laaj
Kom nimaq taq k'iche'laaj	kom nim @@aq taq k'iche'laaj
wi' seb'laj utiiw,	wi' seb'laj utiiw
wi' seb'laj koj,	wi' seb'laj koj
wi' seb'laj b'alom,	wi' seb'laj b'alom
wi' seb'laj b'aatz' laq k'iche'laaj.	wi' seb'laj b'aatz' laq k'iche'laaj
Seb'laj tzaqb'chool laq k'iche'laaj,	seb'laj tzaq @@b' @@ch'ool laq k'iche'laaj
i sik' anm	i sik' ánim
chapeel jwiil maq k'ooy.	chap @@eel j @@wiil maq k'ooy
Chajal jwi'laq,	chaja @@l j @@wi'l @@aq
re raj tpe cherchooch,	re raj t @@pe che @@r @@ichooch
ta' chi' tkwiin	ta' ch @@i' t @@kwiin
kom chajali' jwi'laq,	kom chaja @@li' j @@wi'l @@aq
seb'laj k'i k'ooy	seb'laj k'i k'ooy
chajal jwi'laq,	chaja @@l j @@wi'l @@aq
ri' k'uli kom nimaq taq k'iche'laaj,	ri' k'u @@li kom nim @@aq taq k'iche'laaj
ta' jk'isiik loq'laj k'iche'laaj,	ta' j @@k'is @@iik loq'laj k'iche'laj
nimaq nimaq chee'	nimaq nimaq chee'
tzab'ch'ol okeem laq chee'.	tza @@b' @@ch'ol ok @@eem laq chee'
Per rik'uchiki' lajori ya xk'isi' alg k'iche'laaj,	per ri @@k'u @@chik @@i' lajori ya x @@k'is @@i' alg k'iche'laaj
kom ya qawinaaq xtzaqatqa' b'i k'iche'laaj,	koom ya qa @@winaaq x @@tzaq @@a' @@tq @@a' b'ik k'iche'l @@aaj
lajori ta' chiki' qas mas nim loq'laj k'iche'laaj,	lajori ta' chik @@i' qas mas nim loq'laj k'iche'laaj
kom ya qawinaaq xchakujtaqa'n,	koom ya qa @@winaaq x @@chakú @@j @@taq @@a'n
xtika'teqa'n	x @@tik @@a' @@teq @@a'n
xtika'teqa ab'iix.	x @@tik @@a' @@teq @@a ab'iix
Xtika'teqa saqwech,	x @@tik @@a' @@teq @@a saqwech
xtika'teqa' juntiir taq ra qleen titijsaj,	x @@tik @@a' @@teq @@a' juntiir taq ra qleen ti @@tij @@sáj
ya lajori xtika'teqa awaaj.	ya lajori x @@tik @@a' @@teq @@a awaaj
Ya xjamini'n	ya x @@jami @@n @@i'n
ya xsaqab'i' loq'laj k'iche'laaj.	ya x @@saq @@ab' @@i' loq'laj k'iche'laaj
Jii' ta' ójr,	jii' ta' ójr
seb'laj ka'n tb'en taq chijaq jaa.	seb'laj ka'n t @@b'en taq chi @@j @@aq jaa
Chijnaqaaj qawinaaq,	chi @@j @@naq qa @@winaq
kom seb'laj q'uqum k'iche'laaj,	kom seb'laj q'uqum k'iche'laaj
ri k'u lajori algchaq jun kiitz,	ri k'u lajori alg @@chaq jun kiitz
kom ya xjamini'n.	koom ya x @@jam @@in @@i'n
Ri k'uli	ri k'u @@li
xq'asaj taq ójr taq qawinaaq,	x @@q'as @@sa @@j taq ójor taq qa @@winaaq
jali chimeel.	ja @@li chimeel
I kla' li Chimeel	i kla' li Chimeel
wi' jun seb'laj qus laj uleew,	wi' jun seb'laj qus laj uleew
jun seb'laj tiko'n tran.	jun seb'laj tiko'n t @@r @@'an
Galan taq ichaj tran,	galaan taq ichaj t @@r @@'an
seb'laj qus riliik ichaaj	seb'laj qus r @@il @@iik ichaaj
saqwech,	saqwech
i juntiir taq ra qleen	i juntiir taq ra qleen
tijtiik taq,	ti @@j @@tiik taq
juntiir tik'isi' chuchaq.	juntiir ti @@k'is @@i' ch @@uch @@aq
Kita' tijta' chuun,	kita' ti @@j @@ta' chuun
seb'laj qus riliik,	seb'laj qus r @@il @@iik
i ya lajori	i ya lijori
ya xt'omajtaqa'n,	ya x @@t'o @@maj @@taq @@a'n
por ke ya chaq ok ch'iich' rik'ilaq,	por ke ya chaq ok ch'iich' r @@ik'il @@aq
jili jali la jlwgraq.	jili jali la j @@lwgr @@aq
Ya chaq b'i k'amsaj	ya chaq b'i k'am @@sáj
tra jtiko'naq,	tra j @@tik @@o'n @@aq
lo ke tijtik taq,	lo ke ti @@j @@tik taq
ta chi tij tij taq k'ex	ta' chi ti @@j tij taq k'ex
chi jk'ayéjk.	chi j @@k'aye @@j @@ik
Por ke ya tawteqa' ch'iich'	por key ya taw @@teq @@a' ch'iich'
chij chi jk'amiik'	chi @@j chi j @@k'am @@iik'
qleen rechaq,	qleen rechaq
lo ke tijtik taq kla'.	lo ke ti @@j @@tik taq kla'
Wi' jun qus laj utziil	wi' jun qus laj utz @@iil
re qawinaaq.	r @@e qa @@winaaq
Por ke seb'laj rex taq woron,	por ke seb'laj rex taq woron
galan taq kirneer tikil jwi'laq,	galaan taq kirneer tik @@il j @@wi'l @@aq
galan taq wákix,	galaan taq wakix
galan taq kwa'y	galaan taq kwa'y
wi' rik'i qawinaaq.	wi' r @@ik'il qa @@winaaq
Kom rex taq uleew,	kom rex taq uleew
ri k'uli seb'laj qus laj uleew	ri k'u @@li seb'laj qus laj uleew
rik'ilaq qawinaaq chimeel.	r @@ik'il @@aq qa @@winaaq chimeel
laguna dant,	laguna dant
san pawl baldiiy,	san pawl baldiiy
seb'laj taq rex taq uleew	seb'laj taq rex taq uleew
kita' ticheqej laq sa'j,	kita' ti @@cheqej laj sa'j
seb'laj qus trik'aaj taq re wákix,	seb'laj qus t @@r @@ik'aa @@j taq r @@e wakix
taq ra kwa'y	taq ra kwa'y
kom wi' nen tijtij taq.	kom wi' nen ti @@j @@tij taq
Rex taq juyub',	rex taq juyub'
rex taq uleew,	rex taq uleew
wi' jili li chimeel.	wi' jili li chimeel
Ajrik'u lajori	aj @@rk'u lijori
wi' jun q'iij	wi' jun q'iij
xk'iis na jaa,	x @@k'iis na jaa
ta' chi' jaa kla',	ta' chi jaa kla'
xan nimaq taq weron,	x @@an nimaq taq woron
xan nimaq	x @@an nimaq
ri ta' chiki' tk'ulun qawinaaq kla'.	ri ta' chik @@i' ti @@k'ul @@un qa @@winaaq kla'
Xuqtaj taqch,	x @@uqta @@j taq @@ch
kita chiki,	kita' chiki
ta chiki' nen titikow jwiich	ta' chik @@i' nen ti @@tik @@ow j @@wiich
loq'laj uleew.	loq'laj uleew
Per ajri' lajori	per aj @@ri' lijori
ya xtawchiki' qawinaaq la jlwraq.	ya x @@taaw @@chik @@i' qa @@winaaq la j @@lwr @@aq
Ya lajori chaq ki'kot ranmaq,	ya lajori chaq ki'kot r @@ánim @@aq
ya xk'exmáj chiki' loq'laj lwaar,	ya x @@k'ex @@máj chik @@i' loq'laj lwaar
ya wi chaq nen tchakun re.	ya wi' chaq nen t @@chaku @@n r @@e
Ya xk'iyáni' jaa ya, i kla' seb'laj xkwin taq	ya x @@k'i @@yán @@i' jaa ya i kla' seb'laj x @@kwin taq
chij tikiik seb'laj awaj,	chi @@j tikiik seb'laj awaaj
kom wi' latwax taq,	kom wi' la @@t @@wa'x taq
seb'laj xpoq'saj taq awaj,	seb'laj x @@poq' @@sa @@j taq awaaj
aaq,	aaq
ek'	ek'
juntiir.	juntiir
Kla' ta' tq'aax yajeel re ek',	kla' ta' t @@q'ax yajeel r @@e ek'
kom joron taq uleew.	kom joron taq uleew
Ri k'uli kwand qawinaaq	ri k'u @@li kwand qa @@winaaq
ta tijtij taq k'ex,	ta ti @@j @@tij taq k'ex
kom sii'	kom sii'
naqaaj qe sii',	naqaaj qe sii'
i wi' raj ja'aq naqaaj,	i wi' ra @@j ja' @@aq naqaaj
qawinaaq kla'	qa @@winaaq kla'
wi'teqa' li jun seb'laj qus laj uleew.	wi' @@teq @@a' li jun seb'laj qus laj uleew
Jun seb'laj qus laj lwaar,	jun seb'laj qus laj lwaar
kita' tijtij taq k'ex	kita' ti @@j @@tij taq k'ex
re jsii'aq	r @@e j @@sii' @@aq
ni re jja'aq.	ni r @@e j @@ja' @@aq
Ween seb'laj galaan taq tiko'n tran	ween seb'laj galaan taq tik @@o'n t @@r @@an
re re loq'laj uleew kla',	r @@e r @@e loq'laj uleew kla'
jili chimeel	jili chimeel
i san pawlo baldiyo.	i san pawlo baldiyo
Ri' li lajori	ri' li lijori
ya ya xk'exmaji' loq'laj lwaar,	ya ya x @@k'ex @@maj @@i'n loq'laj lwaar
ri' k'uli kla'i' qast'elwch' ichaaj,	ri' k'u @@li kla' @@i' qas @@t' @@el @@w @@ch' ichaaj
kla'i' qas t'elwich' saqwech,	kla' @@i' qas t' @@el @@wi @@ch' saqwech
kla'i' qas t'élwich' kirneer re k'aay.	kla' @@i' qas t' @@el @@wi @@ch' kirneer r @@e k'aay
Kla' t'elch wákix re k'aay	kla' t' @@el @@ch wakix r @@e k'aay
i kla' tik'ayeej taq kwa'y.	i kla' ti @@k'aye @@j taq kwa'y
qawinaaq kla',	qa @@winaaq kla'
ya lajori wi chaq ra jpwaqaq,	ya lijori wi' chaq ra j @@pwaq @@aq
jwi'l qe trajtiko'naq	j @@wi'l qe tra @@j @@tik @@on @@aq
b'anol jwi'laq,	b'an @@ol j @@wi'l @@aq
ya quschaq lawi' taq,	ya qus @@chaq la @@wi' taq
i ya lajori qawinaaq jali chimeel	i ya lajori qa @@winaaq jali chimeel
san pawlo baldiyo.	san pablo baldiyo
¿Ee don Leandro	ee don leandro
i lajori jili chimeel,	i lajori jili chimeel
ajwina k'ooy o ta' chiki'n?	aj @@(wina) k'ooy o ta' chik @@i'n
Ajtikaneyna,	aj @@ti @@kaney @@na
ajtekaney na	aj @@te @@kaney na
taq ra k'ooy,	taq ra k'ooy
laq'aab' tich'aw taq,	laq'aab' ti @@ch'aw taq
pche'tene' jtayiik wákix	pche' @@te @@ne' j @@ta @@yiik wakix
tch'aw taq,	t @@ch'aw taq
laq laq laq k'iche'laaj,	laq laq laq k'iche'laaj
ajwina taq ra k'ooy	aj @@wi @@na taq ra k'ooy
i ajwina taq ra b'aatz'.	i aj @@wi @@na taq ra b'aatz'
Ajwi taq na	aj @@wi' taq na
tqejtaqach laq ta'j,	t @@qej @@taq @@ch laq ta'j
tqejtaqach,	t @@qej @@taq @@ch
jun jun laq ta'j	jun jun laq ta'j
kwand tran sáj,	kwand t @@r @@an sáj
tqejtaqach	t @@qej @@taq @@a @@ch
i kwand ti'oq' taq ra b'aatz'	i kwand ti @@oq' taq ra b'aatz'
jab' tpet b'esel q'iij.	jab' t @@pet b'esel q'iij
Ri' li	ri' li
tkwintaqa' chij sik'ij jab'	t @@kwin @@taq @@a' chi @@j sik'ij jab'
taq ra b'aatz',	taq ra b'aatz'
ri' li seb'laj qus	ri' li seb'laj qus
trik'aaj loq'laj k'iche'laaj.	t @@r @@ik'aa @@j loq'laj k'iche'laaj
Kom nime taq k'iche'laaj	kom nim @@e taq k'iche'laaj
la' witaqw. Si xoq' taq ra b'aatz'	la' wi' @@aq @@w si x @@oq' taq ra b'aatz'
ri li jab' tipe b'esel q'iij.	ri li jab' ti @@pe b'esel q'iij
Ri' li.	ri' li
taq rel awaj li	taq rel awaaj li
wi' ral santilaq,	wi' ral sant @@il @@aq
seb'laj tirik'ajtaqa kwand tipe jab'.	seb'laj ti @@r @@ik'aj @@taq @@a kwand ti @@pe jab'
¿I nenk'u rilik ra jun k'ooy	i nen @@k'u r @@il @@ik ra jun k'ooy
pech jun b'aatz',	pech jun b'aatz'
lamaas wi' jk'eb'ilil?	lamaas wi' j @@k'ex @@b'l @@il
Ra k'ooy	ra k'ooy
ra nuch' na,	ra nuch' na
i ri' jun b'aatz'	i ri' jun b'aatz'
nim na junkiitz na,	nim na jun @@kiitz na
nim na	nim na
per riliikaq yamer nik',	per r @@il @@iik @@aq ya @@mer nik'
xaq nim na jun kiitz man b'aatz',	xaq nim na jun kiitz man b'aatz'
per riijaq nik' qe,	per r @@iij @@aq nik' qe
q'eq riij man b'aatz'	q'eq r @@iij man b'aatz'
i q'eq riji' ra k'ooy	i q'eq r @@ij @@i' ra k'ooy
chaal na ra kiitz,	chaal na ra kiitz
i ra b'aatz' nimaq na,	i ra b'aatz' nim @@aq na
ri' li jk'eb'eliil.	ri' li j @@k'ex @@b'e @@liil
Per tinatun taq nik' qe,	per ti @@natun taq nik' qe
pur tinatun taq kistyaan.	pur ti @@natun taq kirtyaan
Wi' jq'ab'aq,	wi' j @@q'ab' @@aq
wi' juntiir,	wi' juntiir
i si i si sil taq	i si i si si taq
jun wunaq b'esel,	jun wunaq b'esel
tij koja'	ti @@j koj @@a'
tijt'oja'teqa ab'aj	ti @@j @@koj @@a' @@teq @@a ab'aj
o chi chee',	o chi chee'
tijkojateqa chee'.	ti @@j @@koj @@a @@teq @@a chee'
K'a'ntaqa taq ral awaj li,	k'a'n @@taq @@a taq ral awaaj li
k'a'nteqa'n tijtuqa' rib'aq,	k'a'n @@teq @@a'n ti @@j @@tuq @@a' r @@ib' @@aq
ta tijye' rib'aq chi kamiik.	ta ti @@j @@ye' r @@ib' @@aq chi kam @@iik
Re li si xjutun jun rik'ilaq	r @@e li si x @@jut @@un jun r @@ik'il @@aq
trotajtaqa'n chi chee'	t @@r @@otaj @@taq @@a'n chi chee'
o chi ab'aj.	o chi ab'aj
Rik'u li kom k'iteqa'n wi ra jchoq'b'aq.	ri @@k'u li kom k'i @@teq @@a'n wi' ra j @@choq'b' @@aq
Tijkola' rib'aq,	ti @@j @@kol @@a' r @@ib' @@aq
ta' tijye' rib'aq tib'ansaj k'ex rechaq.	ta' ti @@j @@ye' r @@ib' @@aq ti @@b'an @@sáj k'ex rechaq
Taq ral awaj li,	taq ral awaj li
tra li wi' raj nik' qe rik'i ra jpensaraq,	tra li wi' ra @@j nik' qe r @@ik'il ra j @@pensar @@aq
ta' tijye' riib'aq chij b'anik k'ex.	ta' ti @@j @@ye' r @@ib' @@aq chi @@j b'an @@ik k'ex
ri k'u li	ri k'u li
taq ra awaj li,	taq ra awaaj li
ta' ta' perjwis tran taq.	ta' ta' perjwis t @@r @@an taq
Kita'	kita'
kita'	kita'
qleen tran taq,	qleen t @@r @@an taq
xaq nika' li	xaq nika' li
kwand nen tijta' taq,	kwand nen ti @@j @@ta' taq
tijk'ama'taqa' b'ik.	ti @@j @@k'am @@a' @@teq @@a' b'ik
Pero rik'u li lajori ta' chiki', ta' chiki' ya ya xjjutúntaqa b'i naj.	pero ri @@k'u li lajori ta' chik @@i' ta' chik @@i' ya ya x @@j @@jutún @@taq @@a b'ik naj
¿I niri nen b'iij re chipaj kita' chiki' xawil taq jwich k'ooy?	i niri nen b'iij re chipaj kita' chik @@i' x @@aw @@il taq j @@wich k'ooy
¿re jun wunaq ka'wunaq junab' lajori?	re jun wunaq ka' @@wunaq jun @@ab' lajori
Xqila' jwiich jun	x @@q @@il @@a' j @@wiich jun
xqila' jwiich jura b'aatz',	x @@q @@il @@a' j @@wiich ju @@ra b'aatz'
xqejch kla',	x @@qej @@ch kla'
kond tiqatik ab'iix re sáj,	kond ti @@qa @@tik ab'iix r @@e sa'j
ojtijiin li chaak	oj @@tijiin li chaak
xqil xqejch jura b'aatz'.	x @@q @@il x @@qej @@ch ju @@ra b'aatz'
Seb'laj qus riliik,	seb'laj qus r @@il @@iik
i xe' nii'j tz'i' xq'atij taq,	i x @@e' niij tz'i' x @@q'atij taq
xojb'e ooj xqachep ra b'aatz'.	x @@oj @@b'e ooj x @@qa @@chep ra b'aatz'
Seb'laj qus rilik,	seb'laj qus r @@il @@ik
xaq xpe chik jun qawinaaq	xaq x @@pe chik jun qa @@winaaq
xkamsaaj chqáwch.	x @@kam @@saa @@j ch @@qá @@wch
Si no tqab'iij ooj teqak'asb'a'i'n,	si no t @@qa @@b'ij ooj te @@qa @@k'asb'a' @@in
seb'laj qus riliik ra b'aatz'.	seb'laj qus r @@il @@iik ra b'aatz'
Xaq lamaas wi' ta' xqejtaqch	xaq lamaas wi' ta' x @@qej @@taq @@ch
ri' taq ra k'ooy,	ri' taq ra k'ooy
peer jun b'aatz' xqeji'ch	peer jun b'aatz' x @@qej @@i' @@ch
rik'aan xqeejch laq ta'q'j xqeejch.	r @@ik'aan x @@qeej @@ch laq ta'qj x @@qeej @@ch
Laq laq chaak,	laq laq chaak
i komo ooj k'ii,	i koom ooj k'ii
kla' k'ii qawinaaq tichakun taq,	kla' k'ii qa @@winaaq ti @@chaak @@un taq
sutaj taq riij i kla' xchap taq ra b'aatz'.	sutaj taq r @@iij i kla' x @@chap taq ra b'aatz'
I xpe chik jun chik xkamsaaj,	i x @@pe chik jun chik x @@kam @@saa @@j
ajri' raj uxiib' junaab' lajori.	aj @@ri' raj uxib' junaab' lajori
Kond kond xqeejch ra b'aatz' kla' li,	kond kond x @@qeej @@ch ra b'aatz' kla' li
jwert xk'amta b'i li li chipaaj.	jwert x @@k'am @@ta b'i li li chipaaj
Xqesaj taq b'i li komunidad,	x @@qesa @@j taq b'i li komunidad
seb'laj kristyan xputz rib'aq chi ri chi riliik.	seb'laj kirtyaan x @@putz r @@ib' @@aq chi ri chi r @@il @@iik
Seb'laj qus rilik ra ra ka'n.	seb'laj qus r @@il @@ik ra ra ka'n
Xil rile' taq	x @@il r @@il @@e' taq
kom ta' tich'eb'saj jwiich,	kom ta' ti @@ch'eb' @@sáj j @@wiich
qawinaaq ta' tijch'eb' taq jwiich taq ra ka'n li	qa @@winaaq ta' ti @@j @@ch'eb' taq j @@wiich taq ra ka'n li
re k'iche'laaj. Peer kond xqeej re jun li,	r @@e k'iche'laaj peer kond x @@qeej re jun li
ri k'uli xqa xqach'eb' jwiich,	ri k'u @@li x @@qa x @@qa @@ch'eb' j @@wiich
i wi' jun q'iij xqej jun utiiw.	i wi' jun q'iij x @@qej jun utiiw
Xyu'jk'ame' jun ek',	x @@yu' @@j @@k'am @@e' jun ek'
baay ri k'u li kond xk'am b'i jun ek',	baay ri k'u li kond x @@k'am b'i jun ek'
entose ri k'u li xtaaw jun q'iij,	entose ri k'u li x @@taaw jun q'iij
xtaw kwand xwiilin,	x @@taw kwand x @@wi @@il @@in
xwila' in li	x @@w @@il @@a' iin li
kwand xroq xk'am b'i jun ek'.	kwand x @@r @@oq x @@k'am b'i jun ek'
kwand xqejch,	kwand x @@qej @@ch
xim taq tz'i' chi riij,	x @@im taq tz'i' chi r @@iij
i xinkwini' xinkamsaaj jun utiiw.	i x @@in @@kwin @@i' x @@in @@kam @@saa @@j jun utiiw
Ri k'u li	ri k'u li
jun qus laj kúmb'li'n	jun qus laj kúmb'l @@i'n
loq'laj utiiw.	loq'laj utiiw
Pork wi' jun qawinaaq yaaj,	pork wi' jun qa @@winaaq yaaj
tijye kamik re	ti @@j @@ye' kam @@ik r @@e
i xtij b'aqiil ra utiiw,	i x @@tij b'aq @@iil ra utiiw
rik'i li xtzib'i'n,	r @@ik'il li x @@tzib' @@i'n
lajori jun galaan anm chaq,	lajori jun galaan ánim chaq
kom rik'i li xtij	kom r @@ik'il li x @@tij
ra jb'aqiil ra utiiw.	ra j @@b'aq @@iil ra utiiw
Seb'laj qus xan re	seb'laj qus x @@an r @@e
tzik' anm,	tzik' ánim
sino tikami'n,	si @@no' ti @@kam @@i'n
solo tiye' kamiik re.	solo ti @@ye' kam @@iik re
Per lajori seb'laj quschaq,	per lijori seb'laj qus @@chaq
ri' li jun qus laj kúmb'li'n,	ri' li jun qus laj kúmb'l @@i'n
b'aqiil ra utiiw.	b'aq @@iil ra utiiw
¿Jurub' junaab' jkamsájk utiiw awi'l lajori don Leandro?	jurub' junaab' j @@kam @@sáj @@k utiiw a @@wi'l lajori don leandro
Ajri' joob' junaab' lajori,	aj @@ri' joob' junaab' lajori
joob' junaab' lajori	joob' junaab' lajori
xqej jun utiiw	x @@qej jun utiiw
jri laj laj qalúwr chipaj,	jri laj laj qa @@lúwr chipaj
i kla' li xinkwini' xinkamsaaj	i kla' liin x @@in @@kwin @@i' x @@in @@kam @@saa @@j
kom wi' galan taq tz'i' wik'il.	kom wi' galan taq tz'i' w @@ik'il
Roqtaaj taq	r @@oqta @@j taq
xchap taq,	x @@chap taq
kla' li xqakamsaaj jun utiiw,	kla' li x @@qa @@kam @@saa @@j jun utiiw
ajri' joob' junaab' lajori.	aj @@ri' joob' junaab' lajori
¿I nen b'ij ri re	i nen b'ij ri re
mm i lajori ta' chi' mas utiiw niri o ajwi na?	mm i lajori ta' chi mas utiiw niri o aj @@wi' na
Lajori jujun chaq tiqejtách,	lajori jujun chaq ti @@qej @@tá @@ch
jujun chaq tiqejtaqch,	jujun chaq ti @@j @@qej @@taq @@ch
per ajri' kiti lajori,	per aj @@ri' kiti lajori
ajri' kiti waqiib' junaab' lajori	aj @@ri' kiti waqiib' junaab' lajori
wi seb'laj aaq,	wi' seb'laj aaq
chi laq k'iiche'	chi laq k'iiche'
lamaas tijtik taq ab'iix qawinaaq.	lamaas ti @@j @@tik taq ab'iix qa @@winaaq
I kom iin wi' bwen taq tz'i' wik'il,	i kom iin wi' bwen taq tz'i' w @@ik'il
inb'ek tib'i woqtaaj,	in @@b'e @@k ti @@b'i w @@oqta @@j
rika' li xinkola' qawinaaq re rab'xaq.	rika' li x @@in @@kol @@a' qa @@winaaq re r @@ab'x @@aq
Pook k'ii aaq xinkamsaaj,	pook k'ii aaq x @@in @@kam @@saa @@j
xinkamsaaji' raj jun dosyentos raqan aaq.	x @@in @@kamsaa @@ji' ra @@j jun dosyentos r @@aqan aaq
Seb'laj k'ii xinkamsaaj	seb'laj k'ii x @@in @@kam @@saa @@j
i xinkamsaaji' taq ra keej,	i x @@in @@kam @@saa @@j @@i' taq ra keej
k'ii xinkamsaaj tambyen,	k'ii x @@in @@kam @@saa @@j tambyeen
ri k'u li xinch'eb' jwiich taq ra ka'n re k'iche'laaj.	ri k'u li x @@in @@ch'eb' j @@wiich taq ra ka'n r @@e k'iche'laaj
Xin xin xin ch'eb' jwiich	x @@in x @@in x @@in ch'eb' j @@wiich
xinkamsaji' maq tra Mapach,	x @@in @@kam @@sa @@j @@i' maq tra mapach
xinkamsaji' maq tra Siis,	x @@in @@kam @@sa @@j @@i' maq tra siis
xinkamsaji' maq tra ib'ooy,	x @@in @@kam @@sa @@j @@i' maq tra ib'ooy
xinkamsaji' maq tra juuch',	x @@in @@kam @@sa @@j @@i' maq tra juuch'
juntiir.	juntiir
Xinkamsaji' maq tra Yaak,	x @@in @@kam @@sa @@j @@i' maq tra yaak
ri k'u li xincheb' jwiich taq ra ka'n re k'iche'laaj.	ri k'u li x @@iin @@cheb' j @@wiich taq ra ka'n r @@e k'iche'laaj
I xinkamsaji' taq ra leonsyo,	i x @@in @@kamsa @@j @@i' taq ra leonsyo
juntiir ri' li	juntiir ri' li
xincheb' jwiich,	x @@in @@cheb' j @@wiich
re tra ka'n re k'iche'laaj,	r @@e tra ka'n r @@e k'iche'laaj
ajri'tik ti joob' o waqib' junaab' lajori.	aj @@ri' @@tik ti joob' o waqib' junaab' lajori
Re xi seb'laj ka'n tqej taqch,	r @@e x @@i seb'laj ka'n t @@qej taq @@ch
i kom wi' galan taq tz'i' wik'il,	i kom wi' galaan taq tz'i' w @@ik'il
ri' li xqakamsaj taq,	ri' li x @@qa @@kam @@sa @@j taq
i ri li xincheb' jwiich	i ri li x @@in @@cheb' j @@wiich
taq ra ka'n re k'iche'laaj.	taq ra ka'n r @@e k'iche'laaj
Re ójr seb'laj ka'n,	re ójr seb'laj ka'n
per ya lajori ta'chiki'n,	per ya lajori ta' @@chik @@i'n
ya xnajtintaqa' b'i	ya x @@naj @@tin @@taq @@a' b'i
taq ra ka'n.	taq ra ka'n
Ya kom ya xjamaari'n	ya kom ya x @@jam @@aar @@i'n
ya xtika'teqa' qawinaaq,	ya x @@tik @@a' @@teq @@a' qa @@winaaq
yaxnajtini' tra ka'n,	ya @@x @@naj @@tin @@i' tra ka'n
ójr taq tziij	ójr taq tziij
seb'laj taq ra ka'n ti tqej taqch.	seb'laj taq ra ka'n ti t @@qej taq @@ch
Tyu' tyu'ye' rib'aq laq ta'j.	t @@yu' t @@yu' @@ye' r @@ib' @@aq laq ta'j
¿Ee don Leandro	ee don leandro
i nen chak lajori ta' chi' mas ajij niri chipaaj?	i nen chak lajori ta' chii mas ájij niri chipaaj
Lajori qik'il oj chipaaj,	lajori q @@ik'il oj chipaaj
kita'chiki' ajiij,	kita' @@chik @@i' ájij
kom kita'chiki' sii',	koom kita' @@chik @@i' sii'
seb'laj k'ex chaq jk'amiik qasii',	seb'laj k'ex chaq j @@k'am @@iik qa @@sii'
oj ójr ójr naqaaj qe sii',	oj ójr ójr naqaaj qe sii'
seb'laj ajiij,	seb'laj ájiij
peer loq'laj ajiij,	peer loq'laj ájiij
xk'is b'i juntiir taq ra chee'.	x @@k'is b'i juntiir taq ra chee'
Lajori	lajori
b'i' qak'amech' qasii' est b'aaq witz,	b' @@i' qa @@k'am @@e @@ch' qa @@sii' est b'aaq witz
lajori	lajori
nik'aj q'iij b'i qak'omech' jura iqa'n sii'.	nik'aj q'iij b'i qa @@k'om @@e @@ch' ju @@ra iqa'n sii'
Seb'laj naj chaq,	seb'laj naj chaq
ta' chi' ojkwiin chi jtzakiik kaab'.	ta' chi' oj @@kwiin chi j @@tzak @@iik kaab'
Por es lajori	por es lajori
ta' chi ta' chiki' tiqatik ajiij,	ta' chi ta' chik @@i' ti @@qa @@tik ájiij
lajori xichaq tiqatik kinaq',	lajori xi @@chaq ti @@qa @@tik kinaq'
ri' li ojt'o' rakiitz	ri' li oj @@t'o' ra @@kiitz
i teqatik tra qab'ix.	i ti @@qa @@tik tra q @@ab'ix
Xaq li tra qatiko'n,	xaq li tra qa @@tik @@o'n
taq ra kapee,	taq ra kapee
kom ta'chi ta' sii' tijk'am,	kom ta' @@zchi ta' sii' ti @@j @@k'am
ri k'u li i lajor qe t'eelch.	ri k'u li i lajor qe t @@eel @@ch
Ri qe li	ri qe li
kla' tqat'o' qiib' lajori,	kla' t @@qa @@t'o' q @@iib' lajori
xaq li qatiko'n,	xaq li qa @@tiko'n
ta' chiki' jun tiko'n chik tqab'an.	ta' chik @@i' jun tiko'n chik t @@qa @@b'an
Rii wi',	rii wi'
wi' neen pone tijtik taq qawinaaq,	wi' neen pone ti @@j @@tik taq qa @@winaaq
per seb'laj nim laj pwaq tijk'am b'ik.	per seb'laj nim laj pwaq ti @@j @@k'am b'ik
Ta' chiki' ojkwiin chi jtikiik ooj,	ta' chik @@i' oj @@kwiin chi j @@tik ooj
oj latuun qe chi riij	oj latuun qe chi r @@ij
kom kita' ra qapwaaq,	kom kita' ra qa @@pwaaq
ri' tos ta' ojkwiin chi jtikiik li	ri' tos ta' oj @@kwiin chi j @@tik @@iik li
loq'laj tiko'n li nimaq rejiil,	loq'laj tiko'n li nimaq r @@ejiil
re loq'laj q'iij,	r @@e loq'laj q'iij
xaq re tra qakinaq',	xaq r @@e tra qa @@kinaq'
ab'iix,	ab'iix
kinaq' i kapee,	kinaq' i kapee
xaq li qatiko'n jli Chipaaj.	xaq li qa @@tik @@o'n jli chipaaj
Ya xk'isi' ajiij,	ya x @@k'is @@i' ájiij
ta' chiki' ajiij,	ta' chik @@i' ájiij
ta' chiki',	ta' chik @@i'
ta' chiki',	ta' chik @@i'
ta' chiki'	ta' chik @@i'
ta' chiki' makin,	ta' chik @@i' makin
re tij ke'j.	r @@e ti @@j ke'j
Ta' chiki' naad lajori,	ta' chik @@i' naad lajori
ta' chiki' nii juun,	ta' chik @@i' nii jun
tos lajori ta' chiki' tiqil jwiich ajiij.	tos lajori ta' chik @@i' ti @@q @@il j @@wiich ájij
Sol loq'om taq kaab' chaq tqab'an lajori.	sol loq' @@om taq kaab' chaq t @@qa @@b'an lajori
¿Ee mm nen b'iij ri mm,	e mm nen b'iij ri mm
don Leandro i mm,	don leandro i mm
ójr taq tziij	ójr taq tziij
ajwichni' tab'iix loq'laj mundo ri chi chiko,	ajwich @@ni' t @@ab'iix loq'laj mundo ri chi chiko
b'anik li ójr ajwiichni' lajori?	b'an @@ik li ójr ajwich @@ni' lajori
Ajwiichi'n,	ajwiich @@i'n
lajori galaan taq ab'iix tran jali chichiik,	lajori galaan taq ab'iix t @@r @@an jali chi @@chiik
rex kla',	rex kla'
rex uleew wi' xe' loom,	rex uleew wi' xe' loom
kla' li galaan taq ab'iix tran.	kla' li galaan taq ab'iix t @@r @@an
Oj teqatik la' jno enero	oj te @@qa @@tik la' jno enero
i tijkuya' sá'j.	i ti @@j @@kuy @@a' sá'j
Tq'aax juntiir sá'j chi riij,	t @@q'ax juntiir sá'j chi r @@iij
est tijkuya' tijch jab',	est ti @@j @@kuy @@a' ti @@qej @@ch jab'
i ri' li nab'e taq ab'iix,	i ri' li nab'e taq ab'iix
kla' li t'elch nab'e taq k'ux,	kla' li t' @@el @@ch nab'e taq k'ux
kla' qe li tqat'o' qiib',	kla' qe li t @@qa @@t'o' q @@iib'
ajruk' re' teqatik chik re q'alaj chik.	aj @@ruk' re' te @@qa @@tik chik r @@e q'alaj chik
Peer ya jari ikim chik,	peer ya ja @@ri ikim chik
est tiqilb'eej na jab'.	est ti @@q @@il @@b'ee @@j na jab'
I jali ajsik tijkuya' sá'j loq'laj ab'iix,	i jali ajsik ti @@j @@kuy @@a' sáj loq'laj ab'iix
i kla' li seb'laj siq'il riliik,	i kla' li seb'laj siq'il r @@il @@iik
loq'laj ab'iix,	loq'laj ab'iix
kla' sii ajrexi' uleew lajori.	kla' sii aj @@rex @@i' uleew lajori
¿Ajwóni' ajtilmiit tiyu' taq chi tikonánik?	aj @@wón @@i' aj @@tilmiit ti @@yu' taq chi tikoná @@án @@ik
Ajwina taq ra jujun ajtilmiit	aj @@wi @@na taq ra jujun aj @@tilmiit
tpe taq chi jtikiik,	t @@pe taq chi j @@tik @@iik
peer tra jujun chik chaq,	peer tra jujun chik chaq
ya xkani' jk'ayejteqa' jnimaal ruleewaq juntiir,	ya x @@kan @@i' j @@k'ay @@ej @@teq @@a' j @@nim @@aal r @@uleew @@aq juntiir
lajori taq e jujun chaq aj ajtilmiit tpe taq	lajori taq e jujun chaq aj aj @@tilmiit t @@pe taq
chi jtikiik jali chi chiik.	chi j @@tik @@iik jali chi chiik
Ri' li kom ya mas xnajtiin,	ri' li kom ya mas x @@naj @@tiin
naj rechaq b'ijne' raj tiko'naq,	naj rechaq b'i @@j @@ne' ra @@j tiko'n @@aq
xkani' jk'ayéjteqa'n,	x @@kan @@i' j @@k'aye @@j @@teq @@a'n
peer galan taq uleew.	peer galan taq uleew
Rex taq uleew kla' li.	rex taq uleew kla' li
Kla' tqesaj qakinaaq' re sa'j,	kla' t @@q @@esa @@j qa @@kinaaq' r @@e sa'j
tiqatik re sá'j	ti @@qa @@tik r @@e sá'j
tijya' re qasemiya re q'alaaj.	ti @@j @@ya' r @@e qa @@semiya r @@e q'alaaj
Kla' li,	kla' li
kla' qe li kub'uul qach'ool,	kla' qe li kub' @@uul qa @@ch'ool
i kla' qe li oj wínw,	i kla' qe li oj wín @@w
qetami' ke qaw quk'a' rechi' ronojeel q'iij.	q @@etam @@i' ke qa @@w q @@uk'a' r @@ech @@i' r @@onojeel q'iij
Ri' li ta' tatran palt chqe,	ri' li ta' ta @@t @@r @@an palt ch @@qe
tos rik'u li,	tos ri @@k'u li
kla' tqat'ow qiib' re qaw quk'a'	kla' t @@qa @@t'o @@w q @@iib' r @@e qa @@w qu @@k'a'
re nojeel q'iij.	r @@e nojeel q'iij
mm iin kita' qas tanye' kwenta re	mm iin kita qas t @@an @@ye' kweent r @@e
lamaas k'u tpew ja' re qakumunidad,	lamaas k'u t @@pe @@w ja' r @@e qa @@kumunidad
po ke twil in wi' galaan ja'	por ke t @@w @@il iin wi' galaan ja'
la' maq chorro,	la' maq chorro
lamaas k'u b'i ame' taqw li.	lamaas k'u b'i am @@e' taq @@w li
Qaja' ri'	qa @@ja' r @@
t'iqame' li ojo de agua,	t'i @@q @@am @@e' li ojo de agua
peer jpaarti' chikaman,	peer j @@paart @@i' chikaman
naji' petz el loq'laj ja'.	naj @@i' pet el loq'laj ja'
I kita' qas titaaw qik'il,	i kita' qas ti @@taaw q @@ik'il
chi tye',	chi t @@ye'
peer wi',	peer wi'
lajor ta' chiki' k'ex tiqatij re qaja',	lajori ta' chik @@i' k'ex ti @@qa @@tij r @@e qa @@ja'
ya xi' jun wunaq uxiib' jyu'iik	ya xi' jun wunaq uxib' j @@yu' @@iik
jtawiik qaja' chiqchooch.	j @@taw @@iik qa @@ja' chi @@q @@ichooch
Sino ójr taq tziij,	si' @@no' ójr taq tziij
seb'laj k'ex teqatij re qaja',	seb'laj k'ex te @@qa @@tij r @@e qa @@ja'
wi' qaja' peer est li swaan ikim,	wi' qa @@ja' peer est li swaan ikim
i seb'laj k'ex tiqatij chi jk'amiik,	i seb'laj k'ex ti @@qa @@tij chi j @@k'am @@iik
inkesey kosolkoj le chaak	inkesey kos @@ol @@k @@oj le chaak
b'i qame' na qaja' le swaan.	b'i qa @@me' na qa @@ja' le swaan
Pel lajori kom xtawi' qaja',	pel @@li lajori kom x @@taw @@i' qa @@ja'
seb'laj oj ki'kot	seb'laj oj ki'kot
ya wi' chaq qaja' chiqchooch.	ya wi' chaq qa @@ja' chi @@q @@ichooch
Peer naji' petzelw,	peer naj @@i'n petz @@el @@w
i seb'laj loq'ani' li	i seb'laj loq' @@an @@i' li
loq'laj ja' jwi'l jwi'l juntiir qawinaaq chipaaj.	loq'laj ja' j @@wi'l j @@wi'l juntiir qa @@winaaq chipaaj
re amm i si we tcheqej ja' kla,	r @@e amm i si we t @@cheqej ja' kla'
re lamaas re part re chikamaan	re lamaas r @@e part r @@e chikamaan
lamaas ti ame' taq ja' chik?	lamaas ti am @@e' taq ja' chik
Si wi' wi' bes teb'e loq'laj ja',	si wi' wi' bes te @@b'e loq'laj ja'
ooj b'i qak'amech' li swaan ikim,	ooj b'i qa @@k'am @@e @@ch' li swaan ikim
ajruk're' tekuxtaj b'i jq'iij loq'laj swaan qawiil,	aj @@ruk' @@re' te @@kuxta @@j b'i j @@q'iij loq'laj swaan qa @@wiil
kwand si xan k'ex loq'laj ja',	kwand si x @@an k'ex loq'laj ja'
tos ojb'e le pa le pajaa	tos oj @@b'e li pa le pajaa
ojche' re,	oj @@che' r @@e
le swaan kla' b'i qak'amech' qa qaja'.	le swaan kla' b'i qa @@k'am @@e @@ch' qa qa @@ja'
Kla' li	kla' li
k'aslik ja'i'n.	k'aslik ja' @@i'n
Ta' tik'iis xaq naj jb'elájk che qe,	ta' ti @@k'is xaq naj j @@b'ela @@j @@ik chi qe
kond lajori k'omo re ajaw wi' ja' chiqchooch.	kond lajori k'omo r @@e ajaw wi' ja' chi @@q @@ichooch
wi jun jtakiil tziij,	wi jun j @@takiil tziij
titaaw la jqatilmiit,	ti @@taaw la j @@qa @@tilmiit
wi jun wunaq xta' jura ja'	wi' jun wunaq x @@ta' ju @@ra ja'
rajsiik b'i chi chiik,	r @@ajsiik b'i chi chiik
¿tz'et k'u li	tz'et k'u li
o tiq jb'ij taq?	o tiq j @@b'ij taq
Wi' jura ja' rajsiik chi chiik	wi' ju @@ra ja' r @@ajsiik chi chiik
per ta' e nim	per ta' e nim
ra kiitz qe.	ra kiitz qe
Ri k'u li xijk'amech' taq qech'elxiik aj le laguniit,	ri k'u li x @@i @@j @@k'am @@e @@ch' taq q @@ech'elxiik aj le laguniit
lajori xtaawi' ra ja' li chirchoochaq,	lajori x @@taaw @@i' ra ja' li chi @@r @@chooch @@aq
peer re qe kita' k'ii,	peer r @@e qe kita' k'ii
ta' ta' k'ii jaa tran,	ta' ta' k'ii jaa t @@r @@an
ta' ra niim,	ta' ra nim
ta' ejchóq'b' ra ja'.	ta' e @@j @@chóq'b' ra ja'
Ri' k'u li xoj xojkani' siin ja',	ri' k'u li x @@oj x @@oj @@kan @@i' siin ja'
kita' oj ta' kita' la' t'iqame' qaja'.	kita' oj ta' kita' la' t'i @@q @@am @@e' qa @@ja'
Ta' la' t'elwuch' loq'laj ja' qik'il ooj.	ta' la' t' @@el @@wu @@ch' loq'laj ja' q @@ik'il ooj
Xaq b'aka' li ri tipe jali chikaman,	xaq b'aka' li ri ti @@pe jali chikaman
xaq li xtaaw qik'il,	xaq li x @@taaw q @@ik'il
pero ta' qas e ta' ta' nojeel q'iij.	peer ta' qas e ta' ta' nojeel q'iij
Jun q'iij wi'	jun q'iij wi'
i jun q'iij kita'n,	i jun q'iij kita'n
kla' qe li,	kla' qe li
per si oj t'owa'n.	per si oj t'ow @@a'n
Oj kola'n,	oj kol @@a'n
kla' qe li	kla' qe li
kub'uul qach'ool chi riij loq'laj qaja'.	kub' @@uul qa @@ch'ool chi r @@iij loq'laj qa @@ja'
antonses chib'aanik tanb'ij iin.	antonses chi @@b'an @@ik t @@an @@b'ij iin
qachuuch.	qa @@chuuch
qachuuch.	qa @@chuuch
Tinb'ij iin qaqaaj,	t @@in @@b'ij iin qa @@qaaj
qachuuch,	qa @@chuuch
tinb'ij iin li qamaam ójor taq tziij.	t @@in @@b'ij iin li qa @@maam ójor taq tziij
Tijb'ij taq qamaam qet',	ti @@j @@b'ij taq qa @@maam q @@et'
ójor,	ójor
ójor taq tziij li.	ójor taq tziij li
Ójor,	ójor
cha' kongan chee',	cha' kon @@gaan chee'
kongan sii'.	kon @@gaan sii'
Ri' li tijb'ij taq,	ri' li ti @@j @@b'ij taq
kongan sii',	kon @@gaan sii'
kongana chee' naqaaj.	kon @@gaan chee' naqaaj
Nimaq taq chee',	nimaq taq chee'
entons ri' li tijb'ij taq.	entoons ri' li ti @@j @@b'ij taq
Toos kwand wi' chee',	entoons kwand wi' chee'
cha'.	cha'
Tpeti jaab',	t @@pet @@i' jaab'
cha',	cha'
kwando wi' ta't.	kwaand wi' ta' @@t
Pores tijb'ij taq li ójor taq tziij.	pores ti @@j @@b'ij taq li ójor taq tziij
Kwand ooj,	kwand ooj
xojk'iyk ojb'enaa li sii'.	x @@oj @@k'iy @@ik oj @@b'en @@aa li sii'
Atb'i'tqa' li sii'.	at @@b'i' @@tqa' li sii'
Jataq li sii',	jat @@aq li sii'
per makataq maq ra chee'.	peer m @@a @@kat @@aq maq ra chee'
Porke maq ra chee' nimi' jq'iij.	porke maq ra chee' nim @@i' j @@q'iij
I nosol ma'an taq re maq tra chee'.	i no @@sol ma @@'an taq re maq tra chee'
Makach' taq jwich taq ra chee'.	ma @@kach' taq j @@wiich taq ra chee'
Ri' li atyuter taq lajasok,	ri' li at @@yut @@er taq laj @@a @@sook
ta' t'el awanm atkamk,	ta' t' @@el aw @@anim at @@kam @@k
cha' taq.	cha' taq
Toons ri' li,	entoons ri' li
toos ri' limaq taq chee'.	entoons ri' nim @@aq taq chee'
Toos maa b'ensaj k'ex re chee'.	entoons maa b'an @@sáj k'ex re chee'
Porke chee' re nimi' jq'iij,	porke chee' re nim @@i' j @@q'iij
nimi' jpetiik,	nim @@i' j @@pe @@iik
cha' taq.	cha' taq
Chee' marechtqe,	chee' ma @@r @@ech @@t @@qe
marechtqe kib',	ma @@r @@ech @@t @@qe kib'
uxub' q'iij jwich.	uxub' q'iij j @@wiich
Noke nimi' jq'iij,	noke nim @@i' j @@q'iij
cha' taq.	cha' taq
Ri rere tijya's,	ri re @@re t @@j @@ye' @@si'
tijya' teew,	ti @@j @@ya' teew
cha' taq.	cha' taq
Tijya' teew, teew rech taqajik' qúxb'.	ti @@j @@ya' teew teew r @@ech ta @@qa @@jik q @@úxb'
Lamaas ta' tpew teew.	lamaas ta' t @@pe @@w teew
Noke mism jwi'li' chee',	noke miim j @@wi'l @@i' chee'
tons ri' li tijb'ij taq qamaam qet' ooj ójor taq tziij.	entoons ri' li ti @@j @@b'ij taq qa @@maam q @@et' ooj ójor taq tziij
Tose pwes mxaqtb'ka' ójor taq tziij.	entoons pwees m @@xaq @@t @@b' @@ka' ójor taq tziij
Tambyeen tkojsaj li tzko'ri wi' laqaxo'l.	tambyeen t @@koj @@saj li tz @@ko' @@ri wi' laj @@qa @@xo'l
Li' wetji'noon chi qe,	li wet @@ji'non chi qe
per kom ma jita' chki' non re qíjil qatz'áqt.	per kom ma jita' chki' jilon re q @@ijiil qa @@tz'aqt
Masi' k'is sach taq che'.	mas @@i' k'is sach taq che'
Ta' chki' tijye' taq jq'iij.	ta' chki' ti @@j @@ye' taq j @@q'iij
I chee' tichkoni'n komoo tijb'ij taq pwes.	i chee' ti @@chkon @@i'n koom ti @@j @@b'ij taq pwees
Ay Diyoos miyo tijb'ij taq li tanta'in,	ay Dyoos miyo ti @@j @@b'ij taq li t @@an @@ta @@'in
porke iin pok k'ex lajwanim.	porke iin pok k'ex laj @@w @@anim
Tijb'ij taq re staq chee' komo,	ti @@j @@b'ij taq r @@e staq chee' koom
tijyoq' taq, taq ra jfoot qaqaaj Diyoos.	ti @@j @@yoq' taq taq ra j @@foot qa @@qaaj Dyoos
Neen chki' tab'an taq jq'iij man chee'.	neen chki' t @@a @@b'an taq j @@q'iij man chee'
Chee' ka' li jun k'eer regla ka' li,	chee' ka' li jun k'eer regla ka' li
Porke marita' jcholájl tiyolow taq.	porke ma @@ri @@ta' j @@chola @@j @@l ti @@yol @@ow taq
nimi' jpetik tqayoq' jun chee',	nim @@i' j @@pet @@ik t @@qa @@yoq' jun chee'
nik'i pech jun tziij,	nik' @@i' pech jun tziij
kondo kita' jcholájl ojyolowk.	kondo kita' j @@cholá @@j @@l oj @@yol @@ow @@ik
Tosee qab'iji'n pure aay ta' pixb'likat ooj,	antonses qa @@b'ij @@i'n puro aay ta' pixb' @@lik @@at ooj
cha'.	cha'
Toos jchuchi' jun kistyan tqab'ij b'ijb'ik.	entoons j @@chuch @@i' jun kirtyaan t @@qa @@b'ij b'i @@j @@b'i @@k
li tqayoq'b'ik.	li t @@qa @@yoq' @@b' @@ik
Toos jinon li tqab'ij re chee' ooj,	entoons jilon li t @@qa @@b'ij re chee' ooj
cha' re chee'.	cha' re chee'
Toos ta' moo tqyoq' chee',	entoons ta' moo t @@q @@yoq' chee'
I ri' tyaw quxb',	i ri' t @@ya @@w q @@úxub'
mat wi' chee',	mat wi' chee'
sol q'aaq' chaq sewr ooj jiq' li q'aaq'.	sol q'aaq' chaq seguro ooj jiq' li q'aaq'
Jq'aaq'al qaqaaj q'iij qaqaaj padre etern,	j @@q'aaq' @@al qa @@qaaj q'iij qa @@qaaj padre etern
tijb'ij taq qaqaaj, qamaam qeet'.	ti @@j @@b'i taq qa @@qaaj qa @@maam q @@eet'
Ójor, ójor taq tziij,	ójor ójor taq tziij
toos chee' pwes re ri, ri' tisik'in teew,	entoons chee' pwees re ri ri' ti @@sik' @@in teew
ri' tya'w quxb',	ri' t @@ya' @@w q @@uxiib'
ri' tb'enow respirar qa, qa pulmon.	ri' t @@b'an @@ow respirar qa qe pulmon
Ri' li tb'enow nimi' jq'iij qache'.	ri' li t @@b'en @@ow nim @@i' j @@q'iij qa @@che'
Ri loq'laj taq chee' k'aam tijb'ij taq qaqaaj, qachuuch.	ri loq'laj taq chee' k'aam ti @@j @@b'ij taq qa @@qaaj qa @@chuuch
Jnonli tijb'ij taq.	jilon @@li ti @@j @@b'ij taq
Loq'laj chee' k'aam,	loq'laj chee' k'aam
cha' taq qaqaaj,	cha' taq qa @@qaaj
qachuuch, qamaam,	qa @@chuuch qa @@maam
qeet' u rechaq.	qeet' o r @@ech @@aq
Toos ri tijb'ij taq,	entoons ri ti @@j @@b'ij taq
rem jb'anik rka' tanb'ij iin pwes kee.	r @@e @@m j @@b'an @@ik rka' t @@an @@b'ij iin pwees kee
I li es inportanti'n,	i li es inportant @@i'n
rejwexki' man, man, man, man yoloj li.	rejwex @@i' man man man man yoloj li
Matja'tisach chi qe pwes ke li, li man chee' tqaye' jq'iij chee'.	mat @@ja' @@ti @@sach chi qe pwees ke li li man chee' t @@qa @@ye' j @@q'iij chee'
Kwando wi' jun bween k'ichelaaj,	kwaand wi' jun bween k'iche'laaj
cha',	cha'
galan ja' ta'lex.	galaan ja' ta' @@lex
Chi k'otob',	chi k'otob'
cha' t'oq'ch qe ja' uchaq, uchaq tantaq,	cha' t @@oq' @@ch qe ja' uch @@aq uch @@aq tantaq
cha'.	cha'
Toos t'elch ja',	entoons t @@el @@ch ja'
toose ri' li jb'anik ta'lexch ja'.	entoons ri' li j @@b'an @@ik ta @@'alex @@ch ja'
Per jwi'li' chee',	peer j @@wi'l @@i' chee'
brinda kurason del muntaño,	brinda kurason del muntaño
che' taq.	cha' taq
Ji'n per chijb'anik tanb'ij iin,	ji'n per chi @@j @@b'an @@ik t @@an @@b'ij iin
jinon li.	jilon li
Per kwand chee' tloq'ájk,	per kwand chee' t @@loq'aa @@j @@k
ta' tb'ensaj k'ex re wi' taqra jq'ab',	ta' t @@b'en @@sáj k'ex re wi' taq @@ra j @@q'ab'
taq ra cheqejchaqj.	taq ra cheqej @@chaq
Ri' li tqakoj li q'aaq',	ri' li t @@qa @@koj li q'aaq'
marita' li tqab'an k'ex re chee'.	ma @@rita' li t @@qa @@b'an k'ex re chee'
Nimaq taq chee',	nim @@aq taq chee'
kom chawilka' jb'anik tren taq kirtyan	koom ch @@aw @@il @@ka' j @@b'an @@ik t @@r @@en taq kirtyaan
ori tijin tijqasaj taq nimaq taq chee'.	ori tijin ti @@j @@qasaj taq nimaq taq chee'
Chaj tijin tren taq k'ex re.	chaj tijin t @@r @@en taq k'ex re
Toos ri' li' jb'anik rii jun sib'laj,	entoons ri' li j @@b'an @@ik ri jun sib'laj
jb'anik jun jwert kimik tren taq nojeel q'iij.	j @@b'an @@ik jun jwert kim @@ik t @@r @@en taq nojeel q'iij
Jun jwert sachik tren taq nojeel q'iij.	jun jwert sach @@ik t @@r @@en taq nojeel q'iij
Nin nichek lori,	nin ni @@chek lajori
cha'.	cha'
Ay xpeti' jwerte q'iij,	ay x @@pet @@i' jwerte q'iij
xpeti' jwerte q'iij ooj,	x @@pet @@i' jwerte q'iij ooj
cha'.	cha'
Ta' chki' tk'iisi' q'aaq',	ta' chki' t @@k'is @@i' q'aaq'
ta' chki' tk'isi' qáwj ooj,	ta' chk @@i' t @@k'isi' q @@awaj ooj
cha'.	cha'
Neen chek jq'aaq'al loq'laj qajyúb'la,	neen cheek j @@q'aaq' @@aal loq'laj qa @@juyub'la
qata'j.	qa @@táq'aj
Ri' li tb'enowk,	ri' li t @@b'en @@ow @@ik
porke neen chek ta' chki' chee'.	porke neen chek ta' chiki' chee'
Ta' chki' qelen tisik'in teew.	ta' chk @@i' qleen ti @@sik' @@i'n teew
Toos jwi'l k'u li jinon li tren.	entoons j @@wi'l k'u li jilon li t @@r @@en
Toos lijori qes tijb'iji' li chi qe	entoons lijori qas ti @@j @@b'ij @@i' li chi qe
tqat'o chee'.	t @@qa @@t'o chee'
Chee' pok nim jq'iij,	chee' pok nim j @@q'iij
tichikoni' re qchooch,	ti @@chikon @@i' re q @@ichooch
tchkon tqakoj li q'aaq'.	t @@chikon t @@qa @@koj li q'aaq'
Tichkoni' chi qe re ojwi'n b'a meex.	ti @@chikon @@i' chi q @@e re oj @@wi'n b'a meex
Xaq kom ta' tich'eb'on taq tanb'ij iin.	xaq koom ta' ti @@ch'eb' @@on taq t @@an @@b'ij iin
Ri' rka' jb'anik nemoo tren taq yaq mosib',	ri' rka' j @@b'an @@ik ne @@moo t @@r @@en taq yaq moos @@ib'
sool b'a meex tiwi'ntaqw.	sol b'a meex ti @@wi'n @@taq @@w
Twi'ntaq li b'a meex,	t @@wi'n @@taq li b'a meex
per lamas k'u tpe'w li,	per lamas k'u t @@pe @@w li
ri' mis chee' tijkoj taq.	ri' mis chee' ti @@j @@koj taq
Pwerta ri' mis pwerta.	pwerta ri' mis pwerta
Toos ri' mism,	entoons ri' miim
kaske ooj mas sechelkoj rk'iilaq.	kaske ooj maas sechelk @@oj r @@ik'iil @@aq
Mas sechelkoj,	mas sechel @@k @@oj
mari'ta' jcholájil tiyolow taq.	ma @@ri @@ta' j @@chola @@jil ti @@yol @@ow taq
Mari'ta' nada,	ma @@ri' @@ta' nada
tons iin ri' tanb'ij iin,	entoons iin ri' t @@an @@b'ij iin
qes jcholájl pwes qaloq'aj chee'.	qas j @@chola @@j @@l pwees qa @@loq'a @@j chee'
I qab'ane' wee wi' jun ra nik'aj k'aam qalugar.	i qa @@b'an @@e' we wi' jun ra nik'aj k'aam qa @@luwar
Pwes qaloq'aj taq ra qachee'.	pwes qa @@loq'a @@j taq ra qa @@chee'
Porke iin pok k'ex lajwánm tb'ensaj k'ex re chee'.	porke iin pok k'ex laj @@w @@ánim t @@b'en @@sáj k'ex re chee'
Chee' pok nim jq'iij.	chee' pok nim j @@q'iij
Ta' chi' xawil Linee,	ta' chi' x @@aw @@il linee
este k'is okox xaq' k'ichelaaj.	este k'is okox xaq' k'iche'laaj
Ójor seb'laaj k'ii jwich okox tijya'w,	ójor seb' @@laaj k'ii j @@wiich okox ti @@j @@ya' @@w
kwando wi'naa mas chee'.	kwaand wi'n @@aa maas chee'
A wi'n jinon,	a wi'n jilon
ji'n.	jii'n
cha' taq re.	cha' taq re
Koom kila' wi' jun juul ta' ilanawi'l aat,	koom kila' wi' jun juul ta' il @@an @@a @@wi'l aat
a ta' ilanawi'l.	a ta' il @@an @@a @@wi'l
Aat ta' ilan awi'l,	aat ta' il @@an a @@wi'l
aat ta' jun welt eselkat uchaq loom.	aat ta' jun weelt esel @@k @@at uch @@aq loom
aat b'i wakotchaq.	aat b'ik wakot @@ch @@aq
A' pero iinilan inwi'l,	a' peer iin @@il @@an in @@wi'l
wi' jun juul kla'.	wi' jun juul kla'
I wi' jnoo ajq'iijab' tqej taq xílij.	i wi' jono aj @@q'iij @@ab' t @@qej taq xílij
Wi' ajq'iijb' tqej taq xílij,	wi' aj @@q'iij @@b' t @@qej taq xílij
pero man lugar li.	peer man luwar li
I qask'une' b'anik tanb'ij iin pwes.	i qas @@k'u @@ne' b'an @@ik t @@an @@b'ij iin pwees
Li lwar li qesk'une' tz'et li lwar sagradi' li.	li luwar li qes @@k'u @@ne' tz'et li luwar sagrad @@i' li
Nmoo tib'ij taq re k'aslem jyub'al,	ne @@moo ti @@j @@b'ij taq re k'aslem juyub' @@aal
qes k'uyo'lli'.	qas k'u @@yo'l @@i'
Li yo'l, yo'l,	li yo'l yo'l
yo'l,	yo'l
yo'lk wiitzi'li,	yo'l @@k wiitz @@i' @@li
yo'lk wiitzili.	yo'l @@k wiitz @@li
Tose ri' k'u li pwes tren taq qaqaaj,	entoons ri' k'u li pwees t @@r @@en taq qa @@qaaj
qachuuch ójor taq tziij.	qa @@chuuch ójor taq tziij
Tantayin,	t @@an @@ta @@yin
a' nimi' jyolik ri qaaj nimi' jyolik ri.	a' nim @@i' j @@yol @@ik ri qaaj nim @@i' j @@yol @@ik ri
Tons ri' li tanb'ij iin pwes.	entoons ri' li t @@an @@b'ij iin pwees
li moo kristyan lori pwes tijtika' rab'ixaq,	li mood kirtyaan lajori pwees ti @@j @@tik @@a' r @@ab'ix @@aq
cha'.	cha'
Qatike' na qab'ix,	qa @@tik @@e' na q @@ab'iix
cha' taq.	cha' taq
Tb'e taq li tikij ab'iix.	t @@b'e taq li tik @@ij ab'iix
Xaq b'ij ch'ikch'ij taq,	xaq b'i @@j ch'ikch'ij taq
per ya xch'ikmaji'ch',	peer ya x @@ch'ik @@maj @@i' @@ch
yastw xoktqa' re'.	yastw x @@ok @@tq @@a' re'
A noo kond t'elch woroon chi rij inb'ee jol li chaak chik.	a noo kwand t' @@el @@ch woroon chi r @@ij in @@b'ee jol li chaak chik
Juntir tk'am wasroon iin b'ee jol,	juntiir t @@k'am w @@asroon iin b'ee jol
ooj b'i chakun chik,	ooj b'i chaaku @@n chik
cha' taq.	cha' taq
Pero noo mari' ta' jcholájl li,	peer noo ma @@ri' ta' j @@chola @@j @@l li
ri' qes jcholájl tren taq ójor taq tziij.	ri' qas j @@cholá t @@r @@en taq ójor taq tziij
wi' k'iche'laaj tqasajik.	wi' k'iche'laaj t @@qa @@sáj @@ik
Toos kwand ya t'ok jqasajik k'ichelaaj nab'e tik'am taq b'i poom chi rij ral ulew.	entoons kwand ya t' @@ok j @@qa @@saj @@ik k'iche'laaj nab'e ti @@k'am taq b'i poom chi r @@ij ra uleew
O wi' jun o wi' jun syen kwerd wataal,	o' wi' jun o' wi' jun syen kwerd wataal
u k'ichelaaj tijqasaj taq pwes tijb'ij taq.	u k'ichelaaj ti @@j @@qa @@saj taq pwees ti @@j @@b'ij taq
Tijb'ij taq intiit' ójor,	ti @@j @@b'ij taq in @@tiit' ójor
rii uxub' arob poom tijkoj taq,	ri oxib' arob poom ti @@j @@koj taq
cha'.	cha'
jinon tqab'ij ooj re kandela,	jilon t @@qa @@b'ij ooj re kanteel
kandela ooj,	kanteel ooj
cha' ooj re.	cha' ooj re
Pero qas tijb'ij taq ójor taq tziij.	peer qas ti @@j @@b'ij taq ójor taq tziij
Knteel,	knteel
cha' taq re,	cha' taq re
kandela,	kanteel
kantelaa tijk'am,	kantee ti @@j @@k'am
b'i jkantela tqak'am b'i qakantel,	b'i j @@kantela t @@qa @@k'am b'i qa @@kanteel
cha' taq.	cha' taq
Tijk'am taq b'i poom,	ti @@j @@k'am taq b'i poom
xijpomajtqa' jwich witz.	x @@i @@j @@poma @@j @@tq @@a' j @@wich witz
Xijpomajtqa' jwich,	x @@i @@j @@poma @@j @@tq @@a' j @@wiich
nin lamas lwar tijkoj jchaakaq.	neen lamaas luwar ti @@j @@koj j @@chaak @@aq
Toos ri' k'u li tren taq jinon li,	entoons ri' k'u li t @@r @@en taq jilon li
tren taq.	t @@r @@en taq
Tons tijpomaj taq jwich,	entoons ti @@j @@poma @@j taq j @@wiich
xpomaji' jwich li jwi'laq.	x @@poma @@j @@i' j @@wiich li j @@wi'l @@aq
ri k'u neen li kirtyaan ta' tq'ax iikeej,	ri k'u neen li kirtyaan ta' t @@q'ax iikeej+
ta' tq'ax asron,	ta' t @@q'ax asroon
ta' tq'ax moor uchaq jch'eekaq.	ta' t @@q'ax moor uch @@aq j @@ch'eek @@aq
Ta' tijq'atz,	ta' ti @@j @@q'atz
ta' tijkat ri'b'aq li chaak.	ta' ti @@j @@kat r @@i' @@b'aq li chaak
I xentiji' li,	i x @@en @@tij @@i' li
baay ya xentiji' li.	baa ya x @@en @@tij @@i' li
Toos ya stw li xoktqa' li,	entoons ya stw li x @@ok @@tq @@a' li
li chaak.	li chaak
Xentiji' chaak li,	x @@en @@tij @@i' chaak li
xk'atmaajchiki' jwi'laq.	x @@k'at @@maaj @@chik @@i' j @@wi'l @@aq
Xi' chki' juntir chik,	xi' chk @@i' juntiir chik
xi' chki' jtayik chik,	x @@i' chik @@i' j @@ta @@yik chik
jpoomaaj chik jwich jyub' ta'j.	j @@poomaa @@j chik j @@wiich juyub' táq'aj
Lamaas titikonan taqwi'w,	lamaas ti @@tiko'na @@n taq @@wi'w
toos mism xi' koje'tqa' chiki'n.	entoons miim x @@i' koj @@e' @@tq @@a' chik @@i'n
Lamaas lwar tijtik rab'ixaq.	lamaas luwar ti @@j @@tik r @@ab'iix @@aq
I kla' tijkoje' taq wi'w ri kostumbre.	i kla' ti @@j @@koj @@e' taq wi' @@w ri kostumbre
Baay xpek'u q'ooq' li,	baa x @@pe @@k'u q'ooq' li
cha',	cha'
xpek'u kinaq' li,	x @@pe @@k'u kinaq' li
cha'.	cha'
Xpek'u jaal li bwen taq qelen tijb'itaq,	x @@pe @@k'u jaal li bween taq qleen ti @@j @@b'it @@aq
ri' li trentaq uchaq lom ójor.	ri' li t @@r @@en @@taq uch @@aq loom ójor
O jinon trentaq qamaam,	o' jilon t @@r @@en @@taq qa @@maam
qeet' ójor taq tziij.	q @@eet' ójor taq tziij
Toos ri' li,	entoons ri' li
ri jilon ri, ri rideyaq.	ri jilon ri ri r @@ideey @@aq
Per yokrek iin tanb'ij tz'eti'n.	per yo @@krek iin t @@an @@b'ij tz'et @@i'n
Pero ajwi'na juul tab'an tantiyar aat.	peer aj @@wi' @@na juul t @@a @@b'an tantyar aat
Ajwi'n,	aj @@wi' @@n
ajwi' man juul kla' li yokrek ajwi'n.	aj @@wi' man juul kla' li yo @@krek ajw @@i'n
Porke aay Diyoos ri' b'a pake tinb'ij chawe qaaj Keel,	porke aay Dyoos ri' b'a pake t @@in @@b'ij ??? qaaj keel
lomenos mikita' jun junab'.	lomenos mi @@kita' jun junaab'
ta' jurub'ti junab' ukaa petzelkin kla'.	ta' jurub' @@ti junab' wuka petz @@el @@k @@in kla'
Pent xi' jun oxlajuj junab',	derepeet xi' jun oxlajuuj junaab'
kab'lajuj junab' ri' li ri b'eselkin,	kab'lajuj junaab' ri' li ri b'es @@el @@k @@in
ri petzelkin kla'.	ri petz @@el @@ik @@in kla'
Ji'n xinpetchika'na jun weltchik	jii'n x @@in @@pet @@ch @@ka' @@na jun weelt @@chik
ja' xime' chich insii' chik.	ja' x @@i @@me' chi @@ch in @@sii' chik
Pero mikta' chki' xintaw kla'.	peer mi @@kta' chik x @@in @@taw kla'
Ji'n jun kab'lajuj junab',	jii'n jun kab'lajuj junaab'
o oxlajuj junab'.	o oxlajuj junab'
Kla' li wi'w jun juul kla' li,	kla' li wi' @@w jun juul kla' li
I neen tikojow.	i neen ti @@koj @@ow
juuj chi' qe jun k'otob' qe tqejb'ik,	(juuj) chi' qe jun k'otob' qe t @@qej @@b' @@ik
jchi' jun k'otob' tqejb'ik.	j @@chi' jun k'otob' t @@qej @@b' @@ik
I ya tb'e pwes diseke ya tinyol ri chawe.	i ya t @@b'e pwes dise @@ke ya t @@in @@yol ri ch @@aw @@e
Peer ri' pent awetami'n tanb'ij iin,	peer ri' peent aw @@etam @@i'n t @@an @@b'ij iin
tamtkiti awetam tijb'ij taq li ro'ójor taq tziij,	(tamtkiti) aw @@etam ti @@j @@b'ij taq li r @@(o') @@ójor taq tziij
cha'.	cha'
Kom ójor jb'anik pok sub'laaj jwert naa jmillagr,	koom ójor j @@b'an @@ik pok sub' @@laaj jwert naa j @@millagr
jwert naa dilikaa jb'anik.	jwert naa dilikaa j @@b'an @@ik
Keresir pok niim jpetik wach ulew petzélk.	keersir pok nim j @@pet @@ik wach uleew petz @@el @@ik
Toos ri' li jinon tijb'ij taq,	entoons ri' li jilon ti @@j @@b'ij taq
diske li jwi'li ni'j kristyan ta' jkojb'alaq li,	diske li j @@wi'l @@i' ni'j kirtyaan ta' j @@k'oj @@b'al @@aq li
tijb'ij taq xi' jb'ite' taq paagr laq'ab',	ti @@j @@b'ij taq x @@i' j @@b'it @@e' taq paagr laq'aab'
cha'.	cha'
Tren taq misa.	t @@r @@en taq misa
b'an qamisa ori b'an qamiix ori,	b'an qa @@misa ori b'an qa @@miix ori
cha' taq cha',	cha' taq cha'
re cha'.	re cha'
B'an qamiix ori, ori paagr	b'an qa @@miix ori ori paagr
ori chqaj miix chawe,	ori ch @@qa @@j miix ch @@aw @@e
cha' taq re.	cha' taq re
Pwes ori ma kita' loq'	pwees laj ma kita' loq'
ta' loq' tqa'an miix ori porke ori laq'ab'i'n,	ta' loq' t @@qa @@'an miix ori porke ori laq'aab' @@i'n
cha' paagre cha'.	cha' paagre cha'
Noo b'aan ori,	noo b'an ori
cha' taq re.	cha' taq re
Alajwers tren taq obligar paagre.	alajwers t @@r @@en taq obligar paagre
Toos paagre.	entoons paagre
Eb'an,	e @@b'an
tcha' re.	t @@cha' re
Xen miix,	x @@en miix
cha'.	cha'
Jonon tijyol taq k'etzen intiit' li ójor taq tziij.	jonon ti @@j @@yol taq k'etzen in @@tiit' li ójor taq tziij
Tonse,	entoons
tonse ri' k'u li pwes.	entoons ri' k'u li pwees
Tonse xpenika retzel paagre nika' jb'anik.	entoons x @@pe @@nika' r @@etzel paagre nika' j @@b'an @@ik
Xpe jun retzel re li kom majcholájl ta' tren maq kristyan,	x @@pe jun r @@etzel re li kom ma @@j @@cholaj @@l ta' t @@r @@en maq kirtyaan
maq ójor taq mas, mas maq ante pasa taq chuch qamaam qet'.	maq ójor taq mas mas maq (ante pasa) taq ch @@uch qa @@maam q @@et'
Uk'are' xen taq jinon li.	Uk'are' x @@en taq jilon li
Tosee xen taq li jinon li xen miix li,	antonses x @@en taq li jilon li x @@en miix li
cha'.	cha'
Toos jun li,	entoons jun li
cha',	cha'
toos paagr li xna' miix li laq'ab'.	entoons paagr li x @@n @@a' miix li laq'aab'
Kom ubligadi' rij jwi'l maq kristyan,	kom ubligad @@i' r @@ij j @@wi'l maq kirtyaan
toos xna' miix re li.	entons x @@n @@a' miix re li
Per maa jcholájl ta' xen maq kristyan.	per maa j @@cholaj @@l ta' x @@en maq kirtyaan
Tons re li xen b'anik ri jwich juul li,	entons re li x @@en b'an @@ik ri j @@wiich juul li
ri jwich juul li ri wi',	ri j @@wiich juul li ri wi'
ri wi' Sant Katalina li ji' xlatun Xeljuu',	ri wi' Sant katalina li ji' x @@latun xelju'
cha'.	cha'
Tons ri juul chik ri chik ri ka'	entons ri juul chik ri chik ri ka'
wi' B'axoqoneb' ji' chki' xlatun Kobaan,	wi ba @@xoqoneb' ji' chiki' x @@latun Kobaan
cha'.	cha'
Ri' li jinon jb'anik xlatun jwich juul li ri, ri re man San Katalina.	ri' li jilon j @@b'an @@ik x @@latun j @@wiich juul li ri ri re man San katalina
Ri rikimch B'asaqwech jinon li ji' xlatunch,	ri r @@ikim @@ch b'a @@saqwech jilon li ji' x @@latun
xe'ljuu',	xe'ljuu'
cha'.	cha'
I antons ri' man jun re Kobaan li ri' man rka',	i antonses ri' man jun re kobaan li ri' man rka'
rka' b'alomja'.	rka' b'alom @@a'
B'a B'axoqoneb' xlatunja' Kob'an.	b'a b'a @@xoqoneb' x @@latun @@ja' kob'an
Per jwi'li' ni'j kristyan xijb'ite' taq	per j @@wi'l @@i' nik'ij kirtyaan xi @@j @@b'it @@e' taq
paagr laq'ab',	paagr laq'ab'
b'anik ya xijkoje',	b'an @@ik ya x @@í @@j @@koj @@e'
xijkoje' jchi'aq re paagr.	xí @@j @@koj @@e' j @@chi' @@aq re paagr
Jb'anik xijyaje' taq paagr,	j @@b'an @@ik x @@i @@j @@yaj @@e' taq paagr
xijyaje' taq paagre ke jinon tijb'ij taq.	x @@i @@j @@yaj @@e' taq paagre ke jilon ti @@j @@b'ij taq
Jinon tijb'ij intiit' ójor xijb'ite' taq paagr jwi'l k'u ri ni'j kristyan xojkajrne',	jinon ti @@j @@b'ij in @@tiit' ójor x @@i @@j @@b'it @@e' taq paagr j @@wi'l k'u ri nik'ij kirtyaan x @@oj @@ka @@j @@r @@ne'
xojqej diyunabes li pobril.	x @@oj @@qej diyunabes li pobr @@il
Ta' chki' jcholájk,	ta' chki' j @@chola @@j @@ik
per diyunabes jwi'l ni'j kristyan xen taq jinon li,	per diyunabes j @@wi'l nik'ij kirtyaan x @@en taq jilon li
cha'.	cha'
Toos ji' qe noon li bwen xk'ama' jq'ab' paagre,	entoons ji' qe noon li bwen x @@k'am @@a' j @@q'ab' paagre
xenja' miixa laq'ab'.	x @@en @@ja' miixa laq'ab'
Miixa jb'ij,	miixa j @@b'iij
misa ta'n.	misa ta'n
Miix likastiy li,	miix li @@kastiiy li
noke miixa ri' li xen taq,	noke miixa ri' li x @@en taq
miixa laq'ab'.	miixa laq'ab'
xen li,	x @@en li
cha'.	cha'
Xe' li pobriil qatilmit,	xe' li pobre @@iil qa @@tinmit
ta' ta'chki' qelen naado.	ta' ta' @@chk @@i' qleen naado
Toos jinon li,	entoons jilon li
porke si no ri' tka' ri seb'laaj jwert wi',	porke si no ri' tka' ri seb'laa @@j jwert wi'
wi' jrik'il,	wi' j @@r @@ik'il
cha'.	cha'
Wi' jrik'il ri qatilmit ri,	wi' j @@r @@ik'il ri qa @@tilmit ri
cha'.	cha'
Per kom jwi'li' ri jinon xen ni'j kristyan.	per kom j @@wi'l @@i' ri jinon x @@en nik'ij kirtyaan
Toos ta' chki' jrik'il qatilmit,	entoons ta' chik @@i' j @@rikil qa @@tilmit
cha'.	cha'
I ri witz xawil aat lamas tnatun juul,	i ri witz x @@aw @@il aat lamaas t @@natun juul
jiri o jili.	ji @@ri o ji @@li
Pwes tanwil iin pwes, pwes pajinonli tb'ew tanwil iin.	pwees t @@anw @@il iin pwees pwees pa @@jinon @@li t @@b'e @@w t @@anw @@il iin
Porke jun juul t'ookb'ik, t'ookb'i qas tqejb'ik.	porke jun juul t' @@ook @@b'i @@k t' @@ook @@b'i qas t @@qej @@b'i @@k
Xaq kla',	xaq kla'
qe ya wi'chaq jun jwich tqejb'e pijinon rii.	qe ya wi' @@chaq jun j @@wich t @@qej @@b'e pu @@jinon ri
Ji'n pwes iin tanb'ijin qasori,	jii'n pwes iin t @@an @@b'ij @@in qas @@ori
pwes tanb'ijiin rejwexki' tiye'saj jq'iij juul.	pwes t @@an @@b'ij @@iin rejwex @@k @@i' ti @@ye' @@sáj j @@q'iij juul
Rejwexki' tiye'saj jq'iij uchaqu,	rejwexk @@i' ti @@ye' @@sáj j @@q'iij uchaq @@u
ayisi ke jb'anik,	ayi @@si ke j @@b'an @@ik
chib'anik tinb'ij iin maqra,	chi @@b'an @@ik t @@in @@b'ij iin maq @@ra
maqra witz re.	maq @@ra witz re
nimi' jq'iij jb'anik yo'l witzi'n tqab'ij re.	nim @@i' j @@q'iij j @@b'an @@ik yo'l witz @@i'n t @@qa @@b'ij re
Rojwexki' tqaye' jq'iij,	rojwexk @@i' t @@qa @@ye' j @@q'iij
rojwexki' tqaye' jq'iij li.	rojwexk @@i' t @@qa @@ya @@e' j @@q'iij li
qas nojel tilmit tib'ili.	qas nojel tinmit ti @@b'i @@li
Qes nen mo tijb'ij likastiy,	qas nen mo ti @@j @@b'ij li @@kastiiy
pwes anibel,	pwes anibel
tcha'.	t @@cha'
Pero nojel tinmit qes tanb'ij iin,	peer noj @@el tinmit qas t @@an @@Sb'ij iin
jcholájl li.	j @@chola @@j @@l li
Anibel nasiyonal,	a @@nibel nasiyonal
cha' taq li kastiy.	cha' taq li kastiiy
Pero qes tinb'ijin lajintzijb'el,	peer qas t @@in @@b'ij @@in lajintzijb'el
pwes qas qonojel tinmit.	pwees qas qonojel tinmit
Kones qus tya'saj jq'iij taq ra witz,	kones qus t @@ya' @@sáj j @@q'iij taq ra witz
porke ri' tqak'ut chuchaq ak'alb' tijin tik'iy taq chik.	porke ri' t @@qa @@k'ut ch @@uch @@aq ak'al @@b' tijin ti @@k'iy taq chik
Porke maq ek'el tijin tik'iy taq chik ori.	porke maq ek'el tijin t @@k'iy taq chik laj
Masi' jwert tijin tisach jpensaraq,	mas @@i' jwert tijin ti @@sach j @@pensar @@aq
ketant relijion tijin t'elch.	ke @@tant relijion tijin t @@el @@ch
Wi' pune' karismatika,	wi' pu @@ne' karismatika
cha',	cha'
wi' pune' iglesiy ebangelj,	wi' pu @@ne' iglesiy ebangelj
wi' puu aba biba,	wi' puu aba biba
cha',	cha'
wi' puu jyooba,	wi' puu jyooba
cha'.	cha'
Wi' puu nasaren,	wi' puu nasaren
cha',	cha'
wi' puu iglesy sambley de diyoos.	wi' puu iglsy sambley de Dyoos
Wi' puu iglesiya de diyoos,	wi' puu iglesiya de Dyoos
cha'.	cha'
Wi' puu aay tant jb'ij mokol taq iglesa.	wi' puu aay tant j @@b'iij mokol taq iglesa
Diyoos miy ketant.	Dyoos miy ketaant
Per mari'ta' jcholájk,	per ma @@ri' @@ta' j @@chola @@j @@ik
mari'ta' jcholájk iin qas tanwil iin.	ma @@ri' @@ta' j @@chola @@j @@ik iin qas t @@an @@wil iin
Qes ri' jcholájk qes jinon li,	qas ri' j @@chola @@j @@ik qas jilon li
maaknika' ta' chi' qa,	maak @@nika' ta' chi qa
ta' chi' qa.	ta' chi' qa
Ta' chi qakojb'el,	ta' chi qa @@koj @@b'il
ta' chi' qakoojb' chuch,	ta' chi qa @@kooj @@b' ch @@uch
chuchn qaqaaj Diyoos.	ch @@uch qa @@qaaj Dyoos
ooj moxer,	ooj mox @@er
nojel q'iij.	nojel q'iij
I porke tanwil iin pwes qes jcholáj pwes,	i porke t @@an @@wil iin pwes qas j @@chola @@j pwees
ooji' ka' ooj ajmak.	ooj @@i' ka' ooj aj @@maak
U ooj wi' qamak oojb'e.	u ooj wi' qa @@maak ooj @@b'e
Li jun jalan iglesy chik,	li jun jalan iglesy chik
per kom chib'anik tanb'ij iin.	peer koom chi @@b'an @@ik t @@an @@b'ij iin
Rejwexki' ooj chomrsaan.	rejwexk @@i' ooj chomorsaa @@n
oojchomrsan chi rij qelk'wal.	ooj @@chomorsa @@n chi r @@ij q @@elk'wal
Tqaya' jno'jaq qelk'wal,	t @@qa @@ya' @@a'n j @@no'j @@aq q @@elk'wal
ants ajchaaltqa'n.	ants aj @@chal @@tq @@a'n
Majri'ta'n tqaya' jno'jaq,	m @@aj @@ri' @@ta'n t @@q @@ya @@a'n j @@no'j @@aq
jnoo disiyoch,	jnoo disiyoch
beynt junb'aq.	beynt junb' @@aq
Ta' chki' loq',	ta' chk @@i' loq'
ta' chki' ooj ook lajb'a'aq.	ta' chk @@i' ooj ook la @@j @@b'a' @@aq
Enkamby ajchaaltqa'n pwes tqab'ij rechaq.	enkamby aj @@chal @@tq @@a'n pwes t @@qa @@b'ij rechaq
mojkosk ri' li qadeberili,	m @@oj @@kos @@ik ri' li qa @@deber @@li
jinon tqab'an re qelk'wal li.	jilon t @@qa @@b'an re q @@elk'wal li
I parke kones qus t'ok lajb'a'aq,	i parke kones qus t' @@ok la @@j @@b'a' @@aq
ma'an taq jinon ri,	m @@a @@'an taq jilon ri
ma'an taq jun qlen maa qusta'n.	m @@'a @@an taq jun qleen maa qus @@ta'n
Maa jb'eta'n,	maa j @@b'e @@ta'n
ma jcholájl ta'n ri' li. Toos, toos tanb'ij iin pwes.	ma j @@cholaj @@l ta'n ri' li entoons entoons t @@an @@b'ij iin pwes
I komo ri' li qes jcholájl tanwil iin.	i koom ri' li qas j @@cholaj @@l t @@an @@wil iin
ri' chuwajin pwes ke kita'm,	ri' ch @@waaj @@in pwes ke kita' @@m
kita' chujb'anik tijb'ij taq ójor taq tziij.	kita' chu @@j @@b'an @@ik ti @@j @@b'ij taq ójor taq tziij
Pwes kita' q'atub' tipetk,	pwes kita' q'atub' ti @@pet @@ik
cha' taq.	cha' taq
Ri' li mkita' q'atub',	ri' li m @@kita' q'atub'
kom enkamby li ori jita' chki' noon.	koom enkamby li ori jita' chk @@i' moo
seb'laaj q'etub' tipet,	seb' @@laaj q'etub' ti @@pet
neen chek tpee sub'laj q'etub'.	neen chek t @@pee sub' @@laj q'etub'
Porke oojika' mism ojtokowk,	porke oj @@ika' miim oj @@tok @@ow @@ik
wi' qelk'wal taqeqiil.	wi' q @@elk'wal taq @@e @@q @@il
Kom emoo pech nik'i,	koom e @@moo pech nik' @@i'
tb'ek.	t @@b'ek
K'omo qe li wee laq ab'iix,	k'omo qe li wee laq ab'iix
k'omo qe li wee laq kinaq',	k'omo qe li we laq kinaq'
k'omo qe li wee chuchaq jaa rk'i kristyan xi' okwi'w,	k'omo qe li wee ch @@uch jaa r @@k'i kirtyaan xi' ok @@wi'w
xi' oki'li.	xi' ok @@i' @@li
Neen chak li,	neen chak li
xi' okoq,	xi' ok @@oq
kom ta' tqil.	kom ta' t @@q @@il
Toos jinon jb'anik qelk'waal,	toos jilon j @@b'an @@ik q @@elk'waal
rojwex tqil qelk'waal tqaya' jno'jaq.	rajwex ti @@q @@il q @@elk'waal t @@qa @@ya' j @@no'j @@aq
O si noo taq ra anm,	o' si noo taq ra ánim
taq o taq ra wunaqtqa'n pwes tqaya' jno'jaq tambyeen.	taq o' taq ra wunaq @@tq @@a'n pwes t @@qa @@ya' j @@no'j @@aq tambyeen
Wi' jye'ik jno'j ra anm,	wi' j @@ye' @@ik j @@no'j ra ánim
wi' jye'ik jno'j ra wunaq.	wi' j @@ye' @@ik j @@no'j ra wunaq
Manik'ta'n,	ma @@nik' @@ta'n
jalan jno'j ra anm,	jalan j @@no'j ra ánim
jalan jye'ik,	jalan j @@ye' @@ik
jno'jaq jb'anik jk'astaj jb'a'aq.	j @@no'j @@aq j @@b'an @@ik j @@k'asta @@j j @@b'a' @@aq
Jb'anik rk'i tzitaq chomrsánk,	j @@b'an @@ik r @@k'i tzi @@taq chomorsá @@n @@ik
rk'i tzitaq pensar,	r @@k'i tzi @@taq pensar
t'ok lajb'a'aq.	t' @@ok laj @@b'a' @@aq
Toos ri' li chwaj iin pwes.	toos ri' li ch @@w @@aj iin pwes
Toos lamas tpew q'etub' kita'n.	toos lamaas t @@pe @@w q'etub' kita'n
Pero komo ori ta'chki'n,	peer komo ori ta' @@chk @@i'n
tzi chaq wi' jun kristyan tb'i kamsajoq,	tzi chaq wi' jun kirtyaan t @@b'i kam @@sáj @@oq
tzi chaq.	tzi chaq
O wi' jun anm xpitz'aaj li b'ee,	o' wi' jun ánim x @@pitz' @@aa @@j li b'ee
tzi chaq.	tzi chaq
U xjop taq jwich jun tzik' anm,	u x @@jop taq j @@wiich jun tzik' ánim
b'anik tijb'ij taq qaqaaj,	b'an @@ik ti @@j @@b'ij taq qa @@qaaj
qachuuch ójor.	qa @@chuuch ójor
Toos jinon li,	toos jilon li
non tijb'ij,	non ti @@j @@b'ij
non tijb'ij inmaam wit' ójor.	non ti @@j @@b'ij in @@maam wit' ójor
E majop taq jwich kristyan,	e ma @@jop taq j @@wiich kirtyaan
cha'.	cha'
Toos tzi chaq tb'i jopsaj jwich jun kristyan,	toos tzi chaq t @@b'ik jop @@sáj j @@wiich jun kirtyaan
tzi chaq.	tzi chaq
aay ta' chki' tqata' neen tb'an.	ay ta' chik @@i' t @@qa @@ta' neen t @@b'an
Xpepne' jun qach'ol,	x @@pe @@p @@ne' jun qa @@ch'ool
xpepne' jun qeqa'n,	x @@pe @@p @@ne' jun qe @@qa'n
xpepene' jun qab'a,	x @@pe @@p @@ne' jun qa @@b'a
xpepene' jun wqan.	x @@pe @@pe @@ne' jun w @@aqan
Junojel tiq'oxow chi qe,	(junojel) ti @@q'ox @@ow chi qe
ta' chki' na'l neen k'ex chi qe.	ta' chik @@i' na'l neen k'ex chi qe
A' ri' tqab'ij itzb'ali'n,	a' ri' t @@qa @@b'ij itz @@b'al @@i'n
itzb'ali'n itzb'ali'n ri'.	itz @@b'al @@i'n itza @@b'al @@i'n ri'
Man taal julan li,	man taal julan li
ri' man Mriy.	ri' man mriy
O ri' man Jwana,	o' ri' man Jwana
ri' man Xwa'n,	ri' man xwa'n
o ri' man Tilin.	o ri' man tilin
O ri' man Leen o ri' man qaqaaj Si's,	o' ri' man Leen o ri' man qa @@qaaj Si's
o ri' man, man Si's.	o ri' man man Si's
O ri' man Waan,	o ri' man Waan
o ri' man Teek xenow chwe ooj,	o ri' man Teek x @@en @@ow ch @@we ooj
cha'.	cha'
Per noo mari' ta',	per noo ma @@ri' ta'
jcholáj tqab'ij.	j @@chola @@j t @@qa @@b'ij
ooj mism ojtokowk. I chqaj chaq, jalan chaq.	ooj miim oj @@tok @@ow @@ik i ch @@q @@aj chaq jalan chaq
Aruk' re' ojb'e jol.	a @@ruk' re oj @@b'e jol
Ya ta' chki' tqata' neen tqab'an lajqchoch,	ya ta' chik @@i' t @@qa @@ta' neen t @@qa @@b'an laj @@q @@chooch
ta' chki' tqata'w.	ta' chk @@i' t @@qa @@ta'w
Toos ooj mijor tqab'an	toos ooj mijor t @@qa @@b'an
oojb'e jol ri jun jalan t'iqatoke' riglesaq mosib'.	ooj @@b'e jol r @@i jun jalan t'i @@qa @@tok @@e' r @@igles @@aq mos @@ib'
Porke li riglesyaq rechi' mosib',	porke li r @@iglesy @@aq r @@ech @@i' moos @@ib'
ri maq, maq iglesya	ri maq maq iglesya
Ri ji'n rechi' mosib' li,	ri ji'n r @@ech @@i' moos @@ib' li
ooj b'e jol rk'ilaq.	ooj b'e jol r @@k'il @@aq
A' rechaq tzii triltaq,	a r @@ech @@aq tzii t @@r @@il @@taq
est ri' nemas tijsech.	este ri' nemas ti @@j @@sech
Baay xoktqa' rechaq chi jb'ij taq chi qe.	baa x @@ok @@tq @@a' r @@ech @@aq chi j @@b'ij taq chi qe
Noo li tachak kumb'l,	noo li ta' @@chak kumb'l
ta' chak nadaa.	ta' chak nadaa
Oken taq qik'il,	ok @@en taq qi @@ik'il
oken taq qik'il tqab'an seb'laaj jwert orasiyon chawijaq.	ok @@en taq q @@ik'il t @@qa @@b'an seb'laaj jwert orasiyon ch @@aw @@ij @@aq
Atzib'tqa'n,	a @@tzib' @@tq @@a'n
baay atzib'tqa'n,	baay a @@tzib' @@tq @@a'n
tcha' taq.	t @@cha' taq
Ta' chki' tijye' taq jq'iij wron,	ta' chk @@i' ti @@j @@ye' taq j @@q'iij woron
ta' chki' tijye' taq jq'iij.	ta' chk @@i' ti @@j @@ye' taq j @@q'iij
I qakumb'il kanel jwi'l qaqaaj Diyoos,	i qa @@kumb'il kan @@el j @@wi'l qa @@qaaj Dyoos
wron wi'.	woron wi'
Iin pur wron xintzib'san ójor,	iin pur wron x @@in @@tzib'sa @@n ójor
kwand xinta' inyaj.	kwand x @@in @@ta' in @@yaaj
Xintzib'i'n jwi'l wron,	x @@in @@tzib' @@i'n j @@wi'l woron
tons ji' k'u non li tanb'ijiin pwes.	tons ji' k'u jilon li t @@an @@b'ij @@iin pwees
taq ra wron wi' jchaqejalil.	taq ra woron wi' j @@chaqej @@al @@il
ooj xuker chuch neen tqik'aj neen k'ex chi qe.	ooj xuk @@er ch @@uch neen t @@q @@ik'aj neen k'ex chi qe
Tqatij qe nab'e ojxuker,	t @@q @@ik'aj qe nab'e oj @@xuk @@er
ajruk' re' tqatzek, tqatij jinon li jun welt.	aj @@ruk' re t @@qa @@tzek t @@qa @@tij jilon li jun welt
Per qastz'eti re chijb'anik tanb'ij iin,	per qas @@tz'et @@i' re chi @@j @@b'an @@ik t @@an @@b'ij iin
Petk'unaa q'etuub',	pet @@k'u @@naa q'etuub'
petk'une' jyajaq,	pet @@k'u @@ne' j @@yaaj @@aq
neen jpetik.	neen j @@pet @@ik
Pero ri' li jcholájl chuwaj iin.	pero ri' li j @@cholaj @@l ch @@waaj iin
Pero kom chib'anik tanb'ij iin aaj, aaj ritk'unere' tijya' taq jq'iij chee'.	pero kom chi @@b'an @@ik t @@an @@b'ij iin aaj aaj ri @@t @@k'u @@ne @@re' ti @@j @@ya' taq j @@q'iij chee'
Ajritk'unere' ta' chi tijkoj taq.	aj @@ri @@t @@k'u @@ne @@re' ta' chi ti @@j @@koj taq
Ori yanoo ta' chi tijkoj taq,	ori ya @@noo ta' chi ti @@j @@koj taq
ri' chaq tinwil iin ya masi' sach taq tanwil iin,	ri' chaq t @@in @@wil iin ya mas @@i' sach taq t @@an @@wil iin
inb'ij iin,	in @@b'ij iin
qes tinwil iin xojsach qe rk'ilaq.	qas t @@in @@wil iin x @@oj @@sach qe r @@k'il @@aq
Per iin tanb'ij iin,	per iin t @@an @@b'ij iin
aay iin si ta' chuwaj inb'e li jun jalaan chótix.	aay iin si ta' ch @@waaj in @@b'e li jun jalaan chotx
Qas jun jalaan iglesya chik,	qas jun jalaan iglesya chik
qas jun nab'e chótix.	qas jun nab'e chotx
Jinon tijb'ij taq qaqaaj,	jilon ti @@j @@b'ij taq qa @@qaaj
chuuch ójor re ójor chótix,	chuuch ójor re ójor chotx
cha' taq re.	cha' taq r @@e
Mee qiglesya ta',	mee q @@iglesya ta'
tcha' taq re,	t @@cha' taq r @@e
chótix,	chotx
cha' taq re.	cha' taq r @@e
Ji'n ri chótix ri' qes qachótix,	jii'n ri chotx ri' qas qa @@chotx
qes nim chótix li ri' li kla' li ojb'ew.	qas nim chotx li ri' li kla' li oj @@b'e @@w
Li li la' li iglesya ooj,	li li la' li iglesya ooj
cha' re.	cha' re
Baay ri' li.	baay ri' li
I jinon li qas xin chomorsaj iin,	i jilon li qas x @@iin chomorsa @@j iin
pwes Diyoos pwes iin tijb'iji' lajinwárj.	pwes Dyoos pwes iin ti @@j @@b'ij @@i' laj @@in @@war @@j
Kwand abeses,	kwand abeses
kwando.	kwaand
I neen tinb'an i neen tinb'an Diyoos,	i neen t @@in @@b'an i neen t @@in @@b'an Dyoos
tijya', tijb'iji' chwe qonojeli',	ti @@j @@ya' ti @@j @@b'ij @@i' ch @@we qonojel @@i'
qonojeli' li qonojeli'.	qonojel @@i' li qonojel @@i'
Jtzij Diyoos,	j @@tziij Dyoos
Diyoos wi' qonejel lwar wi'w,	Dyoos wi' qonojel lwar wi' @@w
Qonejel qaluwr li wi'w Diyoos,	qonejel qa @@luwr li wi' @@w Dyoos
wi' li chi q'aaq',	wi' li chi q'aaq'
wi' li lajqasook,	wi' li laj @@qa @@sook
wi' li qonojel li wi'w Diyoos.	wi' li qonojel li wi' @@w Dyoos
Ojchomrsan ooj per ooj chomrsank jurub'tne' tqasolaj jwich,	oj @@chomrsa @@n ooj per ooj chomrsa @@n @@ik jurub' @@t @@ne' t @@qa @@sola @@j j @@wiich
jurub' iglesya.	jurub' iglesya
Per mikita' jcholájl tqa'an,	per mi @@kita' j @@cholaj @@l t @@qa @@b'an
mari'ta' jcholájl.	ma @@ri' @@ta' j @@cholaj @@l
Tons ri' li tanb'ijin qaqaaj,	tons ri' li t @@an @@b'ij @@in qa @@qaaj
ri' li tanyoliin qaqaaj ji'n.	ri' li t @@an @@yol @@iin qa @@qaaj jii'n
Baay toos k'omoo chawe.	baa toos k'omoo ch @@aw @@e
Tosee k'omoo,	tosee k'omoo
k'omo chawe qaqaaj Keel.	k'omo ch @@aw @@e qa @@qaaj keel
Pwes xojyolow ak'il jun, jun q'iij ri pwes.	pwes x @@oj @@yol @@ow a @@k'il jun jun q'iij ri pwees
Iwir xojyolow ák'l ljori xojyolow chik juntir ák'l.	iwir x @@oj @@yol @@ow a @@k'l ljori x @@oj @@yol @@ow chik juntiir a @@k'l
Toos ri' li pwes tanb'ij iin,	toos ri' li pwes t @@an @@b'ij iin
qes ri' li tanyol iin chawe.	qas ri' li t @@an @@yol iin ch @@aw @@e
Rojwexki' tye'saj jq'iij maq ra lwar lamas wi'w taq ra rex k'im.	rojwexk @@i' t @@ye' @@sáj j @@q'iij maq ra lwar lamaas wi' @@w taq ra rex k'im
Porke talexch ja',	porke t @@alex @@ch ja'
tren k'otob'.	t @@r @@en k'otob'
I jinon jyub' ta'j tiye'saj jq'iij chuwaj iin pwes.	i jilon jyub' tá'j ti @@ye' @@sáj j @@q'iij chu @@w @@aj iin pwees
Ooj titawtina b'i na xílij,	ooj ti @@taw @@ti @@na b'i na xílij
pero talbes ojtawi' xílij tanb'ij iin.	pero talbez oj @@taw @@i' xílij t @@an @@b'ij iin
Qes tqakoj qachoq'w,	qas t @@qa @@koj qa @@choq'w'
pwes tz'etaj re' qonojel qatinmit ojchakun.	pwes tz'et @@aj re' qonojel qa @@tilmiit oj @@chaak @@un
Tanb'ij iin ri' li tanb'ij iin,	t @@an @@bij iin ri' li t @@an @@b'ij iin
ri' li tanb'ij iin qaqaaj.	ri' li t @@an @@b'ij iin qa @@qaaj
Ji'n, ji'n.	jii'n jii'n
Tons k'omo chawe qaqaaj.	tons k'omo ch @@aw @@e qa @@qaaj
K'omo chawe aat doña Kata,	k'omo ch @@aw @@e aat doña kata
xa'an jun toq'ob' xaye' jun gran informasyon re jun q'iij lojori.	x @@a @@'an jun toq'ob' x @@a @@ye' jun gran informasyon re jun q'iij lajori
E bweno pwes,	e bweno pwes
wi' junab'	wi' junab'
wi' jun istorya re aaj Lu'	wi' jun istorya re aaj Lu'
ke wi' jun num q'iij,	ke wi' jun num q'iij
kinse de Mayo	kinse de mayo
num q'iij San Isidr.	num q'iij San Isidr
ra jkaretaq neb'i re,	ra j @@karet @@aq ??? ???
ra jkaretaq,	ra j @@karet @@aq
ra jb'endisyonaq re jk'ayaq.	ra j @@b'endisyon @@aq re j @@k'ay @@aq
Re la' nim q'iij San Isidr	re la' nim q'iij San Isidr
rik'il padre tib'ensaj	r @@ik'il padre ti @@b'en @@saj
tons xtaw re,	tons x @@taw re
mulan chaq jkaretaq taq kristyan chi', chi', chótix.	mul @@an chaq j @@karetaq taq kirtyaan chi' chi' chótix
xk'amb' jkaret chirij wákix	x @@k'am @@b' j @@karet chi @@r @@ij wakix
jurchuchul wi'l wákix	jurchuchul wi'l wakix
tijk'am b'ik.	ti @@j @@k'am b'ik
I kom tijb'ij taq ke San Isidr	i kom ti @@j @@b'ij taq ke San Isidr
wi' jwákix.	wi' j @@wakix
Entons re, re, ma xaqta chub' man karet	entons r @@e r @@e ma xaq @@ta ch @@ub' man karet
no ke konto wákix tib'ensaj bendesir xi'j.	no ke kon @@to wakix ti @@b'en @@sáj bendesir x @@i'j
I ruk' re, re kom étzel kristyan	i ruk' r @@e r @@e kom étzel kirtyaan
re ta' tijkoj neb'ire',	r @@e ta' ti @@j @@koj ne @@b'i @@re'
si neb'ire'	si ne @@b'i @@re'
si awas tijb'alaj wákix ra la jaa	si awas ti @@j @@b'ala @@j wakix (ra) la jaa
o la jchótix,	o la j @@chotix
re xokb'ik dyunabes li, li konto wákix tijkoj b'ik la jchótix.	r @@e x @@ok @@b'ik dyunabes li li kon @@to wakix ti @@j @@koj b'ik la j @@chótix
Tons xi'j padre re,	tons x @@i'j padre r @@e
ke nen mod takoj wákix neri,	ke nen mod t @@a @@koj wakix neri
wa'xenw rik'il laq loke nik'j wi' taq ki'li be	wa'xen @@w r @@ik'il laq loke nik'j wi' taq ki' @@li be
olb'eel jwi'laq, nen or tib'ensaj bendisyon, re maq karet,	olb'eel j @@wi'l @@aq nen or ti @@ben @@saj bendisyon r @@e maq karet
waxenw rik'ilaq ki li,	waxen @@w r @@ik'il @@aq ki li
ruk' niri takoojch niri ta' las tijye' re kristyan.	ruk' niri t @@a @@kooj @@ch niri ta' las ti @@j @@ye' r @@e kirtyaan
Ta' k'ex tib'ensaj k'ex re kristyaan	ta' k'ex ti @@b'en @@sáj k'ex r @@e kristyaan
jwi'l wákix.	j @@wi'l wakix
A, si ta' chawaj ta'an bendesir inwákix pech inkaret	a si ta' ch @@aw @@aj ta @@'an bendesir in @@wakix pech in @@karet
ya neejb'ij re ya iin	ya ne @@j @@b'ij re ya iin
ya inkaret iin bendesid chaq, jwi'l dyawl,	ya in @@karet iin bendesid chaq j @@wi'l dyawl
ticha',	ti @@cha'
cha'.	cha'
Nad majwex ta' chiki ta' tzaq bendisyon at chub'.	nad ma @@jwex ta' chik @@i ta' tzaq bendisyon at chub'
Entons, elamb'ik pwes,	entons el @@am @@b' @@ik pwes
ticha' Padre,	ti @@cha' padre
nen tatok neri b'an si ya bendesid chaq jat.	nen t @@a @@tok neri b'an si ya bendesid chaq jat
Sim ta' chawaj rooqtaj taq wákix,	si @@m ta' ch @@aw @@aj r @@ooqta @@j taq wakix
cha'	cha'
alajwersa raj tijkoj laj chótix	alajwersa r @@aj ti @@j @@koj laj chotix
cha'.	cha'
Ntons xpe taq, taq wákix,	ntons x @@pe taq taq wakix
tons loke xen taq, taq wákix	tons loke x @@en taq taq wakix
xjusaj rib'aq li yugo,	x @@jus @@aj r @@ib' @@aq li yugo
xkan maj yugo konto maj karet chi' chótix,	x @@kan ma @@j yugo kon @@to ma @@j karet chi' chótix
cha'.	cha'
Taq wákix xel taq b'ik,	taq wakix x @@el taq b'ik
komo nik' ta' kil, rik'il komo jun kirtyan	komo nik' ta' kil r @@ik'il komo jun kirtyaan
awaji'n, per xana' respetar.	awaj @@i'n per x @@a @@ @@na' respetar
I re, kirtyani'n, kita' tran respetar.	i r @@e kirtyaan @@i'n kita' t @@r @@an respetar
Awajin taq wákix	awaj @@in taq wákix
ta' xok taq laj chótix	ta' x @@ok taq laj chótix
loke xen taq xjusaj b'ik rib'aq la' jyugo xe' taq,	loke x @@en taq x @@jus @@áj b'ik r @@ib' @@aq la' j @@yugo xe' taq
xkaaj ye' taq man karet.	x @@kaa @@j ye' taq man karet
Tons, yaa, xpe padre xij re,	tons yaa x @@pe padre x @@ij r @@e
nen mod at ta' a respet nad.	nen mod at ta' a respet nad
Awaj wi' jrespet	awaj wi' j @@respeto
rechaq awaj taqan kita' xok taq la jchótix,	rechaq awaj taq @@an kita' x @@ok taq la j @@chótix
nen mod ril kwand tawuqtaaj	nen mod r @@il kwand t @@a @@wuq @@taaj
xpe xjusaajb'i rib'aq	x @@pe x @@jus @@aj @@bì r @@ib' @@aq
i kita' xok taq la jchótix.	i kita' x @@ok taq la j @@chótix
Awajtaqe, rechaq bendesidtaqaan awaj li,	awaj @@taq @@e rechaq bendesid @@taq @@aan awaj li
enkamby at ata' chiki' bendesid,	enkamby at at @@a' chik @@i' bendesid
ori loke abid aat	ori loke a @@bid aat
at waakot laq b'e rik'il man akaret.	at wakot laq b'e r @@ik'il man akaret
Atb'en la q'ab'	at @@b'en la q'ab'
dondekeer la' atb'e'w,	donde @@keer la' at @@b'e' @@w
atwk'xin laq chee',	at @@wk'xin laq chee'
laq, b'e.	laq b'e
Ri li bendisyon chawe aat lajori,	ri li bendisiyon ch @@aw @@e aat laj'ori
ticha' padre re,	ti @@cha' padre r @@e
cha'.	cha'
I xpe re, xalmaj	i x @@pe r @@e x @@almaj
xk'am b'i jkaret,	x @@k'am b'i j @@karet
cha'.	cha'
I juntir kirtyan loke wi' kla'	i juntiir kirtyaan loke wi' kla'
xtzaq jch'olaq chuch.	x @@tzaq j @@ch'olaq ch @@uch
I kwand li jori'	i kwand li jor @@i'
por es tijb'ij kirtyan ke kwand wi' jun alg	por es ti @@j @@b'ij kirtyan ke kwand wi' jun algo
jun k'ex laq, laq tilmit	jun k'ex laq laq tinmit
o laq b'e	o laq b'e
wi' bes re tiq'ax,	wi' bes r @@e ti @@q'ax
tiwok'ok' rik'il maj karet tiq'ax la q'ab',	ti @@wok'ok' r @@ik'il ma @@j karet ti @@q'ax la q'ab'
cha'.	cha'
xtzaqow ch'ol laq'ab',	x @@tzaq @@ow ch'ol la @@q'ab'
cha'.	cha'
Dyunabes xkaan reqe tzaqow ch'ol laq b'e,	dyunabes x @@kan r @@eqe tzaq @@ow ch'ol laq b'e
cha'.	cha'
Derepent qe tijta' jun	derepent qe ti @@j @@ta' juun
tijiniin rikil maj, maj,	ti @@jiniin r @@ik'il ma @@j ma @@j
maj ra jchee' tiq'ax.	ma @@j ra j @@chee' ti @@q'ax
Kom maldisyaad chaq	kom maldisyaad chaq
kom ta' chiki'	kom ta' chik @@i'
ta' tzii loke xen.	ta' tzii loke x @@en
ta' chiki' wákix	ta' chik @@i' wakix
kom wákix xalmaji'n,	kom wakix x @@almaj @@i'n
re chaq xkaan rik'il maj karet	re chaq x @@kaan r @@ik'il ma @@j karet
ri' chaq re tijooliin rik'il laq b'ee,	ri' chaq re ti @@jool @@iin r @@ik'il laq b'ee
cha'.	cha'
Pores kwand wi' juun ch'ooj	pores kwand wi' juun ch'ooj
ri' re tiq'ax, tiq'ax primero laq b'ee	ri' r @@e ti @@q'ax ti @@q'ax primero laq b'ee
ori la q'ab' titzaqw ch'ool,	ori la q'ab' ti @@tzaq @@w ch'ool
cha'.	cha'
Jwi'l kita' tikojoon,	j @@wi'l kita' ti @@kojoon
cha'.	cha'
Mas étzel kristyan porke li.	mas étzel kirtyaan porke li
Sin lastima tijb'alaj wákix li miix	sin lastima ti @@j @@b'ala @@j wakix li miix
cha'.	cha'
Konto, man ra jkaret,	kon @@to man ra j @@karet
cha',	cha'
ri k'uli tijb'ij taq	ri k'u @@li ti @@j @@b'ij taq
ke kristyan ta' k'u jrespetaq nad,	ke kirtyaan ta' k'u j @@respe @@taq nad
ta' tijkooj taq dyoos	ta' ti @@koj @@oon taq dyoos
rechaq juntir itz'ab' jwi'laq.	rechaq juntiir itz'ab' j @@wi'l @@aq
Kyere desir ta', ta' tikojoon taq	kyere desir ta' ta' ti @@koj @@oon taq
kyerdesir ta' jrespetaq nik'are' nad,	kyerdesir ta' j @@respet @@aq nik' @@ar @@e' nad
jii'n, jii'n.	jii'n jii'n
Tons xensaj bendesir	tons x @@en @@sáj bendesir
kyere desir jbid, rechi' tiwa'kot	kyere desir j @@bid r @@ech @@i' ti @@wa'kot
laq q'uqum	laq q'uqum
la q'ab'	la q'aab'
jwi'li'li.	j @@wi'l @@i' @@li
Kom tijb'ij ke, étzel bendesid jwi'l.	kom ti @@j @@b'ij ke étzel bendesid j @@wi'l
tonses medyabes kita' tijkoj dyoos.	tonses medyabes kita' ti @@j @@koj dyoos
Pwes tiwa'kot laq b'e nojeel a q'ab'.	pwes ti @@wakot laq b'e nojeel a q'ab'
I lon qe li, tijk'isb'ej sik' jbid.	i lon qe li ti @@j @@k'is @@b'ej sik' j @@bid
Chuk' tijb'ij kristyan	chuk' ti @@j @@b'ij kirtyaan
ma aan taq k'ex,	ma aan taq k'ex
porke ta' tzii tib'ensaj maldisyar jbid jun.	porke ta' tzii ti @@b'en @@saj maldisyar j @@bid jun
Rik'il jun kitz tikaan sach jun,	r @@ik'il jun kitz ti @@kaan sach jun
ta' chiki' jcholajl tren jun,	ta' chik @@i' j @@chola @@j @@l t @@r @@en jun
jii'n ri li.	ji @@i'n ri li
I tinyol chik jun istorya,	i t @@in @@yol chik jun istorya
komoo tawila'ka' man jun xq'ax.	komoo t @@aw @@il @@a' @@ka' man jun x @@q'ax
Rechi' étzel taq ka'n	r @@ech @@i'n étzel taq ka'n
o rechi' malas baa.	o r @@ech @@i' malas baa
Per lajori ya tinyol chik jun perech tra, tra benaa.	per lajori ya t @@in @@yol chik jun pe @@r @@ech t @@ra t @@ra benaa
Tra tqa'an re qayólij,	t @@ra t @@qa @@'an r @@e qa @@yól @@ij
I ya despwes re, ra, ra deplaan ra ixpaqar li kaxlan.	i ya despwes re ra ra deplaan ra ixpaqar li kaxlan
Jb'iij ra sapo.	j @@b'iij ra sapo
Lajori wi' chiki' jun ra ristorya	lajori wi' chik @@i' jun ra r @@istorya
xen rechaq,	x @@en rechaq
Kom awetamaqi'n ke suu jun istoryn.	kom aw @@etam @@aq @@i'n ke (suu) jun istoryn
tresaj tzeb'al baa.	t @@r @@esa @@j tze @@b'al baa
Baay lajori xyol chik ra,	baay lajori x @@yol chik ra
xpe,	x @@pe
b'esel ra benaa,	b'es @@el ra benaa
cha',	cha'
petzel rb'ee.	pet @@el r @@b'ee
cha'.	cha'
I kabalmente xk'ul ra ixpaqar,	i kabalmente x @@k'ul ra ixpaqar
cha'.	cha'
Bweno boos,	bweno boos
lajori atintij,	lajori at @@in @@tij
cha' re.	cha' re
Nej chaak boos,	ne @@j chaak boos
puchiis iin ra nuch' boos.	puchiis iin ra nuch' boos
Kib',	kib'
uxib' bokaa inatiij,	uxib' bokaa in @@a @@tiij
cha' re cha' fijate.	cha' re cha' fijate
A' noo bos ombre,	a noo bos ombre
jinon li ta' tzi tab'an.	jinon li ta' tzi t @@a @@b'an
Tinatij noo,	t @@in @@aa @@tij noo
cha' re cha'.	cha' re cha'
Ke lajori tqab'ane' jun kosa,	ke lajori t @@qa @@b'an @@e' jun kosa
cha' man ixpaqar re cha'.	cha' man ixpaqar re cha'
Neen k'u kosa tab'an chweyin,	neen k'u kosa t @@a @@b'an ch @@we @@in
boos iin ta' wetam,	boos iin ta' w @@etam
cha' man benaa cha'.	cha' man benaa cha'
Lajori atintij, atintij.	lajori at @@in @@tij at @@in @@tij
Noo ta' inatij boos	noo ta' in @@at @@tij boos
ke iin ta' naa tinb'an chawe.	ke iin ta' naa t @@in @@b'an cha @@we
B'aa lajori tqaane' jun apweest,	b'aa lajori t @@qa @@an @@e' jun apweest
cha' man ixpaqar re cha'.	cha' man ixpaqar re cha'
Nemoo k'u apwes chawaj tab'an aat,	ne @@moo k'u apwes ch @@aw @@aj t @@a @@b'an aat
cha' man benaa re cha'.	cha' man benaa re cha'
Per lajori xtaw a'ora atintij.	per lajori x @@taw a' @@ora at @@in @@tij
Noo, noo boos,	noo noo boos
cha' re.	cha' re
Lajori ya xtaw arat a'ora atintij.	lajori ya x @@taw a @@rat a @@'ora at @@in @@tij
Bwen xpe k'u ma, ma man ixpaqar.	bwen x @@pe k'u ma ma man ixpaqar
Xij re man, man ra kiyej berda.	x @@ij re man man ra kiyej berda
ya xtaw oora atintij.	ya x @@taw oora at @@in @@tij
I lajori atintija'n.	i lajori at @@in @@tij @@a'n
tqane' jun apwest,	t @@qa @@ @@ne' jun apwest
cha' re cha'.	cha' re cha'
Neen k'u apwest chawaj aat,	neen k'u apwest ch @@aw @@aj aat
cha' re.	cha' re
ojb'e li jun kampo re, re futbool,	oj @@b'e li jun kampo r @@e r @@e futbool
cha'.	cha'
Ojb'ek tiqane',	oj @@b'e @@k ti @@qa @@ne'
inb'e xilij.	in @@b'e xílij
I kila' tqoqtaaj qiib',	i kil @@a' t @@q @@oqtaa @@j q @@iib'
el ke tch'ekonk ri' tch'ekon,	el ke t @@ch'ek @@on @@ik ri' t @@ch'ek @@on
el ke neen tren perder ri' tren perder,	el ke neen t @@r @@en perder ri' t @@r @@en perder
cha',	cha'
cha'.	cha'
Baa estaabiyen pwes,	baa estaa@biyen pwes
cha',	cha'
cha'.	cha'
Lajori estabyeen neen q'iij tqata' qiib',	lajori estabyeen neen q'iij t @@qa @@ta' q @@iib'
jun q'iij.	jun q'iij
Noose ke por tinb'ij,	noose ke por t @@in @@b'ij
tinya' respwest chawe.	t @@in @@ya' respwest ch @@aw @@e
Estabiyeen,	esta@biyeen
xpe chik jun welt chik,	x @@pe chik jun welt chik
kabal xij.	kabal x @@ij
jun q'iij ri' tqate' jun dya martes,	jun q'iij ri' t @@qa @@te' jun dya martes
cha' re cha'.	cha' re cha'
Jun q'iij re martes intaw.	jun q'iij re martes in @@taw
I aat atwa'x en frente weyin.	i aat at @@wa'x en frente we @@yin
Por kwand inb'ek,	por kwand in @@b'e @@ik
dyunabes atintij.	dyunabes at @@in @@tij
Kiib',	kiib'
uxib' brink tinya' chawe.	uxib' brink t @@in @@ya' ch @@aw @@e
Kom iin nim awaji'n.	kom iin nim awaj @@i'n
I aat ra nuch',	i aat ra nuch'
atintija'n,	at @@in @@tij @@a'n
cha' re cha'.	cha' re cha'
Noo bos ombre	noo bos ombre
jinoli ta' tzi tab'an,	jino @@li ta' tzi t @@a @@b'an
cha' re cha'.	cha' re cha'
Baa estabyeen pwes	baa estabyeen pwes
lajori iin konforme iin,	lajori iin konforme iin
cha' re cha'.	cha' re cha'
Petz eel, petz eel man benaa,	petz eel petz eel man benaa
cha'.	cha'
Lajori i kabal xen komnikar rib'aq	lajori i kabal x @@en komnikar r @@ib' @@aq
maq, maq, maq tra ixpaqar ba.	maq maq maq t @@ra ixpaqar ba
Mucha tal q'iij ri tpe man benaa.	mucha tal q'iij ri t @@pe man benaa
I lajori tqaa, tqane' taq juun,	i lajori t @@qaa t @@qa @@ne' taq juun
tqane' re komoo jun truko baa.	ti @@qa @@ne' re komoo jun truko baa
Per komoo jun iitz'	per komoo jun iitz'
rechaq tqa'an alinyar qiib'.	rechaq t @@qa @@'an alinyar q @@iib'
Nemoo tren maq pelot,	nee @@moo t @@r @@en maq pelot
cha'.	cha'
Kwand tpet kabal tch'aw jun chuch.	kwand t @@pet kabal t @@ch'aw jun ch @@uch
I ta' tij tij,	i ta' ti @@j ti @@j
cha',	cha'
cha'.	cha'
I nemoo li boos,	i nee @@moo li boos
lagran jilonli ta' tzii ojtija', ojki'sa' juntir.	lagran jilon @@li ta' tzii oj @@tij @@a' oj @@k'is @@a' juntiir
Ta' chiki' ojkan ni semy,	ta' chik @@i' oj @@kan ni semy
cha' maq ixpaqar.	cha' maq ixpaqar
Nombre,	n @@ombre
cha',	cha'
cha'.	cha'
Noo tiqatije' tawil impuch.	noo ti @@qa @@tij @@e' t @@aw @@il impuch
Lajori oojkwini'n,	lajori ooj @@kwin @@i'n
cha',	cha'
cha'.	cha'
B'aa estabyeen pwes,	baa esta@byeen pwes
cha' maq nii'j chik.	cha' maq niij chik
Xmulaj rib'aq	x @@muláj r @@ib' @@aq
cha'.	cha'
cha'.	cha'
kada tres metro,	kada tres metro
kada tres metro.	kada tres metro
xtz'apijtqa' juntir man kampo,	x @@tz'api @@j @@tq @@a' juntiir man kampo
cha'.	cha'
petzel taq man benaa.	petz @@el taq man benaa
Ijwelee ya petzel chaq man benaa muchaa.	ijwelee ya petz @@el chaq man benaa muchaa
Neen tqab'an.	neen t @@qa @@b'an
Baa lajori nemoo xinb'iij chawe,	baa lajori ne @@moo x @@in @@b'ij ch @@aw @@e
cha' man jun.	cha' man jun
Man xyolow rk'i man benaa baa.	man x @@yolow r @@k'i man benaa baa
Bwen lajori boos,	bwen lajori boos
cha' re,	cha' re
ke lajori petzel chaq man benaa.	ke lajori petz @@el chaq man benaa
Paa tch'aw jun re nab'e chuch man benaa,	paa t @@ch'aw jun re nab'e ch @@uch man benaa
nab'e chuch,	nab'e ch @@uch
nab'e chuch kla' ta' ojte'.	nab'e ch @@uch kla' ta' oj @@te'
Tawil inpuch,	t @@aw @@il in @@puch
cha' taq re.	cha' taq re
cha' taq.	cha' taq
Xen taq komnikar ri'b'al,	x @@en taq komnikar r @@i'b' @@aq
ri'b'aq baa.	r @@i'b' @@aq baa
I kabalmente,	i kabalmente
cha',	cha'
kwando petzel man benaa.	kwaand petz @@el man benaa
Xe' man jun xi'wa'roq chuch,	xe' man jun x @@i' @@wa'r @@oq ch @@uch
cha'.	cha'
Boos,	boos
cha' re.	cha' re
Lajori aat list tink'we' na wib' primero.	lajori aat list (tink'we') na wi @@ib' primero
Despwes in atij.	despwes in a @@tij
Noo xin b'ij chawe	noo x @@in b'ij ch @@aw @@e
kwando ree' xatyolow uk'il.	kwando re @@e' x @@at @@yol @@ow uk'il
Antes ke ajk'i ta,	antes ke aj @@k'i t @@a
ajki' tawil.	ajk @@i' t @@aw @@il
Ta' chawaj tanab'ersaj apalabra.	ta' ch @@aw @@aj t @@a @@nab'ersá @@j a @@palabra
Kom ya xanab'ersaaji'n,	kom ya x @@a @@nab'ersá @@aj @@i'n
oor lajori inatije'.	oor lajori in @@a @@tij @@e'
Si atkwin cha'saj re,	si' at @@kwin cha' @@sáj re
cha'.	cha'
Baa estabyeen pwes,	baa esta @@byeen pwes
cha'saj re.	cha' @@sáj re
Lajori tawil inpuch,	lajori t @@aw @@il in @@puch
aay yo's en dos,	aay yo's en dos
tres brinkos atintij boos.	tres brinkos at @@in @@tij boos
Baa inatije' lajori win chaq ák'il.	baa in @@aa @@tij @@e' lajori w @@in chaq ák'il
Inatije',	in @@a @@tij @@e'
xpe k'u maraa xpek'u man ra kiyej li.	x @@pe k'u ma @@raa x @@pe @@k'u man ra kiyej li
Xpet i xpet i xpet,	x @@pet i x @@pet i x @@pet
cha'.	cha'
K'weel chaq rib' jwi'l kwand b'eetz',	(k'weel) chaq r @@ib' j @@wi'l kwand b'eetz'
cha',	cha'
cha'.	cha'
Kwand xt'oj kib',	kwand x @@t'oj kib'
uxib' brink man li.	uxib' brink man li
B'eetz', b'eetz', b'eetz' tren ra ixpaqar.	b'eetz' b'eetz' b'eetz' t @@r @@en ra ixpaqar
I baa nab'e chuch,	i baa nab'e ch @@uch
cha'.	cha'
I xem man benaa	i xem man benaa
xmaj jun jol,	x @@maj jun jol
cha'.	cha'
I baa jol	i baa jol
i baa jol.	i baa jol
Ta' naa tijte',	ta' naa ti @@j @@te'
cha'.	cha'
I baa,	i baa
cha' i baa cha' i baa jol.	cha' i baa cha' i baa jol
I baa jol tren.	i baa jol t @@r @@en
Saber jurub' welt xya'w.	saber jurub' welt x @@ya' @@w
I ri' chaq tril rechaq,	i ri' chaq t @@r @@il rechaq
kwando tzik' wenaa ta' chiki' tijq'iw.	kwando tzik' wenaa ta' chik @@i' ti @@j @@q'i @@w
Jun raaq' jichaq lonli eselch jwi'l,	jun raaq' ji @@chaq lon @@li esel @@ch j @@wi'l
cha'.	cha'
I baa i baa mira,	i baa i baa mira
cha' re.	cha' re
Ke nemo li maa, maa maq ixpaqar.	ke ne @@mood li maa maa maq ixpaqar
Ta' tinte',	ta' t @@in @@te'
por si re chaq ra nuch' ka'n tqa'n.	por si re chaq ra nuch' ka'n tq @@a'n
I lajori nej chaak iin inim ka'n iin.	i lajori ne @@j chaak iin i @@nim ka'n iin
Xinkosi'n,	x @@in @@kos @@i'n
cha' man benaa cha'.	cha' man benaa cha'
I baa i baa,	i baa i baa
per nab'e man ixpaqar chuch,	per nab'e man ixpaqar ch @@uch
cha'.	cha'
Ta' tkan i ta' tkan i ta' tkan xem.	ta' t @@kan i ta' t @@kan i ta' t @@kan xem
I nemoo ta' tinte',	i ne @@moo ta' t @@in @@te'
xaqti tinte' tintij lajori si kib',	xaq @@ti t @@in @@te' t @@in @@tij lajori si' kiib'
uxib' welt chaq tinte',	uxib' welt chaq t @@in @@te'
cha'.	cha'
cha'.	cha'
Noo ta' inkwin,	noo ta' in @@kwin
man man ra kiyej cha'.	man man ra kiyej cha'
Kwand xye' jun welt chik,	kwand x @@ye' jun welt chik
alwelt xye'w.	(alwelt) x @@ye' @@w
Kwand xqej chuchaq tra ixpaqar,	kwand x @@qej ch @@uch @@aq t @@ra ixpaqar
cha',	cha'
xqej chuchaq tra ixpaqar.	x @@qej ch @@uch @@aq tra ixpaqar
I kwand xmuler taq tra ixpaqar chirij.	i kwand x @@mul @@er taq tra ixpaqar chi @@r @@iij
Fijat ke man benaa	fijat ke man benaa
kita' tzii tren ji'non li.	kita' tzii t @@r @@en jii'non li
Tren famar rib' li bee,	t @@r @@en famar r @@ib' li bee
cha' taq tra ixpaqar cha'.	cha' taq tra ixpaqar cha'
Si pwes	si pwes
i kabalmente xkwintqa' tra ixpaqar.	i kabalmente x @@kwin @@tq @@a' tra ixpaqar
tra nuch' qe.	tra nuch' qe
Per man jun xinyol mir,	per man jun x @@in @@yol mir
nimi' lajori xk'isi' ral istorya.	nim @@i' lajori x @@k'is @@i' ral istorya
Re juun anm,	r @@e jun ánim
jun ra q'opoj anm.	jun ra q'opoj ánim
Jb'iij Lupaa,	j @@b'iij lupaa
re Lupaa jb'iij ra, ra anm.	re lupaa j @@b'iij ra ra ánim
Re, re jchuuch jqaaj,	re re j @@chuuch j @@qaaj
wi' jchuuch wi' jqaaj.	wi' j @@chuuch wi' j @@qaaj
I diske,	i diske
kaa bes kwand titaqsajk.	kaa bes kwand ti @@taq @@sáj @@ik
Ta' tkojon chuch jchuuch,	ta' t @@koj @@on ch @@uch j @@chuuch
ni ta' tkojon chuch jqaaj.	ni ta' t @@koj @@on ch @@uch j @@qaaj
I re trena'n loke, loke neen raj tren,	i re t @@r @@en @@a'n loke loke neen r @@aj t @@r @@en
trena'n.	t @@r @@en @@a'n
I re loke neen tichokon jwi'l.	i re loke neen ti @@chokon j @@wi'l
Tril tichokoni'n jwi'l tril.	t @@r @@il ti @@chok @@on @@i'n j @@wi'l t @@r @@il
I baa titaqsaj, titaqsaj anm ri.	i baa ti @@taq @@sáj ti @@taq @@sáj ánim ri
I kita' tikojoon,	i kita' ti @@koj @@on
xaq derepent xijsaj re jun welte.	xaq derepeet x @@ij @@sáj re jun welte
Aat lajori tib'ab'ene' tal kosa,	aat lajori ti @@b'a @@ben @@e' tal kosa
xyu'tzajch.	x @@yu'tza @@j @@ch
cha' re.	cha' re
No loke kosa tb'ab'ene' lajori,	no loke kosa t @@b'a @@b'e @@ne' lijori
tb'a tzeke' jun b'o'j kinaq'.	t @@b'a tzak @@e' jun b'o'j kinaq'
Disk,	disk
cha' taq re.	cha' taq re
Ay neen ku' moo jtzekik tanb'an,	ay neen k'u moo j @@tzek @@ik t @@an @@b'an
cha' re cha'.	cha' re cha'
Noo loke jtzekik tab'an,	noo loke j @@tzek @@ik t @@a @@b'an
ri' tb'aye' juun, juun juj tajkiil re,	ri' ti @@b'a @@ye' juun juun ju @@j tajkiil re
re jun awech'elxik.	r @@e jun aw @@ech'elxiik
A kom seyama jun awech'elxik,	a @@kom se yama jun aw @@ech'elxiik
ke wi' chanaqaj.	ke wi' ch @@a @@naq @@aj
O atnika' atilw neen, neen moo tab'an.	o' at @@nik @@a' at @@il @@w neen neen moo t @@a @@b'an
Tu'tzaj jwi'l jqaaj,	t @@u'tzaj j @@wi'l j @@qaaj
jwi'l jchuuch.	j @@wi'l j @@chuuch
Antonses re kita', kita',	antonses re kita' kita'
kita', kita' xtaaw rk'i rch'exik li tijb'iij.	kita' kita' x @@taaw r @@k'i r @@ch'exik li ti @@j @@b'iij
Si no ke mas ke xtaw rk'i juj tiit'.	si no ke mas ke x @@taw r @@k'i ju @@j tiit'
Tons jtiit' jb'iij Liya,	tons j @@tiit' j @@b'iij Liya
cha'.	cha'
Tiit' neen moo tinb'an cha' nikare,	tiit' neen moo t @@in @@b'an cha' nika @@re
cha'.	cha'
Ke loke lajori tab'an	ke loke lajori t @@a @@b'an
ri' tatzek jun rajb'aq'wich ra kinaq'	ri' ti @@tzak jun ra @@j @@b'aq' @@wi @@ch ra kinaq'
cha'.	cha'
I jun rajb'aq'wich ra kinaq'.	i jun ra @@j @@b'aq' @@wich ra kinaq'
Kita' tatzaq ni kib',	kita' ti @@tzaq ni kib'
ni uxib',	ni uxib'
ni kiijab',	ni kijab'
ni job' jb'aq'wich.	ni job' j @@b'aq' @@wich
Si no ke juun qe tatzek xutzaj,	si no ke juun qe ti @@tzek x @@utzá @@j
cha'.	cha'
Toos neen k'u moo tinb'an,	toos neen k'u moo t @@in @@b'an
tcha',	t @@cha'
tcha',	t @@cha'
tcha' Lupaa.	t @@cha' Lupaa
Si tintzek juj rajb'aq'wich,	si t @@in @@tzek ju @@j r @@aj @@b'aq' @@wich
ta' tren per ni chweyn,	ta' t @@r @@en per ni ch @@we @@yn
tcha' re cha'.	t @@cha' re cha'
A' noo,	a noo
tcha' re cha'.	t @@cha' re cha'
Noo lajori tinb'an mejor,	noo lajori t @@in @@b'an mejor
ri' tink'am b'i juun, juun, juun job' jb'aq'wich.	ri' t @@in @@k'am b'i juun juun juun job' j @@b'aq' @@wich
I ri' li tinch'aje',	i ri' li t @@in @@ch'aj @@e'
cha'.	cha'
I kesi wi' jun ra b'inb'el ja',	i ke @@si wi' jun ra (b'inb'el) ja'
ri, ri chi jnaqajaq jun ra tb'en ra ja'.	ri ri chi j @@naqaj @@aq jun ra t @@b'en ra ja'
Pur jun ra xo'l suwaan.	pur jun ra xo'l suwaan
Derepent xi', xi' xijk'ome'.	derepent xi' xi' x @@i @@j @@k'om @@e'
Per si tintzaq ab'aj pijpech,	per si ti @@in @@tzaq ab'aj pi @@j @@pech
neen k'u tren ra, ra, ra b'o'j ri,	neen k'u t @@r @@en ra ra ra b'o'j ri
tcha' re cha'.	t @@cha' re cha'
Si tintzaq ab'aj pijpech kinaq',	si t @@in @@tzaq ab'aj pu @@j @@pech kinaq'
neen k'u moo ri tren,	neen k'u moo ri t @@r @@en
tcha' re cha'.	t @@cha' re cha'
Baay xaa,	baay ???
xok chij,	x @@ok chi @@j
ra anm li jb'ij Lupaa.	ra ánim li j @@b'ij ???
Xok chij chomorsajk	x @@ok chi @@j chomorsa @@j @@ik
i baa jchomorsaj tren.	i baa j @@chomorsa @@j t @@r @@en
Neen k'u moo ri tinb'an,	neen k'u moo ri t @@in @@b'an
neen k'u moo ri tinb'an.	neen k'u moo ri t @@in @@b'an
sera ke iin tinwaa'x chij,	sera ke iin t @@in @@waa'x chi @@j
chijchi' ra ja' ri.	chi @@j @@chi' ra ja' ri
Para ke ta' inijk'am b'ik ra ja'.	para ke ta' in @@i @@j @@k'am b'ik ra ja'
Per si ra ja',	per si ra ja'
ta' raj nimal,	ta' ra nim @@aal
tcha',	t @@cha'
tcha' nika' anm jb'iij Lupaa.	t @@cha' nika' anim j @@b'iij Lupaa
Pero iin neen moo tinb'an.	pero iin neen moo t @@in @@b'an
I xok	i x @@ok
i baa tontal	i baa tontal
i baa chomorsaan tren.	i baa chomorsa @@an t @@r @@en
i baa b'iis tren.	i baa b'iis t @@r @@en
Komoo jun ra su'	komoo jun ra su'
i baa chaq b'ison.	i baa chaq b'is @@on
I baa chaq b'ison	i baa chaq b'is @@on
i ba chaq tijqech'ech'ej tra wchre.	i ba chaq ti @@j @@qech'ech'e @@j tra wch @@re
I ba chaq tijqech'ech'ej tra wchre.	i ba chaq ti @@j @@qech'ech'e @@j tra wch @@re
Xaq derefente xtaw kla'. Kita', kita' re,	xaq derefente x @@taw kla' kita' kita re
kita' chki' tijta' neen tren.	kita' kita' ti @@j @@ta' neen t @@r @@en
Xok chi b'iis	x @@ok chi b'iis
i baa b'iis i baa b'iixon tren.	i baa b'iis i baa b'iix @@on t @@r @@en
Xaq derefente xkuxtaj jwi'l,	xaq derefente x @@kuxta @@j j @@wi'l
wi' b'a juj tajkiil xye'saj.	wi' b'a ju @@j tajkiil x @@ye' @@sáj
Re ta' chki' kuxtal jwi'l.	re ta' chik @@i' kuxta @@l j @@wi'l
Chaq derefente xye'saj juj tajkiil.	chaq derefente x @@ye' @@sáj ju @@j tajkiil
Ke twa'x li, li, li ke tb'e li tzakow kinaq'.	ke t @@wa'x li li li ke t @@b'e li tzak @@ow kinaq'
Toos re mejor,	toos re mejor
mejor antes, antes ke inb'e li tzekow kinaq',	mejor antes antes ke in @@b'e li tzek @@ow kinaq'
tcha' re.	t @@cha' re
Mejor tinb'an b'i ra witiin,	mejor t @@in @@b'an b'i ra w @@itin
tcha' re cha'.	t @@cha' re cha'
I xok chij resaj,	i x @@ok chi @@j r @@esa @@j
xok chij resaaj nik'aj ra, ra ritz'iq.	x @@ok chi @@j r @@esaa @@j nik'aj ra ra r @@itz'iq
Xok chij resaaj ritz'iq	x @@ok chi @@j r @@esaa @@j r @@itz'iq
i baa ritz'iq tresaj.	i baa r @@itz'iq t @@r @@esa @@j
Derefente xtaw li,	derefente x @@taw li
xtaw li jun li.	x @@taw li jun li
Per kita' inxab'oon k'omolch inwi'l,	per kita' in @@xab'on k'om @@ol @@ch in @@wi'l
tcha' re cha'.	t @@cha' re cha'
Antons niri xab'oon wi' ketant,	antons niri xab'oon wi' ke @@tant
wi' niri,	wi' niri
cha',	cha'
cha'.	cha'
Xok chij tokik traj jwich chee'.	x @@ok chi @@j tok @@ik tra @@j j @@wich chee'
I baa jtokik tra jwich chee' tren.	i baa j @@tok @@ik tra j @@wich chee' t @@r @@en
Komoo tra ch'amach',	komoo tra ch'amach'
tra nimaq.	tra nimaq
Toses xmol k'iy,	toses x @@mol k'iy
xmol,	x @@mol
xmola' jun ra mutzaj,	x @@mol @@a' jun ra mutz @@aj
xmol pwes xok chij b'aqik jb'aa la'.	x @@mol pwes x @@ok chi @@j b'aq @@ik j @@b'aa la'
I tz'et qe tpuluw tra, tra ch'amach' tijyaw.	i tz'et qe t @@puluw tra tra ch'amach' ti @@j @@ya' @@w
Komoo tra ch'amach' rilik,	komoo tra ch'amach' r @@il @@ik
per maa ch'amach' ta'n.	per maa ch'amach' ta'n
Toos xok chij molik lajb'a.	toos x @@ok chi @@j mol @@ik laj @@b'a
I baa ri' chaq tril tiwooqow, tiwooqow chi riij,	i baa ri' chaq t @@r @@il ti @@wooq @@ow ti @@wooqow chi r @@iij
cha'.	cha'
I derefent xentaj ritin jwi'l.	i derefent x @@en @@ta @@j r @@itin j @@wi'l
Baay xentaj ritin jwi'l,	baay x @@en @@taaj r @@itin j @@wi'l
baay re baa ch'opiin chaq tren,	baay re baa ch'opi @@in chaq t @@r @@en
cha'	cha'
i baa ch'opiin chaq tren cha'.	i baa ch'opi @@iin chaq t @@r @@en cha'
I baa ch'opiin chaq tren li ja'.	i baa ch'opi @@in chaq t @@r @@en li ja'
I kom tzii tril ra ja' ra nuch',	i kom tzii t @@r @@il ra ja' ra nuch'
ra chaal qe.	ra chaal qe
I derepente xtaw chij yolik	i derepente x @@taw chi @@j yol @@ik
i baa jyolik tren.	i baa j @@yol @@ik t @@r @@en
I kwand xaq derepent xen mejor, mejor tinb'ane' na intajkiil,	i kwand xaq derepent x @@en mejor mejor t @@in @@b'an @@e' na in @@tajkiil
cha',	cha'
cha'.	cha'
Juntir chik,	juntiir chik
cha'.	cha'
i xok mejor,	i x @@ok mejor
Xij tzake' ra kinaq' mejor,	x @@ij tzak @@e' ra kinaq' mejor
xtzek.	x @@tzek
I xijsaj re ke juun qe raj b'aq'wich tijtzek.	i x @@íj @@sáj re ke jun qe ra b'aq' @@wich ti @@j @@tzek
I xaq derepente,	i xaq derepente
xaq derepente xtzeksaj.	xaq derepente x @@tzek @@sáj
Derepente juun qe ra jb'aq'wich kinaq' tijtzek xijsaj re.	derepente jun qe ra j @@b'aq' @@wich kinaq' ti @@j @@tzek x @@ij @@sáj re
I derepente xijsaj re ke re xye'saj jtajkiil	i derepente x @@ij @@sáj re ke re x @@ye' @@sáj j @@tajkiil
ke juun qe tijtzek.	ke jun qe ti @@j @@tzek
I kesi ke re tzekikqe chi job' jb'aq'wich xen.	i ke @@si ke re tzek @@ik @@qe chi job' j @@b'aq' @@wich x @@en
I xaq derepente, derepente xmulajch rib' ra, ra, ra tiko'n chuch.	i xaq derepente derepent x @@muláj @@ch r @@ib' ra ra ra tiko'n ch @@uch
Ra, ra, ra kinaq' xk'iiych, xk'iiych chuch.	ra ra ra kinaq' x @@k'iy @@ch x @@k'iy @@ch ch @@uch
Total ke ta' chki' xen ra, ra, ra, ra b'o'j chuch.	total ke ta' chk @@i' x @@en ra ra ra ra b'o'j ch @@uch
Raqin ra b'o'j.	raqin ra b'o'j
I xkan ra kinaq'.	i x @@kan ra kinaq'
I xk'at ra kinaq'.	i x @@k'at ra kinaq'
Despwes de ke xk'at ra kinaq'.	despwes de ke x @@k'at ra kinaq'
Despwes xok chi b'iis	despwes x @@ok chi b'iis
i xok chi ch'opiink.	i x @@ok chi ch'opi @@in @@ik
Ya xk'ati' ra kinaq'	ya x @@k'at @@i'n ra kinaq'
i baa ch'opiin tren	i baa ch'opi @@in t @@r @@en
i baa ch'opiin tren.	i baa ch'opi @@in t @@r @@en
Xaq derepente kwando xqej b'i jchuuch,	xaq derepente kwando x @@qej b'i j @@chuuch
jqaaj rik'il.	j @@qaaj r @@ik'il
Neen xata' aat.	neen xata' aat
Pwes inxk'at inkinaq',	pwes in @@x @@k'at in @@kinaq'
cha'.	cha'
Jurub' jb'aq'wich xatzek pwes.	jurub' j @@b'aq' @@wich x @@a @@tzak pwes
In job' jb'aq'wich.	iin job' j @@b'aq' @@wich
I noo xijsaj chawe ke xaq juun qe,	i noo x @@ij @@sáj ch @@aw @@e ke xaq jun qe
xaq juun qe tatzek.	xaq jun qe ta @@tzek
Per eske iin nab'ena,	per eske iin nab'e @@na
xinb'ane' witiin,	x @@in @@b'an @@e' w @@itiin
tcha' re jqaaj.	t @@cha' re j @@qaaj
Xok chij yolik re jqaaj,	x @@ok chi @@j yol @@ik re j @@qaaj
xok chij yolik re chuuch.	x @@ok chi @@j yol @@ik re chuuch
i neen k'u moo xab'an.	i neen k'u moo x @@a @@b'an
I baa jtayik re.	i baa j @@ta @@yik re
I neen k'u moo xab'aan.	i neen k'u moo x @@a @@b'an
Xaq derepente	xaq derepente
in xinok chij b'anik witin	iin x @@in @@ok chi @@ij b'an @@ik w @@itín
li jun ja'.	li jun ja'
Depas ke ra b'inb'el ja',	depas ke ra (b'inb'el) ja'
wi' raj choq'w.	wi' ra choq'w
Antonses lajori loke neen tab'an chik.	antonses lajori loke neen t @@a @@b'an chik
k'ixijsaj re.	k'i @@x @@ij @@sáj re
At atqaxut,	at at @@qa @@xut
at ati'lw neen taye'chqe punrat.	at at @@i'l @@w neen ta @@ye' @@ch @@qe p @@un @@rato
Neen, neen qa neen ka' rikiil qaw taye'w xu'tzaj.	neen neen qa neen ka' r @@ikiil q @@aw ta @@ye' @@w x @@u'tza @@j
wi' tra jut li ja'.	wi' tra jut li ja'
Despwes tra juut	despwes tra juut
i xok chij molik.	i x @@ok chi @@j mol @@ik
I baa jmolik tren.	i baa j @@mol @@ik t @@r @@en
Xaq derefente xta' juun, jun ra mutzaj re.	xaq derefente x @@ta' jun jun ra mutz @@aj re
Baa xokchik	baa x @@ok @@chik
chij tokik ri', ri' chki' jtokiik lamaas trenw,	chi @@j tok @@ik ri' ri' chk @@i' j @@tok @@iik lamaas t @@r @@en @@w
lamaas tijtzekw.	lamaas ti @@j @@tzek @@w
Lamaas nech ja' laal.	lamaas nee @@ch ja' laal
Xaq derepente xkwin,	xaq derepente x @@kwin
xmejor xpe juj chomb'al laj b'a.	x @@mejor x @@pe ju @@j chomb'al la @@j b'a
Xijmole' tra, tra, tra, tra riij chee'.	x @@i @@j @@mol @@e' tra tra tra tra r @@iij chee'
Tra riij juntir,	tra r @@iij juntiir
baay xok chij tz'aqik jun raj b'o'j re.	baay x @@ok chi @@j tz'aq @@ik jun ra b'o'j r @@e
Xtz'aqmaj xtz'aqmaj.	x @@tz'aq @@maj x @@tz'aq @@maj
I despwes neen la' xnek'b'ej.	i despwes neen la' x @@nek' @@b'e @@j
La' tra saneb' re, ra ja' xnek'b'ej rib'.	la' tra saneb' r @@e ra ja' x @@nek' @@b'e @@j r @@ib'
Baay xnek'b'ej rib'.	baa x @@nek' @@b'ej r @@ib'
I kabal xkwini' chij tz'aqik.	i kabal x @@kwin @@i' chi @@j tz'aq @@ik
Baay xaq derepent xentaj li jwi'l.	baay xaq derepent x @@en @@taj li j @@wi'l
Baay ta' chki' tkojon chuch jqaaj,	baay ta' chk @@i' t @@koj @@on ch @@uch j @@qaaj
chuch jtiit'.	ch @@uch j @@tiit'
Chuch jtiit',	ch @@uch j @@tiit'
chuch jmaam,	ch @@uch j @@maam
juntir.	juntir
Xaq derepente mejor loke xen,	xaq derepente mejor loke x @@en
xe', xe' laq tza'l.	xe' xe' laq tza'l
Xe' laq woron	xe' laq woron
i xe' laq tza'l,	i xe' laq tza'l
laq woron.	laq woron
I xaq derepente xijsaj re.	i xaq derepente x @@ij @@sáj re
Bwen lajori ta' xatkojon chuch anaan.	bwen lajori ta' x @@at @@koj @@on ch @@uch a @@naan
Ta' xatkojon chuch at taat.	ta' x @@at @@koj @@on ch @@uch at taat
Ta' xatkojon chuch amaam,	ta' x @@at @@koj @@on ch @@uch a @@maam
atiit'.	a @@tiit'
Juntir loke xijsaj chawe,	juntir loke x @@ij @@sáj ch @@aw @@e
baay lajori si at'elich'.	baay lajori si at' @@el @@ich'
I derepent aatb'i' li, lii.	i derepent aat @@b'i' li lii
I lajori aat atb'ek ya ri' chaq rik'aj ra, ra anm jb'ij Lupita.	i lajori aat at @@b'e @@ik ya ri' chaq r @@ik'a @@j ra ra anim j @@b'ij Lupita
Kabaal xelch tra rsmaal,	kabal x @@el @@ch tra r @@ismaal
xelch jee',	x @@el @@ch j @@ee'
xelch li.	x @@el @@ch li
Xelch rsmaal ra anm li.	x @@el @@ch r @@smaal ra anim li
Ri' chaq trik'aj re,	ri' chaq t @@r @@ik'aa @@j re
xelch rsmaal,	x @@el @@ch r @@smaal
xelch rsmaal.	x @@el @@ch r @@smaal
Aruk' ree' xen bolber	aruk' ree' x @@en bolber
ya, ya mi, mi, mi Lupaa ta' chki' jb'iij.	ya ya mi mi mi Lupaa ta' chk @@i' j @@b'iij
Si noke ra b'uuq chaq jb'iij,	si no@ke ra b'uuq chaq j @@b'iij
b'uuq chaq loke tqab'ij ooj re, ra siguamonta.	b'uuq chaq loke t @@qa @@b'ij ooj r @@e ra siguamonta
Lajori toos ri' li tb'en,	lajori toos ri' li t @@b'en
tiwa'kot,	ti @@wa'kot
cha'.	cha'
I baa xojooj chaq tren,	i baa xojooj chaq t @@r @@en
ta' chki' tijta' lamaas tib'e'w.	ta' chk @@i' ti @@j @@ta' lamaas ti @@b'ee @@w
Ta' chki' tijta' lamaas tib'e'w.	ta' chk @@i' ti @@j @@ta' lamaas ti @@b'ee @@w
I xaq derepente,	i xaq derepente
baay derepente xijsaj re.	baay derepente x @@ij @@sáj re
Saber neen xinre,	saber neen x @@in @@re
xaq derepente xijsaj re.	xaq derepente x @@ij @@sáj re
xatwa'x qik'il.	x @@at @@wa'x q @@ik'il
Pwes ya lajori aat chaq,	pwes ya lajori aat chaq
aat chaq ra aat chaq ra b'uuq.	aat chaq ra aat chaq ra b'uuq
Muu Lup ta' chki' ab'ij,	muu Lup ta' chk @@i' a @@b'ij
si noke ra b'uuq chaq ab'ij.	si no@ke ra b'uuq chaq a @@b'ij
Tons lajori atb'en	tons lajori at @@b'en
i atwa'kot.	i at @@wa'kot
Baa ntons lajori	baa ntons lajori
i atb'en,	i at @@b'en
atwa'kot chij xo'l tilmit,	at @@wakot chi @@j xo'l tinmit
laq tza'l,	laq tza'l
atb'en,	at @@b'en
atb'e laq b'ee.	at @@b'e laq b'ee
Atb'e li lii i kada wunaq ke taq'atij jb'ee.	at @@b'e li lii i kada wunaq ke t @@a @@q'ati @@j j @@b'ee
U kada anm ke taq'atij jb'ee.	u kada anim ke t @@a @@q'ati @@j j @@b'ee
At kom ati' anm.	at kom at @@i' anim
Toos ati' ri atyaw swerte,	toos at @@i' ri at @@ya' @@w swerte
ati' ri atya'w partun re, re k'ojol taq wunaq.	at @@i' ri at @@ya' @@w partun r @@e r @@e k'ojol taq wunaq
Re q'apooj taq anm.	r @@e q'apooj taq anm
Kwand tb'en	kwand t @@b'en
tb'ochijtaq wi', wi', wi', wi', wi' kwalkyer wunaq.	t @@b'ochi @@j @@taq wi' wi' wi' wi' wi' kwalkyer wunaq
Toos rechaq,	toos rechaq
toos aat.	toos aat
I si wi' jun wunaq aat b'ochin.	i si wi' jun wunaq aat b'och @@in
Toos aat atb'ochin.	toos aat at @@b'och @@in
I aat ch'opiin.	i aat ch'opi @@n
I tch'opiin re,	i t @@ch'opi @@in re
tich'opiin man wunaq ke atb'ochin.	ti @@ch'opi @@n man wunaq ke at @@b'och @@in
I tch'opiin man ra ka'n juntir, juntir.	i t @@ch'opi @@n man ra ka'n juntiir juntiir
Xaq derepent ra ka'n,	xaq derepent ra ka'n
ri titaw pcha' jun ajtzoo'.	ri ti @@taw (pcha') jun ajtzoo'
Titaw pcha' jun ajtzoo',	ti @@taw (pcha') jun ajtzoo'
b'an antonses ya si xtaw pcha' jun ajtzoo'.	b'an antonses ya si x @@taw (pcha') jun ajtzoo'
Baay tich'opiin,	baay ti @@ch'opi @@n
tich'opiin ra ka'n.	ti @@ch'opi @@n ra ka'n
I tich'opiin, tich'opiin man wunaq.	i ti @@ch'opi @@n ti @@ch'opi @@n man wunaq
Baay ya desipwes tititaw li.	baay ya desipwees ti @@ti @@ @@taw li
Despwes tresajch jun ra,	despwes t @@r @@esa @@j @@ch jun ra
jun ra chibola ra jee'.	jun ra chibola ra jee'
Jun ra,	jun ra
jun ra bolita tresajch laj jee'.	jun ra bolita t @@r @@esa @@j @@ch laj jee
I tikaj t'oje'.	i ti @@ka @@j t'oj @@e'
I titaw jun li baay.	i ti @@taw jun li baay
Tonses kabal titaw	tonses kabal ti @@taw
i el ke neen xb'itiw b'i ra li.	i el ke neen x @@b'iti @@w b'i ra li
Wi' jswerte re anm.	wi' j @@swerte r @@e anim
Wi' swerte re kwalkyer kosa loke neen tren.	wi' swerte r @@e kwalkyer kosa loke neen t @@r @@en
Ri' li,	ri' li
per ri' li ra b'uuq ra anm jb'iij Lupaa.	per ri' li ra b'uuq ra anim j @@b'iij Lupaa
lajori.	lajori
Xen jun wunaq ójor,	x @@en jun wunaq ójor
kabaal xb'ee pongamos.	kabaal x @@b'ee pongamos
Tb'e lsii',	t @@b'e l @@sii'
xe' lsii',	xe l @@sii'
cha'.	cha'
Kabaal, kabaal, kabaal wi' jun.	kabaal kabaal kabaal wi' jun
Kaabal xq'ax re jun ab'aj,	kaabal x @@q'ax r @@e jun ab'aj
cha', jun nim ab'aj.	cha' jun nim ab'aj
Kaas ri' chaq xnatun wi' man kumetz,	kaas ri' chaq x @@natun wi' man kumetz
cha',	cha'
xe' man kumetz,	xe' man kumetz
xij re,	x @@ij re
cha'.	cha'
Wunaq,	wunaq
cha' re cha',	cha' re cha'
b'an jun fabor chwe,	b'an jun fabor ch @@we
cha' re.	cha' re
Neen k'u li.	neen k'u li
Inawesaj chalaj man ab'aj,	in @@aw @@esa @@j ch @@alaj man ab'aj
cha' re.	cha' re
In ta' chki' tinq'i' wi' man ab'aj chwij.	iin ta' chk @@i' t @@in @@q'i' wi' man ab'aj ch @@wij
Ya inkam,	ya in @@kam
cha' re. Antons tawen, cha' man wunaq.	cha' re antons tawen cha' man wunaq
Xpet xtokech' jun nimlaj chee',	x @@pet x @@tok @@e @@ch' jun nim @@laj chee'
cha'.	cha'
Xb'it man ab'aj,	x @@b'it man ab'aj
xq'ax xkwin man kumetz xq'axch raalaj.	x @@q'ax x @@kwin man kumetz x @@q'ax @@ch r @@aalaj
Kondee xij re,	kondee x @@ij re
cha',	cha'
kabal lajori tinb'ij taq jun tzij,	kabal lajori t @@in @@b'ij taq jun tzij
cha' li.	cha' li
Jun fabor se paga por maal,	jun favor se paga por maal
tcha' re cha'.	t @@cha' re cha'
Lajori atintija'n,	lajori at @@in @@tij @@a'n
cha' re cha'.	cha' re cha'
Nej chak inatij	neen j @@chak in @@a @@tij
si iin xinb'an jun fabor chawe,	si iin x @@in @@b'an jun fabor ch @@aw @@e
xatwesaj chub' man ab'aj.	x @@at @@w @@esa @@j chub' man ab'aj
Per lori ti'niik chwaj atintija'n,	per lori ti'niik ch @@waj at @@in @@tij @@i'n
cha' re cha'.	cha' re cha'
xtzaq jch'ol.	x @@tzaq j @@ch'ool
Pwes chaq b'irb'iit ji'non tren ri.	pwes chaq b'irb'iit @@taq ji'non t @@r @@en ri
Despwes xpe re xijb'ij re man.	despwes x @@pe re x @@í @@j @@b'ij re man
Lajori tinya' jun oportunida chawe.	lijori t @@in @@ya' jun oportunida ch @@aw @@e
Jo' rk'i man kwa'y,	jo' r @@k'i man kwa'y
tinb'ij nemoo,	t @@in @@b'ij ne @@moo
tcha' re cha'.	t @@cha' re cha'
Tijye' permiso per lajori atintija'n,	ti @@j @@ye' permiso per lajori at @@in @@tij @@a'n
cha' re cha'.	cha' re cha'
Baay,	baay
cha' re,	cha' re
entons xe' taq rk'i man kwa'y,	entons xe' taq r @@ki' man kwa'y
cha'.	cha'
Xpe man wunaq,	x @@pe man wunaq
xij man kumetz xij re man kwa'y,	x @@ij man kumetz x @@ij re man kwa'y
cha'.	cha'
Kwa'y,	kwa'y
cha'.	cha'
Ooy lajori neen tab'ij re man wunaq,	ooy lajori neen t @@a @@b'ij re man wunaq
si tintij,	si t @@in @@tij
cha' re,	cha' re
xkabaal xij resaj chralaj man ab'aj.	(x) @@kabaal x @@ij r @@esa @@j ch @@r @@alaj man ab'aj
I lajori tintija'n,	i lajori t @@in @@tij @@a'n
cha' re.	cha' re
Antons xpe man wunaq,	antons x @@pe man wunaq
pwes xpe man kwa'y xij re,	pwes x @@pe man kwa'y x @@ij re
cha'.	cha'
Lajori,	lajori
cha' re cha',	cha' re cha'
man wunaq ri kwand inijk'am b'i li chaak.	man wunaq ri kwand in @@ij @@k'am b'i li chaak
Tijinter q'iij tchakun chwij,	tij @@inter q'iij t @@chak @@un ch @@wij
despwes,	despwes
kond inyuq niri inijkejaj.	kond in @@yuq niri in @@ij @@keja @@j
Li naa wuron lamaas inkanjye'.	li naa wuron lamaas in @@kan @@j @@ye'
Weyin pook ink'oq re wijaal,	we @@yin pook in @@k'oq re wijaal
tcha' re cha'.	t @@cha' re cha'
A entonse lajori,	a entonse lajori
antons tij mejor	antons tij mejor
man wunaq li ta' inrilb'ej naad.	man wunaq li ta' in @@r @@ilb'e @@j nada
Man wunaq li ta' tzii tino'jin,	man wunaq li ta' tzii ti @@no'j @@in
cha' re cha'.	cha' re cha'
Abay,	a @@bay
tcha' re.	t @@cha' re
Entoons lajori ya wi' chaq premis atintij.	entoons lajori ya wi' chaq premis at @@in @@tij
Tijman,	tij @@man
tijman wunaq,	tij @@man wunaq
cha' man kwa'y re man kumetz cha'.	cha' man kwa'y re man kumatz cha'
Taweno.	ta @@weno
Baay lajori chik jo' rk'i man wákix,	baay lajori chik jo' r @@k'i man wákix
cha' re cha'.	cha' re cha'
Xe' taq rk'i man wakix,	xe' taq r @@k'i man wakix
cha'.	cha'
Wakix,	wakix
cha' re.	cha' re
Ooy,	ooy
cha' re.	cha' re
tintija' man wunaq ri.	ti @@in @@tij @@a' man wunaq ri
Esk xij resaj chralaj jun ab'aj,	esk x @@i @@ @@j r @@esa @@j ch jun ab'aj
cha' re cha'.	cha' re cha'
Tambyeen ke re, re mas, mas inijkoj li chaak.	tambyeen ke re re mas mas in @@ij @@koj li chaak
I despwes ta' tijtok woroon chwe.	i despwes ta' ti @@j @@tok woroon ch @@we
tcha' re cha'.	t @@cha' re cha'
Mas man wunaq li ta' tzii naad tno'jin,	mas man wunaq li ta' tzii naad t @@no'j @@in
cha'.	cha'
Sol tren k'ex chwee,	sol t @@r @@en k'ex ch @@we
tcha' re.	t @@cha' re
Per naad tijtok insakat,	per naad ti @@j @@tok in @@saakat
tcha' re.	t @@cha' re
Tawen,	tawen
tcha'.	t @@cha'
Baay lajori tij,	baay lajori tij
cha' re.	cha' re
Baay ya xi' kib' pwes.	baay ya xi' kiib' pwes
Lajori saber.	lajori saber
Lajori jo' chik rk'i man imul,	lajori jo' chik r @@k'i man imul
cha' taq,	cha' taq
saber neen tijb'ij man imul,	saber neen ti @@j @@b'ij man imul
cha' taq.	cha' taq
Baay,	baay
cha'.	cha'
kabaal xijte' taq man imul,	kabaal x @@i @@j @@te' taq man imul
cha'.	cha'
Kabaal imul,	kabaal imul
tcha' re cha'.	t @@cha' re cha'
Ooyj tintija' man,	ooy(j) t @@in @@tij @@a' man
neen tab'ij aat si tintij man wunaq ri,	neen t @@a @@b'iij aat si t @@in @@tij man wunaq ri
tcha' re.	t @@cha' re
Lamaas,	lamaas
nemoo,	ne @@mood
neen jcholájil re tatij,	neen j @@chola @@il re ti @@a @@tij
cha' re.	cha' re
Loke pask xij resaj chijralaj jun ab'aj.	loke pas @@k x @@i @@j r @@esa @@j ch @@??? jun ab'aj
tcha' re cha'.	t @@cha' re cha'
tcha' re.	t @@cha' re
Jo' pwes.	jo' pwes
Joti man imul	joti man imul
ta' xya' pongam	ta' x @@ya' pogam
ta' xya' permis re tijtij,	ta' x @@ya' permis re ti @@j @@tij
cha' re.	cha' re
Xrile'na primer.	x @@r @@il @@e' @@na' primer
Jo' tqile'.	jo' t @@q @@il @@e'
Baay xe' taq chirilik,	baay xe' taq chi @@r @@il @@ik
xtaw taq lamaas wi' man ab'aj,	x @@taw taq lamaas wi' man ab'aj
cha'.	cha'
Kwand xij re cha'.	kwand x @@ij re cha'
cha'.	cha'
Okenika' chiralaj man ab'aj.	ok @@en @@ik @@a' chi @@r @@alaj man ab'aj
I twil nemoo ab'anik chiralaj man ab'aj,	i t @@wil ne @@moo a @@b'an @@ik chi @@r @@alaj man ab'aj
cha' re cha'.	cha' re cha'
Xtawen,	xtawen
cha',	cha'
I twil nemoo ab'anik chiralaj man ab'aj,	i t @@wil ne @@moo a @@b'an @@ik chi @@r @@alaj man ab'aj
cha' re.	cha' re
Xtawen,	xtawen
cha' k'itz kumetz.	cha' k'itz kumetz
Xe' chiralaj man ab'aj,	xe' chi @@r @@alaj man ab'aj
xpe man,	x @@pe man
xme' taq man palank.	x @@me' taq man palank
Xb'itaq,	x @@b'it @@aq
kwand xpe man kumetz,	kwand x @@pe man kumetz
xq'ajch chiralaj man ab'aj.	x @@q'aj @@ch chi @@r @@alaj man ab'aj
Kwand xpe man imul xqasaj man,	kwand x @@pe man imul x @@qa @@ @@sáj man
xqasaj man ab'aj.	x @@qa @@ @@sáj man ab'aj
I xkan chiralaj man ab'aj,	i x @@kan chi @@r @@alaj man ab'aj
cha'.	cha'
Xpe man,	x @@pe man
lajori inawesaj,	lajori in @@aw @@esa @@j
tcha' chik man kumetz re man imul.	t @@cha' chik man kumetz re man imul
Lajori ta' chki' atwesaj,	lajori ta' chk @@i' at @@w @@esa @@j
kom neen jchaak aat,	kom neen j @@chaak aat
ta',	ta'
ta' tzii atno'jin re man wunaq ri.	ta' tzii at @@no'j @@in re man wunaq ri
Neen jchak xen jun faabor chawe.	neen j @@chak x @@en jun faabor ch @@aw @@e
I aat,	i aat
ta' ta'n gradeser man fabor,	ta' t @@a'n gradeser man fabor
tcha' re cha'.	t @@cha' re cha'
Lajori,	lajori
tcha' re cha'.	t @@cha' re cha'
Lajori,	lajori
tcha' man imul re cha'.	t @@cha' man imul re cha'
Lajori xaatina' salbar,	lajori x @@aat @@na' salbar
tcha' man imul re man wunaq cha'.	t @@cha' man imul re man wunaq cha'
Si noo atijsaji'n,	si noo a @@tij @@sáj @@i'n
ltokon kesey inate' laj akinaq'.	l @@tok @@on kesey in @@a @@te' laq a @@kinaq'
Kita' inat'oj,	kita' in @@a @@t'oj
tcha' re cha'.	t @@cha' re cha'
Por iin xatina' salbar,	por iin x @@at @@in @@a' salbar
tcha' re cha'.	t @@cha' re cha'
Si noo ya stuw atijsaji'n,	si noo ya stuw a @@tij @@sáj @@i'n
cha' re cha'.	cha' re cha'
Xpe man wunaq.	x @@pe man wunaq
Baay k'omo chawe xina, xina aan salbar,	baay k'omo ch @@aw @@e x @@in @@a x @@in @@a aan salbar
cha' re cha'.	cha' re cha'
Ji'n kila' qe nomas.	jii'n kila' qe no @@mas
in pwes in tinyol pwes loke nmoo oj anm ojchapon la jaa.	iin pwes iin ti @@in @@yol pwes loke n @@moo oj ánm oj @@chap @@on la jaa
I kwando oj b'itk ri' tqamaaj jb'anik qames	i kwando oj b'it @@k ri' t @@qa @@maaj j @@b'an @@ik qa @@mes
i tqach'aj qlen qe	i t @@qa @@ch'a'j qlen qe
tqach'aj qatzi	t @@qa @@ch'aj qa @@tzi
i ri' tqachaaq chuch kaa'.	i ri' t @@qa @@ch'aaq ch @@uch kaa
xaq jun kitz re qadesayun	xaq jun kitz re qa @@desayun
i tchaqmaajk,	i ti @@chamaa @@j @@k
q'asaj jun ka' chirij chik	q'a @@sáj jun ka' chi @@r @@ij chik
i despwes tb'entaaj li,	i despwes ti @@b'en @@taaj li
qamol chik qaq'or chik	qa @@mol chik qa @@q'or chik
qakok'orsaj jwich	qa @@kok' @@or @@sáj j @@wiich
i ri' tqakoj qaxoot	i ri' t @@q @@koj qa @@xoot
tqamaaj jlejik qawa.	t @@qa @@maaj j @@lej @@ik qa @@wa
Ya tlejmaj qawa li,	ya ti @@lej @@maj qa @@wa li
bay despwes tb'it wunaq li	bay despwes t @@b'it wunaq li
tijtij desayun	ti @@j @@tij desayun
tijmaj jwa li tib'e li chaak	ti @@j @@maaj j @@wa li ti @@b'e li chaak
i despwes oj kan chik oj chik	i despwes oj kan chik oj chik
tqatzuq qk'lal,	ti @@qa @@tzuq q @@k'lal
wi' qk'lal tqaye' chik desayun rechaq	wi' q @@k'laal t @@qa @@ye' chik desayun rechaq
twintqa'n,	t @@win @@tq @@a'n
bay tijmaj li qawa chik re qadesayun li	bay ti @@j @@maaj li qa @@wa chik re qa @@desayuun li
despwes qamaj chik jb'anik qames chik juntir chik,	despwes qa @@maj chik j @@b'an @@ik qa @@mes chik juntir chik
qalik' qach'aat,	qa @@lik' qa @@ch'aat
qach'aj qlen qe,	qa @@ch'aj qlen qe
tk'is li qupiis li	t @@k'is li q @@upiis li
qajal rij qk'lal chik.	qa @@jal r @@ij q @@k'laal chik
Qane' kib' qach'ojnik,	Qa @@ne' kib' qa @@ch'ojnik
b'antaj qach'ojnik	b'an @@taj qa @@ch'ojnik
i dispwes wi' qapoop tqab'an,	i dispwes wi' qa @@poop t @@qa @@b'an
tons tqamech' qapalm ojok chijq'ichik qapalm	tons t @@qa @@me @@ch' qa @@palm oj @@ok chi @@j @@qich' @@ik qa @@palm
ya tiq'ichmaj ra manoj qe	ya ti @@q'ich @@maaj ra manoj qe
ojok chijxekik qapoop.	oj @@ok chi @@j @@xek'ik qa @@poop
Tixekmaj, tixekmaj	ti @@xekma @@j ti @@xekma @@j
tqab'an de seys kwart	t @@qa @@b'an de seys kwart
tqak'am chik qapalm chik,	t @@qa @@k'am chik qa @@palm chik
ojok chikchij q'ichik jun manoj qechik	oj @@ok chik @@chi @@j q'ich @@ik jun manoj qe @@chik
i tqatiq chik qapoop chik	i t @@qa @@tiq chik qa @@poop chik
tqatiq rapalm xk'is jtzam tqatiqch,	ti @@qa @@tiq ra @@qa @@palm x @@k'is j @@tzam t @@qa @@tiq @@ch
qatiq, qatiq. Despwes	qa @@tiq qa @@tiq despwes
qamaj chik jpach'uj chik.	qa @@maj chik j @@pach'u @@j chik
Dyayi qamaj jpach'uj,	dy @@ai qa @@maj j @@pach'u @@j
ya tk'is chiki' jtzam li,	ya t @@k'is chik @@i' j @@tzam li
k'is chik jtzam	k'is chik j @@tzam
myentras ke taw chik oraa a las onse,	myentras ke taw chik oraa a las onse
ojb'itchikich' juntir chik,	oj @@b'it @@chi @@k @@i' @@ch' juntir chik
ojb'e chik tqane' chik preparar qaw re kab'lujuj chik	oj @@b'e chik t @@qa @@ne' chik preparar qa @@w re kab' @@luj @@uj chik
i ojok chik chijch'ajik jun kitz qatzi chik,	i oj @@ok chik chi @@j @@ch'aj @@ik jun kitz qa @@tzi chik
ojok chijchaqik chuch kaa'	oj @@ok chi @@j @@chaq @@ik ch @@uch kaa'
i non li mism kib' ka' tye'saj re	i jlon li miim kib' ka' t @@ye' @@sáj re
uxub' rk'i tkok'saj jun,	uxub' r @@k'i t @@kok' @@sáj jun
qalej chik ojok chi qalejik chik	qa @@lej chik oj @@ok chi qa @@lej @@ik chik
myentras tiyuq wunaq	myentras ti @@yu' wunaq
re, re jwa chik jinon li.	re re j @@wa chik jinon li
B'antaj chik almwers chik	b'an @@taj chik almwers chik
tib'i' chiki' li chaak,	ti @@b'i' chik @@i' li chaak
ri' mis li qupiis chik	ri' mis li q @@upiis chik
qach'aj qelen qe chik	qa @@ch'aj qelen qe chik
tqaan chik na qames	t @@qa @@an chik na qa @@mes
bay despwes tb'entaj qupiis re la jaa li,	bay despwes ti @@b'en @@taj q @@upiis re la jaa li
oj ok chijb'anik jun kitz qapoop chik juntir chik,	oj ok chi @@j @@b'an @@ik jun kitz qa @@poop chik juntir chik
myentras tb'e q'iij.	myentras t @@b'e q'iij
I ri' b'eq'iij chik mis li titaw a las kwatro	i ri' b'e @@q'iij chik mis li ti @@taw a las kwatro
oj b'it chik juntir chik,	oj b'it chik juntir chik
re ojok chik chij chaqik chik qatzi chik juntir chik,	re oj @@ok chik chi @@j chaq @@ik chik qa @@tzi chik juntiir chik
tqab'an chik qaw re qasena,	t @@qa @@b'an chik q @@aw re qa @@sena
despwes qixijchiki' qatzi,	despwes q @@ixij @@chik @@i' qa @@tzi
qakoj qatzi b'a q'aaq'.	qa @@koj qa @@tzi b'a q'aaq'
Tkojmaj qatzi b'a q'aaq'	ti @@koj @@maaj qa @@tzi b'a q'aaq'
tqakojch qakafe,	t @@qa @@koj @@ch qa @@kafee
tkojmajch qakafe	t @@koj @@maj @@ch qa @@kafee
tichaq'ch qakafe tqesajb'ik.	ti @@chaq' @@ch qa @@kafee t @@q @@e @@sáj @@b'i @@k
I non li tqakoj chik qaxoot chik,	i non li t @@qa @@koj chik qa @@xoot chik
ojok chik chij lejik waa chik juntir chik,	oj @@ok chik chi @@j lej @@ik waa chik juntir chik
myentras t'ok aq'ab' chik.	myentras t' @@ok aq'ab' chik
Ya t'ok aq'ab' chik,	ya t' @@ok aq'ab' chik
pwes tkanqach'aje' qlen qe chik	pwes t @@kan @@qa @@ch'aj @@e' qlen qe chik
i despwes oj uxlan.	i despwes oj uxlan
Ri' jun anm pwes ta' nad jcholajl loke tren jun la jaa	ri' jun anim pwes ta' nad j @@cholaj @@l loke tren jun la jaa
per k'iy juwich rupiis jun tren,	per k'iy j @@wich r @@upiis jun tren
k'iy jwich rupiis jun tren,	k'iy j @@wiich r @@upiis jun t @@r @@en
k'iy juwich rupiis jun tren.	k'iy j @@uwich r @@upiis jun t @@r @@en
Pyor wi' k'iy ék'el k'exi'n rilb'ejkaq,	pyor wi' k'iy ék'el k'ex @@i'n r @@ilb'e @@j @@k @@aq
k'ex rilb'ejkaq	k'ex r @@ilb'e @@j @@k @@aq
i non li, ri' li tqab'en q'iij	i non li ri' li t @@qa @@b'en q'iij
i qapoop rakitz qe oj kwin chijb'anik	i qa @@poop ra @@kitz qe oj kwin chi @@j @@b'an @@ik
ta' mas nim,	ta' mas nim
ta' mas nim tqa'an.	ta' mas nim t @@qa @@'an
Per kom ri' qupiis ta' tijye' lwarchqe, kom wi' qupiis	per kom ri' q @@upiis ta' ti @@j @@ye' luwar @@ch @@qe koom wi' q @@upiis
i ya sobr tarey tqab'an jun kitz qeli chik,	i ya sobr tarey t @@qa @@b'an jun kitz qe @@li chik
sobre tarey tqa'an chik jun kitz qapoop	sobre tarey t @@qa @@'an chik jun kitz qa @@poop
i non qe li oj b'esan q'iij	i non qe li oj b'e @@san q'iij
i ri' qeli.	i ri' qe @@li
Ta', ta' qe mas jbalor qupiis tqaan,	ta' ta' qe mas j @@balor q @@upiis t @@qa @@an
kita' mas,	kita' mas
si pongamos ri, oj b'ee Chikaman	si pongamos ri oj b'ee Chikaman
o Pinal	o Pinal
o neen moo, pwes ójor taq tzij pwes	o neen mod pwes ójor taq tziij pwes
kwand xink'iych iin.	kwand x @@in @@k'iy @@ch iin
Oj pwes oj nuch' na xojkan kwand xkam q'etzen inqaaj,	oj pwes oj nuch' na x @@oj @@kan kwand x @@kam q'etzen in @@qaaj
inqaaj xkam li,	in @@qaaj x @@kam li
tons q'etzen in chuuch li xkan li qik'il oj k'iy oj sol oj nuch' na xojkaan.	tons q'etzen in chuuch li x @@kan li q @@ik'il oj k'iy oj sol oj nuch' na x @@oj @@kan
I (echin) chuuch pwes ta' tikuwin tijloq' qixim	i (echin) chuuch pwes ta' ti @@kwin ti @@j @@loq' q @@ixim
pogams re qawa nojeel q'iij,	pogams re qa @@wa nojeel q'iij
tonses wiyn pwes in ajnuch' na	tonses wiyn pwes in aj @@nuch' na
wi' ocho años kwando q'etzen in qaaj li xkam.	wi' ocho año kwando q'etzen iin qaaj li x @@kam
pwes ajki' inkwin re lej	pwes ajki' in @@kwin re lej
iin nuch' na,	iin nuch' na
tonse wi' jun anm xij chwe,	tonse wi' jun anim x @@ij ch @@we
no mijaa atwa'x uk'il niri	no mi @@ijaa at @@wa'x uk'il niri
i in niri ta' pen xaq tab'an qe mes,	i in niri ta' pen xaq t @@a @@b'an qe mes
talik' qe in ch'aat,	t @@a @@lik' qe in ch'aat
tach'aj qe kib' atz'iq re ék'el	t @@a @@ch'aj qe kib' atz'iq re ék'el
i non qe li atintoja'n.	i non qe li a @@t @@in @@toj @@a'n
I kom ójor pwes barat tojsaj jun	i kom ójor pwes barat toj @@sáj jun
nimlaaj pwaq li chi qawch kwatro sinkwenta tojsaj ik'.	nim @@laaj pwaq li chi qa @@wch kwatro sinkwenta toj @@sáj ik'
Tons tziyin xinb'ij re q'etz in chuuch li,	tons tzi @@yin x @@in @@b'ij re q'etz in chuuch li
mamaa in xsujsaj inchak,	mamaa in x @@suj @@sáj in @@chak
tonse inchakun rk'il anm li,	tonse in @@chak @@un r @@k'il anim li
Tziin mij si atkwinin jaat	tziin mij si at @@kwin @@in jaat
porke in ta' in kwin neen moo tinb'an chawilb'ejkaq,	porke in ta' iin kwin neen moo t @@in @@b'an ch @@aw @@ilb'e @@j @@kaq
cha' chwe.	cha' ch @@we
Tons non qe li xinwa'x rk'il anm li	tons non qe li x @@in @@wa'x r @@k'il anim li
xinwa'x lik'il rk'il,	x @@in @@wa'x (lik'il) r @@k'il
non li in q'asb'anch,	non li in q'as @@b'an @@ch
tq'ax q'iij	t @@q'ax q'iij
pongamos xaq tinb'an qe mes	pongamos xaq t @@in @@b'an qe mes
tinch'aj qe qelen re,	ti @@in @@ch'aj qe qleen re
tinlik' jch'aat,	t @@in @@lik' j @@ch'aat
tinch'aje' qe rtz'iq maq nuch' ék'el.	ti @@in @@ch'aj @@e' qe r @@itz'iq maq nuch' ék'el
I inb'e li motor	i in @@b'e li motor
i tib'in loq'e' jkíxlinwaq re b'esel q'iij,	i ti @@b' @@in loq' @@e' j @@kixlinwa @@q re b'es @@el q'iij
tinkoj jkafe aq	t @@in @@koj j @@kafe taq
i inb'e li k'ayin kíxlinwa,	i in @@b'e li k'ay @@i'n kixlinwa
jnon li inijtaq b'ik,	jnon li in @@j @@taq b'ik
tren kíxlinwa re,	t @@r @@en kixlinwa re
atb'e chij k'ayajk.	at @@b'e chi @@j k'aya @@j @@k
Tren chuchitos	t @@r @@en chuchitos
o tamales atb'e chij k'ayaj,	o tamales at @@b'e chi @@j k'aya @@j
bweno non qe li in b'ee in tib'in suje' chaq' jaa	bweno non qe li in b'ee in ti @@b' @@in suj @@e' chaq' jaa
i inyuq chik jnon qe li inchk q'iij, q'iij tinb'an	i in @@yuq chik jnon qe li in @@chk q'iij q'iij t @@in @@b'an
i non qe li xink'iy.	i non qe li x @@in @@k'iy
Ya despwes kwand xineel rk'il,	ya despwes kwand x @@iin @@eel r @@k'il
wi' chiki' jun anm chik suj inchk chik,	wi' chik @@i' jun anim chik suj in @@chk chik
xinb'e jun lad chik jnon qe li xojk'iy.	x @@in @@b'e jun lad chik jnon qe li x @@oj @@k'iy
Myentras ke xtaw jun qadose, trese añ li	myentras ke x @@taw jun qa @@dose trese año li
wi' chiki' kib' in xob'al chik xk'iytqa' rechaq	wi' chik @@i' kib' in xob'al chik x @@k'iy @@tq @@a' rechaq
i ri' chiki' rechaq tzuquw qe chik,	i ri' chik @@i' rechaq tzuqu @@w qe chik
kwand ya rechaq ya tkuwin taq re tchakun taq chik	kwand ya rechaq ya t @@kwin taq re t @@chak @@un taq chik
i non qe li.	i non qe li
Wi' laq k'áyb'al	wi' laq k'ay @@b'al
pwes win kwand xineel non qe li tinb'an rk'il in chuuch li.	pwes w @@in kwand x @@in @@eel non qe li t @@in @@b'an r @@k'il in chuuch li
Ta' chiki' chuwaj in chakun chaq' jaa	ta' chik @@i' ch @@waaj in chak @@un chaq' jaa
mas k'ex ke b'ajo mand wi' jun,	mas k'ex ke b'ajo mand wi' jun
taqsaj jun	taq @@sáj jun
i k'ex na jun kitz,	i k'ex na jun kitz
tons tinb'ij re q'etzen in chuuch,	toons t @@in @@b'ij re qetzen iin chuuch
mamaa mejor qatoke' jun qanegosy	mamaa mejor qa @@tok @@e' jun qa @@negosy
tqa'an pake jnon li wi' qapuwaq	t @@qa @@'an pake jilon li wi' qa @@pwaq
titaw jun jwebes wi' qapwaq	ti @@taw jun jwebes wi' qa @@pwaq
tqaloq'e' qlen qe,	t @@qa @@loq' @@e' qlen qe
wi' b'i qa	wi' b'i qa
tomate,	tomate
wi' qaseboya, qiik,	wi' qa @@seboya q @@iik
qatz'am qaloq'e'	q @@atz'am qa @@loq' @@e'
wi' qapwaq in,	wi' qa @@pwaq in
cha' re.	cha' re
Tons tziyin mij	tons tziyin mij
b'an non li si atkwin chij b'anik,	b'an non li si at @@kwin chi @@j b'an @@ik
atint'o'wa'n,	at @@in @@t'o' @@w @@a'n
tcha' chwe,	t @@cha' ch @@we
bwen, non qe li tib'in loq'e' qelen wee lik'áyb'al	bwen non qe li ti @@b' @@in loq' @@e' qelen wee li @@k'ay @@b'il
tinloq'e' in pimiyenta	t @@in @@loq' @@e' in pimiyenta
in klabo	in klabo
juntir loke neen tijmaj jb'anik jun tamal.	juntiir loke neen ti @@j @@maj j @@b'an @@ik jun tamal
I ri' li tinb'an,	i ri' li t @@in @@b'an
tink'ayaaj li diya sabado	t @@in @@k'ay @@aaj li diya sabado
i diya miyerkoles	i diya miyerkoles
i diya jwebes tink'am jun chikech wee in b'e lik'áyb'al tink'ayaaj.	i diya jwebes t @@in @@k'am jun chikech wee in b'e li @@k'ay @@b'al t @@in @@k'aay @@aaj
Bay tk'ami'n li ink'ay li	bay t @@k'am @@i'n li in @@k'ay li
inq'ajch, tinloq'ch qelen we chuch	in @@q'aj @@ch t @@in @@loq' @@ch qelen we ch @@uch
i ri' li wi' chaq qapuwaq re tqakoj re jun seman	i ri' li wi' chaq qa @@puwaq re t @@qa @@koj re jun seman
titaw chik jun diya jwebes chik ri' li	ti @@taw chik jun diya jwebes chik ri' li
tqakoj chik chuch chik,	taq @@koj chik ch @@uch chik
non qe li xink'iyb'ejch li ójor,	non qe li x @@in @@k'iyb'e @@j @@ch li ójor
non qe li.	non qe li
Bwen kom oj ajék'el na	bwen kom oj aj @@ák'el na
wi' moo tqab'an qelen qe,	wi' mod t @@qa @@b'an qelen qe
per komo neen moo ljori wi' qik'lal ta' chiki' oj kuwin.	per komo neen moo l @@jori wi' q @@ik'lal ta' chik @@i' oj kwin
Porke ri' rilb'ej rechaq chik ta' chiki' tkuwin jun,	porke ri' r @@ilb'e @@j rechaq chik ta' chik @@i' t @@kwin jun
ta' chiki' tkuwin jun,	ta' chik @@i' t @@kuwin jun
derepente tkuxtaj chik ni'j awi'l chik	de@repente t @@kuxta @@j chik ni'j a @@wi'l chik
tansikiyer jun kitz yoloj	tansikeyr jun kitz yoloj
re tiniman jun kitz	re ti @@nima @@n jun kitz
tziyi'n pwes,	tziyi'n pwes
tziyin pwes tziyin,	tziyin pwes tziyin
¿nejb'anik rchoch+?	ne @@j @@b'an @@ik r @@ichoch
¿neen jb'anik patron San Isidr+?	neen j @@b'an @@ik patron San Isidr
¿las k'u' xpew li+?	las k'u x @@pe @@w li
¿neen xk'omowch+?	neen x @@k'om @@ow @@ch
si awetam jun kitz istorya re li	si aw @@etam jun kitz istorya re li
tzin pwes,	tzin pwes
kwando xinch'eb'a juwich wichjil li	kwando x @@in @@ch'eb' @@a j @@uwich w @@ichijil li
yaj Jwan.	yaj Jwan
Tonses kwand in win laq ik'il li	tonses kwand in win laq ik'il li
komo non li laq ik' li xink'iy	komo non li laq ik' li x @@in @@k'iy
i xinch'eb'a' jwich re,	i x @@in @@ch'eb' @@a' j @@wiich re
i xiij chwe ke, tz'et re ke raj tik'uli',	i x @@iij ch @@we ke tz'et re ke r @@aj ti @@k'uli'
tons non qe li in xinb'ana' aseptar re.	tons non qe li in x @@in @@b'an @@a' aseptar re
Tons tziyin	tons tzi @@yin
si tz'et anm chawaj,	si tz'et anim ch @@aw @@aj
tons tzin tinimaj chawe	tons tzi @@n ti @@nima @@j ch @@aw @@e
i non qe li xqach'eb' qib' rik'il.	i non qe li x @@qa @@ch'eb' q @@ib' r @@ik'il
I non li in ta' tinch'ab'a' li jwich re ójor,	i non li in ta' t @@in @@ch'ab' @@a' li j @@wiich re ójor
kwando repentqe xqil qib' li rk'il,	kwando repentqe x @@q @@il q @@ib' li r @@k'il
tonses non qe li xqach'ab'ej li qib' li rk'il li juntir.	tonses non qe li x @@qa @@ch'ab'e @@j li q @@ib' li r @@k'il li juntir
I non qe li xinb'an aseptar	i non qe li x @@in @@b'an aseptar
i non qe li xqach'ab'ej qib' rk'il	i non qe li x @@qa @@ch'ab'e @@j q @@ib' r @@k'il
i despwes xtaw re la jaa li rk'il in chuuch li.	i despwes x @@taw re la jaa li r @@k'il iin chuuch li
Xinijte' re la jaa	x @@in @@j @@te' re la jaa
i non qe li xtaw li jq'iij xqak'am qib' rik'il,	i non qe li x @@taw li j @@q'iij x @@qa @@k'am q @@ib' r @@ik'il
jinon li xinyuq rik'il li,	jinon li x @@in @@yu'q r @@ik'il li
ri' xinch'eb'e' rchoch li re re,	ri' x @@in @@cheb' @@e' r @@ichoch li re re
noke wiin ta' tinch'eb' li, li luwar li niri	noke wi @@iin ta' t @@in @@ch'eb' li li luwar li niri
ta' tinch'eb' li richoch re.	ta' t @@in @@cheb' li r @@choch re
Lamas xat k'iych aat.	lamas x @@at' k'iy @@ch aat
Wiin xink'iych Pinal,	w @@in x @@in @@k'iy @@ch Pinal
Pinal xink'iwch iin,	Pinal x @@in @@kiw @@ch iin
kila' li xink'iwch iin Pinal	kla' li x @@in @@k'i @@w @@ch iin Pinal
i rk'i re ta' nad tqach'eb' qib' rk'il.	i r @@k'i re ta' nad t @@qa @@cheb' q @@ib' r @@k'il
Ta' tinch'eb' li jwich li ójor,	ta' t @@in @@cheb' li j @@wiich li ójor
kom xtaw qe qaswerte rk'il	kom x @@taw qe qa @@swerte r @@k'il
pores xqach'eb' qik' rk'il,	por@es x @@qa @@cheb' q @@ib' r @@k'il
tons non qe li xinyuq li rk'il niri.	tons non qe li x @@in @@yuq li r @@k'il niri
Jurub' awelk'waal wi' lajori chuuch.	jurub' aw @@elk'waal wi' lajori chuuch
wi' uxub' wunaq	wi' uxib' wunaq
i kib' anm.	i kib' anim
Tijna' tayol chi qe neen jb'ijaq	ti @@j @@na' t @@a @@yol chi qe neen j @@b'iij @@aq
i jurub' junb'aq.	i jurub' junb' @@aq
jb'ij ya tijk'is dose años ya re disyembre	j @@b'iij ya ti @@j @@k'is dose año ya re disyembre
tijmaj trese años	ti @@j @@maj trese año
i jun chik re jkab' ék'el	i jun chik re j @@kab' ék'el
jb'ij Lester re wi' nwebe añ re,	j @@b'ij Lester re wi' nwebe añ re
nwebw añ re	nwebw añ re
i jun chik jb'ij	i jun chik j @@b'iij
ri Rony re b'esel puu seys años	ri Rony re b'e @@sel puu seys año
i jun chik re, ra anm	i jun chik re ra anim
ri jb'ij ri jk'ixel q'etzen welb',	ri j @@b'ij ri j @@k'ixel q'etzen welb'
tambyen Jwanita jb'ij	tambyen Jwanita j @@b'iij
i re b'esel puu sinko año	i re b'es @@el puu sinko año
ya tijk'is sinko	ya ti @@j @@k'is sinko
tijmaj seys añ.	ti @@j @@maj seys añ
Ra ne' chik ri,	ra ne' chik ri
ri' jb'ij chik re Yesika	ri' j @@b'iij chik re Yesika
re ya wi',	re ya wi'
ya tren kumplir tres añ tambyen.	ya t @@r @@en kumplir tres año tambyen
Juntir tich'aw taq laj qayolj.	juntiir ti @@ch'aw taq laj qa @@yol @@j
Juntir, juntir tich'aw taq non li laj qayolj	juntir juntir ti @@ch'aw taq non li laj qa @@yol @@j
kom ri', desde ke xwa'x nab'e wk'laal li	koom ri' desde ke x @@wa'x nab'e w @@k'laal li
jinon li xinch'ab'ej neen mod tyolow jqaaj,	jinon li x @@in @@ch'abé @@j neen mod t @@yolow j @@qaaj
jnon xinch'ab'ej re tambyen	jnon x @@in @@ch'abe @@j re tambyeen
i juntir tyolow taq non li.	i juntir t @@yol @@ow taq non li
Pero segun xch'aw yaj Jwan chi qe	pero segun x @@ch'aw yaj Jwan chi qe
ke aat ta' atkwin aat ch'aw li laj qayolj	ke aat ta' at @@kwin aat ch'aw li laj qa @@yol @@j
kwand xatq'ax niri.	kwand x @@at @@q'ax niri
No kwand xinyuq rk'il ta' inkwin,	no kwand x @@in @@yuq r @@k'il ta' in @@kwin
ta' inkwin neen moo,	ta' in @@kwin neen mood
neen moo tyolow rechaq re'.	neen moo t @@yol @@ow rechaq re'
Neen xatij xa,	neen x @@a @@tij x @@a
xa xat ch'a'w laj qayolj.	x @@a x @@at ch'aw laj qa @@yol @@j
asta xwa'x ra primer wk'lal	asta x @@wa'x ra primer w @@k'lal
tons xintijoj wib' xinch'aaw rk'il	tons x @@in @@tijo @@j w @@ib' x @@in @@ch'aaw r @@k'il
non qe li xintijoj wib' xinyolow.	non qe li x @@in @@tijo @@j w @@ib' x @@in @@yol @@ow
Non li in yolow rk'il	non li in yol @@ow r @@k'il
kita' tinch'ab'ej laj inyolj iin,	kita' t @@in @@ch'abe @@j laj in @@yol @@j iin
si noke laj yolj jqaaj tinch'ab'ej	si noke laj yol @@j j @@qaaj t @@in @@ch'ab'e @@j
i non qe li xk'am rib' chwe,	i non qe li x @@k'am r @@ib' ch @@we
non qe li lajori non li iin yolow rk'ilaq.	non qe li lajori non li iin yolow r @@k'il @@aq
Tinch'ab'ej non li	t @@in @@ch'ab'e @@j non li
tinch'ab'ej,	t @@in @@ch'ab'e @@j
ta' tinch'ab'ej li k'ich	ta' t @@in @@ch'ab'e @@j li k'ich
komo non tyolow jqaaj,	komo non t @@yol @@ow j @@qaaj
tons non li tyolow rechaq tambyen	tons non li t @@yol @@ow rechaq tambyen
ji'n non li tyolow rechaq tambyen.	ji'n non li t @@yol @@ow rechaq tambyen
Jurub' chaq junab' k'amem ayb'aq.	jurub' chaq junab' k'am @@em ay @@b' @@aq
trese años.	trese años
juntir maqtra awk'lal wi' taq leskwela	juntir maq @@tra aw @@k'lal wi' taq l @@eskwela
o wi' naa.	o wi' naa
Uxub' wi' taq leskwela,	uxib' wi' taq l @@eskwela
wi' jun de terser	wi' jun de terser
i wi' jun de segundo	i wi' jun de segundo
i jun en primer, jiin.	i jun en primer jii' @@i'n
Ri' ri ya titaw seys añ tinkooj li parbul chik,	ri' ri ya ti @@taw seys añ t @@in @@koj li parbul chik
kones non li	kones non li
kwand t'ok taq de primer ta' chiki' mas k'ex tijtij taq,	kwand t' @@ok taq de primer ta' chik @@i' mas k'ex ti @@j @@tij taq
porke ya retam chaq jun kitz ji'n.	porke ya r @@etaam chaq jun kiitz ji'n
Wi' rejwexkin	wi' rejwex @@k @@in
porke ilka' li qe oj ójor qaqaaj qachuuch ta' xye' qestudy	porke il @@ka' li qe oj ójor qa @@qaaj qa @@chuuch ta' x @@ye' qe @@estudy
ljori, nik' qe mutz'ul b'aq'aawch	ljori nik' qe mutz' @@uul b'aq' @@aawch
porke ta' qetam oj natun nad,	porke ta' q @@etam oj natun nad
porke ilka' iin xwik'aaji' k'ex	porke il @@ka' iin x @@wik'a @@aaj' k'ex
porke xinpeti' li laq naj ójor,	porke x @@in @@pe @@i' li laq naj ójor
ta' in kwin tinb'an leer nad.	ta' in kwin t @@in @@b'an leer nad
Twila' jun rotulo	t @@wi'l @@a' jun rotulo
o twila' jun kwalkyer	o t @@wi'l @@a' jun kwalkyer
o direksyon re jaa,	o direksyon re jaa
kita' in kwin	kita' in kwin
porke ta', ta' nad xinok leskwel	porke ta' ta' nad x @@in @@ok l @@eskwel
i pores ljori ri' rejwex,	i por@es ljori ri' rejwex
oj ya xqik'aaji' k'ex,	oj ya x @@q @@ikaa @@j @@i' k'ex
ri' raj tqaye' restudy qik'lal	ri' r @@aj t @@qa @@ye' r @@estudy q @@ik'lal
porke tansikyer alg,	porke tansikyer alg
tansikyer alg jun erensya tkan rechaq.	tansikyer alg jun erensya t @@kan rechaq
Porke si tik'iy taq non li,	porke si ti @@k'iy taq non li
oj ta' qetam qaswerte	oj ta' q @@etaam qa @@swerte
si naj oj yo'rk	si naj oj yo'r @@k
rechaq tijtij taq k'ex	rechaq ti @@j @@tij taq k'ex
porke ta' retamaq nad	porke ta' r @@etam @@aq nada
i komo neen mod oj woj oj	i komo neen moo oj w @@oj oj
pwes tyemp ljori kaari'n,	pwes tyemp ljori kaar @@i'n
ta' nado, ta' nado chaak	ta' nado ta' nado chaak
pwes tb'ensaj laq, laq, laq komunidad pongamos.	pwes t @@b'en @@sáj laq laq laq komunidad pongamos
Ta' jbalor qelen qe loke tqak'ayaaj	ta' j @@balor qelen qe loke t @@qa @@k'ay @@aaj
i non li k'ex jpetik loq'laj puwaq.	i non li k'ex j @@pet @@ik loq'laj puwaq
Enkamby li medy ke retamaqi' tren taq estudyar,	enkamby li medy ke r @@etaam @@aq @@i' t @@r @@en taq estudy @@ar
non li ta' k'ex ti'eel jchakaq,	non li ta' k'ex ti' @@eel j @@chak @@aq
non li wi' mod tijch'ek raj pwaqaq,	non li wi' mod ti @@j @@ch'ek ra pwaq @@aq
porke neen mod ljori qe oj ta' k'ex tqatij,	porke neen mod ljori qe oj ta' k'ex t @@qa @@tij
porke tinqak'itzaj qik'lal	porke ti @@in @@qa @@k'itza @@j q @@ik'laal
k'exi'n tqatij rk'il.	k'ex @@i'n t @@qa @@tij r @@k'il
Porke tqach'ek jun ra qa sink ketzal	porke t @@qa @@ch'ek jun ra qe sinko ketzal
tqatij jun qa dos tres diya	ti @@qa @@tij jun qa dos tres diya
chij ch'ekik,	chi @@j ch'ek @@ik
jujun poop ljori tojsaj sink ketzal	jujun poop ljori toj @@sáj sinko ketzal
i non li tqaloq' na qapalm na	i non li t @@qa @@loq' na qa @@palm na
dose ketzal jun syent,	dose ketzal jun syent
jun syent palm apen t'el kijab' xilj,	jun syent palm apen t @@el kijab' xilj
ra kijab' poop t'el xilj,	ra kijab' poop t @@el xílj
bay	bay
pwes ke sobre tarey tqab'an jun kitz qe,	pwes ke sobre tarey t @@qa @@b'an jun kitz qe
kita' mas t'el chqawch.	kita' mas t @@el ch @@qa @@wch
I pores ke es nesesary ra lék'el tyesaj restudy	i pores ke es nesesary ra lék'el t @@ye' @@sáj r @@estudy
para ke jnon li,	para ke inon li
ya jun ék'el retami' tren leer	ya jun ék'el r @@etam @@i' t @@r @@en leer
i eskribir rk'i li tyesaj jchaak,	i eskribir r @@k'i li t @@ya' @@sáj j @@chaak
tyesaj jchaak	t @@ye' @@sáj j @@chaak
pake jnon li ta' k'ex jch'ekik jpuwaq.	pake jnon li ta' k'ex j @@ch'ek @@ik j @@pwaq
Ta', tijtij neen mod tqatij oj lajori,	ta' ti @@j @@tij neen mod t @@qa @@tij oj lajori
ke k'ex tqatij,	ke k'ex t @@qa @@tij
k'ex tqatij tqarayaaj jun qelen qe lamas tqame'	k'ex ti @@qa @@tij t @@qa @@ray @@aaj jun qelen qe lamas t @@qa @@me'
si wi' jun qapoop pach'ul qawi'l	si wi' jun qa @@poop pach'u @@l qa @@wi'l
tqak'ayaaj b'ik ya tpe jun qelen qe chuch,	t @@qa @@k'aay @@aaj b'ik ya t @@pe jun qelen qe ch @@uch
porke wunaq ta' tikwin	porke wunaq ta' ti @@kwin
enkesey ne' tchakun,	enkesey ne' t @@chak @@un
ajchaak wunaqin	aj @@chaak wunaq @@i'n
tchakun per ta' tikwin tijye' juntir.	t @@chak @@un per ta' ti @@kwin ti @@j @@ye' juntiir
Ya or komoo tijb'ij taq ójor taq kristyan,	ya or komoo ti @@j @@b'ij taq ójor taq kirtyaan
pwes qachuuch qaqaaj ójor,	pwes qa @@chuuch qa @@qaaj ójor
no mij,	no mij
ljori tijoj ayb'aq tab'an jun anegosyaq	ljori tijoj (ay) @@b' @@aq t @@a @@b'an jun a @@negosy @@aq
o tab'an taq jun qelen awe chaq	o t @@a @@b'an taq jun qelen aw @@e chaq
b'an taq,	b'an taq
pake jnon li kita' tkub'er awanmaq chi rij wunaq,	pake jnon li kita' t @@kub' @@er aw @@anm @@aq chi r @@ij wunaq
porke si jun wunaq wi' jpuwaq	porke si jun wunaq wi' j @@pwaq
rechi' re li	r @@ech @@i' re li
ma awechta' aat.	ma aw @@ech @@ta' aat
Porke si aat,	porke si aat
tyuq jun wunaq,	t @@yuq jun wunaq
o tak'am neen qelen nmoke,	o t @@a @@k'am neen qelen n @@mo @@ke
rejwex na anch in puwaq	rejwex na anch iin pwaq
o wi' apuwaq,	o' wi' a @@pwaq
cha' re wunaq,	cha' re wunaq
ta' mod,	ta' mood
enkamby li wi' ral anegos aat tab'an	enkamby li wi' ra (anegos) aat ti @@b'an
wi' apoop wi' qelen awe,	wi' a @@poop wi' qleen aw @@e
wi' apuwaq ta' k'ex	wi' a @@pwaq ta' k'ex
ntons kan ye' qelen wee	entoons kan ye' qleen we
i wesaj apuwaq	i we @@sáj a @@pwaq
kom wi' apuwaq ta' ch'ek.	koom wi' a @@pwaq ta' ch'ek
Tcha' taq	t @@cha' taq
i tz'et tijb'ij taq	i tz'et (tijb'ij) taq
i tz'eti' tijb'ij taq,	i (tz'eti') (tijb'ij) taq
porke ójor taq kristyan	porke ójor taq kirtyaan
wi', wi', wi' bwen,	wi' wi' wi' bween
bwen pixab' tijye' taq pwes	bween pixab' ti @@j @@ye' taq pwees
porke oj li tzii, tzii t'ok laj qaxikin loke tijyol taq chi qe	porke ooj li tzii tzii (t'ok) laj qa @@xikin loke ti @@j @@yol taq chi qe
o ta' t'ok.	o' ta' t'ok
Pero rechaq el byen raj chi qe loke pas ke	peer rechaq el byeen ra chi qe loke depaso ke
oj ta', ta' xqamaj jchakaq loke neen mod tchakun rechaq ójor.	ooj ta' ta' (xqamaj) j @@chaak @@aq loke neen mood t @@chaak @@un rechaq ójor
ójor taq kristyan mas sk'aaj taq na,	ójor taq kirtyaan maas sik'aj taq na
porke tempran li	porke (tempran) li
a las tres de la mañana t'ok chaqik jkyemaq chuch kaa',	a las tres de la mañana (t'ok) chaq @@ik (jkyemaq) chuch kaa'
t'ok chij b'anik qelen rechaq,	(t'ok) (chij) b'an @@ik qleen rechaq
tijmaaj jwaaq wunaql	(tijmaaj) j @@wa @@aq wunaq @@l
a las sink la mañan tib'i' li chaak li.	a las Sinko la mañan (tib'i') li chaak li
Rechaq tkan chij b'anik jpoop	rechaq t @@kan (chij) b'an @@ik j @@poop
li, jun q'iij tijtz'aqsaj jun poop,	li jun q'iij (tijtz'aqsaj) jun poop
porke tempran tib'it taq.	porke (tempran) ti @@b'it taq
Enkamby qe oj ri pur oj saq'or taq anm oj,	enkamby qe ooj ri puro ooj saq'or taq ánim ooj
cha' oj,	cha' ooj
tichapon rechaq ójor,	ti @@chap @@on rechaq ójor
porke ójor taq kristyan mas sk'aaj taq na.	porke ójor taq kirtyaan maas sk'aaj taq na
Enkamby oj lajorii ay dyoos k'ex intiyojl rk'i jun kitz qaopiis tqa an	enkamby ooj lajori @@i' ay Dyoos k'ex in @@tiiy @@ow @@j @@l r @@k'i jun kiitz qa @@opiis taq b'an
ay qij,	ay qij
ay wqan	ay w @@aqan
k'ex ta' chiki' oj ch'ij oj b'it,	k'ex ta' chik @@i' ooj ch'ij ooj b'it
porke saber neen mod li ri' tyemp ljori ta',	porke saber neen mood li ri' tyeemp lajori ta'
sol yajel chaq,	sol yaj @@el chaq
sol yajel chaq, tqakuxtaj	sol yaj @@el chaq (tqakuxtaj)
saber neen mod.	saber neen mood
ójor taq kristyan saber	ójor taq kirtyaan saber
enkesey jun anm ya ri,	enkeseey jun ánim ya ri
t'ust'ik chaq rij per kwinaa tren ropiis na	(t'ust'ik) chaq (rij) peer kwin @@aa (tren) r @@opiis na
tkwin, per enkamby qe oj lajori	t @@kwin peer enkamby qe ooj lajori
ta' chiki' oj kwin nad,	ta' chik @@i' ooj kwin nada
ta' chiki' oj kow re jun k'ex, k'ex laj chaak	ta' chik @@i' ooj kow re jun k'ex k'ex laj chaak
ta' chiki' oj kwin re.	ta' chik @@i' ooj kwin re
Pores es mejor ke tinb'ij re yaj Jwan	pores es mejor ke (tinb'ij) re (yaj) Jwan
re ke mejor qane' luchar enkesey k'ex tqatij,	re ke mejor (qane') (luchar) enkeseey k'ex (tqatij)
pero kesey wi' bes wi' qasentaw	peer ankeseya wi' abeses wi' qa @@sentaaw
wi' bes ta' qlen,	wi' abeses ta' qleen
pero mejor tqaye' rechaqtra lék'el,	peer mejor t @@q @@ay @@e' (rechaqtra) (lék'el)
tcha',	t @@cha'
jne' taq estudyar,	j @@ne' taq estudye @@ar
per komo leskwel ljori juntir tijtz'onaj taq	peer koom (leskwel) lajori juntiir (tijtz'onaj) taq
tz'onaj taq asukar,	(tz'onaj) taq asukar
tz'onaj taq topiix	(tz'onaj) taq (topiix)
tz'onaj taq sub'oy	(tz'onaj) taq sub'oy
juntir kwand tyesaj jrefaksyonaq	juntiir kwand t @@ye' @@sáj (jrefaksyonaq)
tra lék'el juntir tren taq molest rib'.	tra (lék'el) juntiir tren taq molest (rib')
De tod mod tqaye' na b'ik	de tod mood t @@q @@ay @@e' na b'ik
si ta' komo tijb'ij taq maq tra lék'el	si ta' koom (tijb'ij) taq maq tra (lék'el)
si ta' tqaye' b'i rechaq	si ta' t @@q @@ay @@e' b'ik rechaq
ta' tyesaj jkomidaq	ta' t @@ye' @@sáj j @@komiid @@aq
si ta' tijach taq pix,	si ta' ti @@jach taq pix
leskwel ta' tyesaj rechaq.	(leskwel) ta' t @@ye' @@sáj rechaq
I tons mejor si wi' raj puwaq jun	i entoons mejor si wi' ra pwaq jun
jloq'e' re jun pake ra lék'el kita' tijkuy taq k'ex,	j @@loq' @@e' re jun pake ra ??? ki @@ta' @@a'n ti @@j @@kuy taq k'ex
tjach'e' taq loke neen tijtz'onaj taq leskwel,	(tjach'e') taq loke neen (tijtz'onaj) taq (leskwel)
enkesey k'ex.	enkeseey k'ex
Pero enkesey tqakuy k'ex lajori	peer enkeseey t @@qa @@kuy k'ex lajori
per oj tijin oj rijeb' li.	peer ooj tijin ooj ri'j @@eeb' li
Ya enkamby maq tra lék'el tintijin paqal jwich rechaq	ya enkamby maq tra (lék'el tintijin) paqal j @@wiich rechaq
re es bwen tyesaj ra restudyaq,	re es bween t @@ye' @@sáj ra r @@estudye @@aq
pake jnon li wi' adelant rechaq despwes ji'n,	pake jilon li wi' adelant rechaq despwes jii'n
xaq li qe dyoos saber.	xaq li qe Dyoos saber
Tonses ójor taq tzij pwes jili Pinal,	entoons ójor taq tziij pwees jili Pinal
kom jili xink'iych iin	koom jili x @@in @@k'iy @@ch iin
i tinye' kwent rechaq	i t @@in @@ye' kwent rechaq
pwes ójor taq kristyan tren taq jkostumbraq re kwarexm,	pwees ójor taq kirtyaan tren taq (jkostumbraq) re (kwarexm)
cha' taq.	cha' taq
I ya ti, ti, taw li, li domingo resureksyon	i ya ti ti taw li li domingo resureksyon
kila' tresaj taq prosesyon	kla' t @@re @@sáj taq prosesyon
i tren taq jo'ch' li	i tren taq jo'ch' li
tren taq tra íxim sal jwich	tren taq tra íxim sal j @@wiich
íxim, ri' tijkiyeej taq chuch kaa'	íxim ri' (tijkiyeek) taq chuch kaa'
tijcha' taq jwich	tij @@ch @@a' taq j @@wiich
ri' li tij, tijtzek taq	ri' li tij (tijtzek) taq
i ri' li tijye' taq re kristyan re prosesyon li	i ri' li ti @@j @@ye' taq re kirtyaan re prosesyon li
i akomoo re nim q'iij,	i a @@komoo re nim q'iij
li laj nim q'iij San Isigr,	li laj nim q'iij San Isigr
cha' taq,	cha' taq
kom li tiyoox kla',	koom li tyóox kla'
San Isigr jb'ij	San Isigr j @@b'iij
qaqaaj San Isigr,	qa @@qaaj San Isigr
tons kla' tren taq selebrar li jq'iij li	entoons kla' tren taq (selebrar) li j @@q'iij li
tren, taq el trese	tren taq el trese
i el katorse tixojow kombite	i el katorse ti @@xoj @@ow kombite
i el kinse tresaj taq prosesyon	i el kins t @@re @@sáj taq prosesyon
tambyen.	tambyeen
I kila' jwi'li' ri qaqaaj San Isigr	i kla' j @@wi'l @@i' ri qa @@qaaj San Isigr
pwes jwi'li' tren taq jnim q'iij li	pwees j @@wi'l @@i' tren taq j @@nim q'iij li
laq, laq nim q'iij li	laq laq nim q'iij li
rechi' el katorse el kinse de May	re @@ch @@i' el katorse el kins de May
jwi'l li qaqaaj San Isigr tren taq.	j @@wi'l li qa @@qaaj San Isigr tren taq
Tren taq nim q'iij kila'	tren taq nim q'iij kla'
i non li jkostumbr tren taq,	i jilon li jkostumbr tren taq
tren taq tren taq kofrady,	tren taq tren taq kofrady
tijwiqe' taq tiyoox	(tijwiqe') taq tyóox
toj taq kutz'i'j,	toj taq kutz'i'j
tiwiq taq tiyoox	ti @@wiq taq tyóox
non li re, re kwando tresaj taq prosesyon,	jilon li re re kwaand t @@re @@sáj taq prosesyon
wi' nij xaar tijk'am taq kijab'	wi' nik'ij xaar ti @@j @@k'am taq kijeb'
anm tik'am taq jxaar jkutz'i'j	ánim ti @@k'am taq j @@xaar j @@kutz'i'j
ri', ri' jkofrad li tb'e li laj xúkut tiyoox,	ri' ri' (jkofrad) li t @@b'e li laj xúkut tyóox
tijk'am b'ik	ti @@j @@k'am b'ik
i t'o'k taq laj choch chik	i (t'o'k) taq laj ichooch chik
mis wi' kristyan tren taq fil tq'ax taq	m @@is wi' kirtyaan tren taq fil t @@q'ax taq
tijsiq taq tiyoox,	(tijsiq) taq tyóox
ri' kom ri' kostumbr re ójor taq kristyan.	ri' koom ri' kostumbr re ójor taq kirtyaan
Ri' lajorii ajwich na tijin taq re	ri' lajori @@i' aj @@wiich na tijin taq re
kita' tijsech taq jwich,	ki @@ta' @@a'n (tijsech) taq j @@wiich
porke non li kwand wi' neen qab'anik	porke jilon li kwand wi' neen qa @@b'an @@ik
ljori pwes tijin oj kysan	lajori pwees tijin ooj (kysan)
i ri' oj ojtijin oj rijob'k	i ri' ooj oj @@tijin ooj ri'j @@ob' @@ik
i tijin tik'iy loke qik'lal oj chik	i tijin t @@k'iy loke qa @@ik'laal ooj chik
ri kan tijme' taq	ri kan (tijme') taq
loke neen mod kosumbre re ójor taq kristyan li	loke neen mood kosumbre re ójor taq kirtyaan li
i non li kisil jwich jwi'laq na.	i jilon li k'is @@il j @@wiich j @@wi'l @@aq na
Jnon pwes	jilon pwees
syempre in pet li kila' Pinal	syempre iin pet li kla' Pinal
pwes syempr twil,	pwees syempre t @@wi'l
ke tinye' kwent rechaq	ke t @@in @@ye' kwent rechaq
pwes ke syempre k'isil na jwich jwi'laq	pwees ke syempre k'is @@il na j @@wiich j @@wi'l @@aq
neen mod jkostumbre ójor	neen mood j @@kostumbre ójor
i non tren taq ljori tambyen.	i jilon tren taq lajori tambyeen
I ljori pwes de wi' chiki' jun kostumbre re, re kristyan	i lajori pwees de wi' chik @@i' jun kostumbre re re kirtyaan
maja' chiki' b'ik,	maj @@a' chik @@i' b'ik
xkan jye' taq li na,	x @@kan j @@ye' taq li na
re ajb'ool,	re aj @@b' @@ool
cha' taq,	cha' taq
xkan jye' taq li na	x @@kan j @@ye' taq li na
ajri' li kib',	ajri' li kib'
uxub' junab' ljori	oxib' junaab' lajori
resaj taq chik juntir chik	re @@sáj taq chik juntiir chik
pwes de ke, ke tij, tij pomaj taq jwich tiyoox,	pwees de ke ke tij tij poma @@j taq j @@wiich tyóox
tijkoj taq nimaq taq kandel	tij @@koj taq nimaq taq kandel
tijkoj taq chuch tiyoox li.	tij @@koj taq chuch tyóox li
I mism aparti' ajkofrady	i miim apart @@i' ajkofrady
aparti' jkostumbre rechaq chik,	apart @@i' j @@kostumbre rechaq chik
aparti' rechaq chik	apart @@i' rechaq chik
tren taq kostumbre lon li nimaq taq kandel	tren taq kostumbre lon li nimaq taq kandel
xamb'er taq chirij tiyoox.	(xamb'er) taq chir @@ij tyóox
Wi' jkandel	wi' j @@kandel
saber jurub' rijil maq nimaq taq kandel tijk'am taq li	saber jurub' (rijil) maq nimaq taq kandel ti @@j @@k'am taq li
ri' tijkoje' taq chuch tiyoox li	ri' tij @@koj @@e' taq chuch tyóox li
i tijjose' taq loke jq'olal li kandel kan tijye' taq,	i ti @@j @@jos @@e' taq loke j @@q'ol @@ál li kandel kan t @@j @@ye' taq
tijjose' taq tijmol taq b'ik.	ti @@j @@jos @@e' taq (tijmol) taq b'ik
Ri' li jkostumbraq re, re San Isigr ri,	ri' li (jkostumbraq) re re San Isigr ri
ri kla', kla' Pinal li jiin.	ri kla' kla' Pinal li ji' @@i'n
Ri' chik li tayol chi qe.	ri' chik li ti @@yol chi qe
Saber neen chiki' tinyol chik,	saber neen chik @@i' (tinyol) chik
pwes entons tink'anwaaj chawech qaaj	pwees entoons t @@in @@k'a'n @@w @@aaj (chawech) qaaj
ke xat yuq li qik'il,	ke xaat' yu' li qa @@k'il
para ke ta' tisach jwich, jwiche qayolj	para ke ta' ti @@sach j @@wiich j @@wiich qa @@yol @@j
ya osey ke ya niri chaq waldey pongamos	ya oseey ke ya niri chaq waldey pongamos
i k'omo re dyoos pwes de ke ta' tisach jwich qayolj	i k'omo re Dyoos pwees de ke ta' ti @@sach j @@wiich qa @@yol @@j
komoo lajori pwes	koom @@ow lajori pwees
de ke k'is, k'is qawinaq	de ke k'is k'is qa @@winaaq
pwes lo ke tiyolow taq jnonli neen moo, yoloj re Uspanteka	pwees lo ke ti @@yolow taq jilon @@l @@i' neen mood yoloj re Uspanteka
ya jwert chaq tiyolow taq	ya jwert chaq ti @@yolow taq
non li sol kastiy chaq,	jilon li sol kastiiy chaq
rk'lal sol li kastiy	r @@ik'laal sol li kastiiy
ta' chiki' b'aal nad qayolj chuchaq.	ta' chik @@i' b'a @@aal nada qa @@yol @@j chuch @@aq
I ri' li pwes grasyas adyoos ke non li,	i ri' li pwees grasyas a @@Dyoos ke jilon li
ke ataq ke ta'an taq jun esjwers	ke ataq ke ti @@b'an taq jun es @@pwers
pwes de ke, ke ta' tisachk syempr	pwees de ke ke ta' ti @@sach @@ik syempre
non li ke atyuq taq solaj,	jilon li ke at @@yu' taq solá @@j
ta solaj qchoch	ta solá @@j q @@ichooch
tpe taq chijb'ij qik'il,	t @@pet taq chijb' @@ij qa @@k'il
para ke non li qe oj tambyen	para ke jilon li qe ooj tambyeen
ta', kita' tqasech jwich qayoloj re ójor taq kristyan	ta' ki @@ta' @@a'n (tqasech) j @@wiich q @@yoloj re ójor taq kirtyaan
i ri' li tqa k'anwaj chawch.	i ri' li taq k'amowa @@j chiw @@ch
Looq' chaq tayol,	looq' chaq t @@a @@yol
Ataq qawá'xik,	ataq qa @@wá'x @@ik
tanyol kib',	t @@an @@yol kib'
uxib' yoloj chawe chaq.	uxib' yoloj ch @@aw @@e chaq
Chub' kib' uxib' ék'el.	chub' kib' uxib' ék'el
Wi' jun,	wi' jun
jun ra qa, qajyub'l.	jun ra qa qa @@jyub' @@l
Pwes wi' kib',	pwes wi' kib'
uxib' ek'l tiyolow.	uxib' ék'l ti @@yol @@ow
Neb'ire' titz'an taq li laq'aab'.	ne @@b'i @@re' (titz'an) taq li laq'aab'
tb'e taq laq'aab' li,	t @@b'e taq laq'aab' li
itz' li jun nim uxta'j.	itz' li jun nim ux @@ta'j
Ruk' tren, tra lék'l	ruk' t @@r @@en tra lék'l
tijchep tra jq'ab'aq,	ti @@j @@chep tra j @@q'ab' @@aq
t'ok taq chi iitz' laq'aab'.	t' @@ok taq chi iitz' laq'aab'
I troqtaj ra rib'aq	i t @@roqta @@j ra r @@ib' @@aq
i wi' komo kab'lajuuj,	i wi' komo kab' @@laj @@uuj
oxlajuj tra ék'l titz'an taq.	ox @@laj @@uj tra ék'l t @@itz'a @@n taq
I i t'ok taq chi iitz',	i i t' @@ok taq chi iitz'
i baa iitz',	i baa iitz'
i baa iitz' tren taq.	i baa iitz' t @@r @@en taq
I ri' chaq tril taq tra ék'l,	i ri' chaq t @@r @@il taq tra ék'l
xk'utun chaq jun neb'ire,	x @@k'ut @@un chaq jun ne @@b'i @@re
jun ra lék'l chijxo'laq.	jun ra lék'l chi @@j @@xo'l @@aq
Ta' xya' taq nemoo rilik xokb'ik ra lek'l chijxo'laq.	ta' x @@ya' taq ne @@moo r @@il @@ik x @@ok @@b'ik ra lék'l chi @@j @@xo'l @@aq
Ri' chaq riltaq wi' chaq ra lek'l chijxo'laq.	ri' chaq r @@il @@taq wi' chaq ra lék'l chi @@j @@xo'l @@aq
I xok chi iitz' tra lek'l.	i x @@ok chi iitz' tra lék'l
Ri' chaq tril wi' chaq ra lek'l li.	ri' chaq t @@r @@il wi' chaq ra lék'l li
Toos xij re rajpech.	toos x @@ij r @@e ra @@j @@pech
Uuy karal ek'l wi' chi qaxo'l li,	uuy ka @@ral ék'l wi' chi qa @@xo'l li
qachepe' taq,	qa @@chap @@e' taq
cha'.	cha'
Jaan b'an.	jaan b'an
Qachepe' b'an,	qa @@chep @@e' b'an
cha' taq.	cha' taq
Xchep taq	x @@chep taq
i usil xye' rib' ra lék'l xchep taq.	i usil x @@ye' r @@ib' ra lek'il x @@chep taq
I xok chi iitz' rk'ilaq.	i x @@ok chi iitz' r @@k'il @@aq
Ya kwand ril taq xok ra lek'l chi iitz' rk'ilaq.	ya kwand r @@il taq x @@ok ra lék'l chi iitz' r @@k'il @@aq
Baay xchep taq chi rb'il rib'aq juntir.	baay x @@chep taq chi r @@ib' @@il r @@ib' @@aq juntiir
Baa xchep taq.	baa x @@chep taq
I juraaj rk'iilaq li iitz'.	i juraaj r @@k'il @@aq li iitz'
Tose ri' chaq tril taq sach ra lek'l chijxo'laq.	tose ri' chaq t @@r @@il taq sach ra lek'l chi @@j @@xo'l @@aq
I ri' k'uli rechaq xok taq na chi iitz' na.	i ri' k'u @@li rechaq x @@ok taq na chi iitz' na
Nemoo xok taq chijtokik ra lek'l,	neen @@moo x @@ok taq chi @@j @@tok @@ik ra lek'l
ta' chki'n.	ta' chk @@i'n
I xok taq chi iitz'.	i x @@ok taq chi iitz'
Nemoo lamaas xe'w.	neen @@moo lamaas x @@e' @@w
Xtok taq lamaas xe'w	x @@tok taq lamaas x @@e' @@w
i naa tijta' taq lamaas xe'w.	i naa ti @@j @@ta' taq lamaas x @@e' @@w
Tos xij taq ra ni'j.	tos xi @@j taq ra ni'j
Mejor ooj b'ek	mejor ooj b'e @@ik
I neen oor chaq wooj lojori.	i neen oor chaq w @@ooj lojori
Qatok chik k'ii mas qapech	qa @@tok chik k'ii mas qa @@pech
non li na'l nika' li wee tiyuqchik chiqaxo'l chik.	non li na'l nik @@a' li wee ti @@yuq @@chik chi @@qa @@xo'l chik
Lajkab' q'iij xe' taq chik.	la @@j @@kab' q'iij x @@e' taq chik
xmol chik rib' tra lek'l mism ra rb'ilaq chik.	x @@mol chik r @@ib' tra lek'l mism ra r @@b'il @@aq chik
I repentqe ta' naa,	i repent @@qe ta' naa
Ri' ji'chaq xtaw chik mas kib' tra lek'l.	ri ji' @@chaq x @@taw chik mas kiib' tra lek'l
Xi', xi' re ta' naa man ek'l tiyuq chik.	x @@i' x @@i' re ta' naa man ék'l ti @@yuq chik
xi' chaq xnatun chirijaq.	x @@i' chaq x @@natun chi @@r @@ij @@aq
Xi' chaq xil taq jun ra kwa'y petzelk chaq jol tren petzel.	x @@i' chaq x @@il taq jun ra kwa'y petzel @@ik chaq jol t @@r @@en petzel
Rk'iil tra lék'l.	r @@k'iil tra lek'l
Uuy kara kwa'y li petzel,	uuy ka @@re kwa'y li petzel
cha' taq.	cha' taq
na'l li pent ri tya' lugar ra kwa'y tqakejaj.	na'l li pent ri t @@ya' lugar ra kwa'y t @@qa @@keja @@j
I xtromb'ej taq	i x @@tromb'e @@j taq
i ta' tijya' rib' ra kwa'y.	i ta' ti @@j @@ye' r @@ib' ra kwa'y
Talmaj chuchaq.	t @@almaj ch @@uch @@aq
I ajruk' re' xpet xmulaj rib'aq chi riij.	i aj @@ruk' re' x @@pet x @@muláj r @@ib' @@aq chi r @@ij
I usil xkwin taq chapik.	i usil x @@kwin taq chap @@ik
I naq mes taq riij.	i naq mes taq r @@ij
I usil tijya' rib',	i usil ti @@j @@ya' r @@ib'
ta' qelen tren rechaq.	ta' qelen t @@r @@en rechaq
I xpe taq kejaj taq.	i x @@pe taq keja @@j taq
I tjolin tralaaj tra lek'l wichta'j.	i t @@jol @@in t @@r @@alaaj tra lek'l wich @@ta'j
Toon xil,	toon x @@il
xi'j taq.	x @@i'j taq
Ke mejor qakejaj ooj juntir,	ke mejor qa @@keja @@j ooj juntiir
tqakejaj,	t @@qa @@keja @@j
cha' taq.	cha' taq
Xt'oj rib'aq chi riij juntir.	x @@t'oj r @@ib' @@aq chi r @@ij juntiir
I ya kwand tra lek'l chaq jt'oj rib'aq juntir chi riij.	i ya kwand tra lek'l chaq j @@t'oj r @@ib' @@aq juntiir chi r @@iij
I lo ke xen,	i lo ke x @@en
komo xt'oj rib' lulew chralaajaq.	komo x @@t'oj r @@ib' lu @@uleew ch @@r @@alaaj @@aq
Kub'uul xkan tra lek'l uchta'j.	kub' @@uul x @@kan tra lek'l uch @@ta'j
Ta' chki' naa man kwa'y chralaajaq.	ta' chik @@i' naa man kwa'y ch @@r @@alaaj @@aq
I laas xtok taq lamaas xe' man kwa'y.	i laas x @@tok taq lamaas x @@e' man kwa'y
Saber laas xe'w ra kwa'y,	saber laas x @@e' @@w ra kwa'y
ta' na'l lamaas xe'w kla' qe sachu'.	ta' na'l lamaas x @@e' @@w kla' qe sach @@u'
Jo' iitz'an taq chik,	jo' iitz' @@an taq chik
pent t'ok chich laj qaxo'l.	pent t' @@ok chi @@ch laj qa @@xo'l
I xchep chijq'ab'aq	i x @@chep chi @@j @@q'ab' @@aq
i xok taq chi iitz'.	i x @@ok taq chi iitz'
I baa tsutin taq.	i baa t @@sutin taq
I ta' chki' xk'utun ra kwa'y na chijxo'laq.	i ta' chk @@i' x @@k'ut @@un ra kwa'y na chi @@j @@xo'l @@aq
I b'esel q'iij xij taq.	i b'esel q'iij x @@ij taq
A xi' aq'ab',	a x @@i' aq'ab'
mejor jo'	mejor jo'
i jo' taq ajri' ooj pechik b'esel q'iij chik chweeq'.	i jo' taq aj @@ri' ooj pe @@chik b'esel q'iij chik chweeq'
Pent li tyuq chik laj qaxo'l.	pent li t @@yuq chik laj qa @@xo'l
Porke tak'amch jun talb'art aat.	porke t @@a @@k'am @@ch jun talb'art aat
I iin tink'amch jun kolob'.	i iin t @@in @@k'am @@ch jun kolob'
I tqa, tqa xim ra kwa'y.	i t @@qa t @@qa xim ra kwa'y
I tqakoj jun ra telb'art chi riij.	i t @@qa @@koj jun ra telb'art chi r @@iij
O tzaq chqalaj o aber neen jurub' ne' oj ch'ij chik.	o' tzaq ch @@q @@alaj o aber neen jurub' ne' oj ch'ij chik
Ra kwa'y tqat'ojqib' chi riij,	ra kwa'y t @@qa @@t'oj @@q @@ib' chi r @@ij
ya rk'i chaq man talb'art,	ya r @@k'i chaq man talb'art
cha'.	cha'
Tose xpe taq ya lajkab' q'iij xmulaj chik ra rib'aq.	tose x @@pe taq ya laj @@kab' q'iij x @@mulaj chik ra r @@ib' @@aq
Chu'sil xta' rib'aq,	ch @@u'sil x @@ta' r @@ib' @@aq
chu'sil xta' chik rib'aq k'ii chi rb'ilaq.	chu'sil x @@ta' chik r @@ib' @@aq k'ii chi r @@b'il @@aq
Itz'an niri figat wi' jun kwa'y tiyuq laj qaxo'l niri.	itz' @@an niri figat wi' jun kwa'y ti @@yuq laj qa @@xo'l niri
Or tqolb'eji'n i tpechik juntir.	or t @@q @@olb'ej @@i'n i t @@pe @@chik juntiir
I or ya wi' chaq man talb'art niri.	i or ya wi' chaq man talb'art niri
I jun q'uniik tqat'oj chi riij.	i jun q'uniik t @@qa @@t'oj chi r @@iij
I tqaya' man talb'art.	i t @@q @@ya' man talb'art
A qusi' pwes ji'non tqa'an re,	a qus @@i' pwes jii'n @@on t @@qa @@'an re
cha'.	cha'
I xtaw taq chik man b'esel q'iij li.	i x @@taw taq chik man b'esel q'iij li
Laq'aab' xok taq chik chi iitz'.	laq'aab' x @@ok taq chik chi iitz'
Ri' chaq ril taq man kwa'y xok b'i rk'iilaq.	ri' @@i'n chaq r @@il taq man kwa'y x @@ok b'i r @@k'iil @@aq
B'ali si tqakoj man talb'art chi riij,	b'a @@li si' t @@qa @@koj man talb'art chi r @@iij
cha' taq.	cha' taq
I xkoj taq man talb'art chi riij.	i x @@koj taq man talb'art chi r @@iij
Ya kwand tijkejaj tijb'ij re,	ya kwand ti @@j @@keja @@j ti @@j @@b'ij re
ya kwand tijt'oj rib'aq chi riij.	ya kwand ti @@j @@t'oj r @@ib' @@aq chi r @@iij
Kond chaq tril taq sach b'i man kwa'y.	kond chaq t @@r @@il taq sach b'i man kwa'y
Xkaj t'oje' man talb'art,	x @@ka @@j t'oj @@e' man talb'art
kom ta' jee.	kom ta' jee
I tons xij chepe' taq chik juntir li uchaq ta'j.	i tons x @@i @@j chep @@e' taq chik juntiir li uch @@aq ta' @@j
Ajruk' re' xi'j taq.	aj @@ruk' re' x @@i' @@j taq
Bwen lajori ta' maj jee',	bwen lajori ta' ma @@j jee
lajori nemoo tqab'an re.	lajori ne @@moo t @@qa @@b'an re
I xpe man jun wi' jun rechaq alg list rechaq.	i x @@pe man jun wi' jun rechaq alg list rechaq
Xi'j qatoke' jun chee'	x @@i'j qa @@tok @@e' jun chee'
i tqakoj jun chee' chijyook,	i t @@qa @@koj jun chee' chi @@j @@yook
kla' tqakoj maj tenedor chijyook nkare'.	kla' t @@qa @@koj ma @@j tenedor chi @@j @@yook nika @@re'
I rik'aj man,	i r @@ik'a @@j man
Ntoons xi'j man, man étzel nemoo.	ntoons x @@i'j man man étzel ne @@moo
Ntoos rk'i maq ek'l si ta' moo.	ntoos r @@k'i maq ek'l si ta' moo
Ruk' xinb'ij iin inkwini' chijb'anik k'ex rechaq.	ruk' x @@in @@b'ij iin in @@kwin @@i' chi @@j @@b'an @@ik k'ex rechaq
Ta' jno'j xinb'ij iin,	ta' j @@no'j x @@in @@b'ij iin
kesike wi' jno'jaq.	ke @@si @@ke wi' j @@no'j @@aq
Ilb'e man chee' chaq tijkoj taq chuwe.	il @@b'e man chee' chaq ti @@j @@koj taq ch @@uw @@e
Lajori si xaq tuwilb'ej	lajori si xaq tu @@wilb'ej
kwand ya tijkoj taq man chee' chuwein.	kwand ya ti @@j @@koj taq man chee' chu @@we @@in
Tkan int'oje' taq,	t @@kan in @@t'oj @@e' taq
cha' nika' man étzel.	cha' nika' man étzel
lo ke xen sach chuch tra lék'l.	lo ke x @@en sach ch @@uch tra lék'l
Ta' chki'n ri',	ta' chik @@i'n ri'
chaq man talb'art xkan kla'.	chaq man talb'art x @@kan kla'
Ta' chki' man, man kwa'y.	ta' chk @@i' man man kwa'y
Tos xpe tra lek'l wi' nemoo xkajte' taq.	tos x @@pe tra lek'l wi' nee @@moo x @@kaj @@te' taq
Oj iitz'an taq na pent tpe chik juntir.	oj iitz' @@an taq na pent t @@pe chik juntiir
I tqakoj chik man talb'ar chi riij,	i t @@qa @@koj chik man talb'art chi r @@iij
cha' taq.	cha' taq
I wi' taq chij rilb'ejk.	i wi' taq chi @@j r @@ilb'e @@j @@ik
Ta' chi' xtaw.	ta' chi x @@taw
Ri' chaq rechaq xok taq chi iitz'.	ri' chaq rechaq x @@ok taq chi iitz'
I antoos xi'j maq ni'j.	i antoos x @@i'j maq ni'j
A mejor jo' taq ya xi' aq'aab',	a mejor jo' taq ya x @@i' a @@q'aab'
porke li ta' chki' man tipet.	porke li ta' chk @@i' man ti @@pet
Ya xi' aq'ab' ta' qetam ne jb'anik,	ya x @@i' aq'ab' ta' q @@etam ne j @@b'an @@ik
neen chak li tsach chi qaxo'l.	neen chak li t @@sach chi qa @@xo'l
Íwir man ek'l.	íwir man ék'l
I lajori man kwa'y chaq chik.	i lajori man kwa'y chaq chik
I ya xi' kib' aq'ab' man kwa'y.	i ya x @@i' kib' aq'ab' man kwa'y
Entonses neen moo li tsach chi qaxo'l.	entonses neen moo li t @@sach chi qa @@xo'l
Pent ta' tzii,	pent ta' tzii
mejor jo' taq chik.	mejor jo' taq chik
Mejor ajri' ooj petaq chik chweeq'	mejor aj @@ri' ooj pe @@taq chik chweeq'
tqamolch mas k'ii qapech.	t @@qa @@mol @@ch mas k'ii qa @@pech
Na'l nika' li we tiyuuq chik,	na'l nik @@a' li we ti @@yuuq chik
cha'.	cha'
I xe' taq chik laj kab' q'iij.	i x @@e' taq chik laj kab' q'iij
Xtaw taq chik juntire mis ra luwar chik uxta'j.	x @@taw taq chik juntiir @@e mis ra luwar chik ux @@ta'j
Xmola' rib'aq	x @@mol @@a' r @@ib' @@aq
i xok taq chi iitz'.	i x @@ok taq chi iitz'
I baa iitz' per olb'el chaq neen oor titaw chik man kwa'y.	i baa iitz' per olbel chaq neen oor ti @@taw chik man kwa'y
Ya man kwa'y ta' chki' xtaw no ke ji' chaq tril taq.	ya man kwa'y ta' chik @@i' x @@taw no ke ji' chaq t @@r @@il taq
Ya jun ra rat chaq tijin chi iitz'.	ya jun ra rat chaq tijin chi iitz'
I chaq ril xk'utun chik jun ra lek'l chij xo'laq	i chaq r @@il x @@k'ut @@un chik jun ra lek'l chi @@j xo'l @@aq
ra kiyaaqyo'yoj tnatun.	ra kiyaaqyo'yoj t @@natun
I kiyaq ra ritz'iq wi' chaq chijxo'laq.	i kiyaq ra r @@itz'iq wi' chaq chi @@j @@xo'l @@aq
I ilman ek'l li oor jun ek'l chaq chik.	i il @@man ekil li oor jun ék'il chaq chik
Uuy kap man ek'l ri bee jor chaq kiyaq tnatúnik.	uuy kap man ek'l ri bee jor chaq kiyaq t @@natun @@ik
Qachope' taq,	qa @@chop @@e' taq
cha' maq ni'j.	cha' maq ni'j
Tos qachepe' taq man ri,	tos qa @@chep @@e' taq man ri
romb'ej taq,	romb'ej taq
ta' chki' tijye' rib' tromb'ej taq.	ta' chk @@i' ti @@j @@ye' r @@ib' tromb'ej taq
B'ij chepe' taq xok taq chi iitz' rk'iil.	b'i @@j chep @@e' taq x @@ok taq chi iitz' r @@k'iil
I tjuraj rk'iilaq,	i t @@juraj r @@k'iil @@aq
i baa iitz',	i baa iitz'
i baa iitz',	i baa iitz'
i baa iitz' tren taq rk'iil.	i baa iitz' t @@r @@en taq r @@k'iil
Segur xk'astaj ranmaq.	segur x @@k'asta @@j r @@ánim @@aq
I ooj b'ena mejor tk'am b'i man ek'l ri la jaa,	i ooj b'e @@na mejor t @@k'am b'i man ek'l ri la jaa
cha' taq.	cha' taq
I tijk'am taq xij rechaq,	i ti @@j @@k'am taq x @@ij rechaq
kes man ek'l sach laj q'ab'aq.	kes man ék'il sach laj q'ab' @@aq
Ta' chki' man ek'l.	ta' chk @@i' man ek'l
Uuy neen chki' moo oori man ek'l li sachki b'ik chik.	uuy neen chk @@i' moo oori man ék'il li sach @@(ki) b'ik chik
I nemoo tqa'an re lajori.	i ne @@moo t @@qa @@'an re lijori
I ke man ek'l man tsach b'i chqawch.	i ke man ek'l man t @@sach b'i ch @@qa @@wch
I mejor ooj pechik chweeq'.	i mejor ooj pe @@ch @@ik chweeq'
na'l man tiyuq chi qaxo'l chik.	na'l man ti @@yuq chi qa @@xo'l chik
Tqachep b'ik	t @@qa @@chep b'ik
tqak'am b'i la jaa	t @@qa @@k'am b'i la jaa
rk'i qataat	r @@k'i qa @@taat
qak'ute' chuch qanaan,	qa @@k'ut @@e' ch @@uch qa @@naan
cha' taq.	cha' taq
A tziyi'n pwes ooj kwin ti jchapik.	a tzi @@yi'n pwes ooj kwin ti j @@chap @@ik
A ooj kwini'n,	a ooj kwin @@i'n
ooj kwin tqajurerej,	ooj kwin t @@qa @@jurere @@j
cha' taq.	cha' taq
Jaan.	jaan
Baay entons ooj pee chweeq' mism oor ooj yuq chik.	baay entons ooj pee chweeq' mism oor ooj yuq chik
Jaan xmol chik rib'aq	jaan x @@mol chik r @@ib' @@aq
xe' taq chik jun b'esel q'iij chik.	x @@e' taq chik jun b'esel q'iij chik
Ji' chaq tril taq xtaw chik ra lek'l mism.	ji' chaq t @@r @@il taq x @@taw chik ra lek'l mism
Ra lek'l chiki' mism xtaw.	ra lek'l chik @@i' mism x @@taw
I toos xpe taq xok taq chi iitz' rk'iil.	i toos x @@pe taq x @@ok taq chi iitz' r @@k'iil
Usil qame' b'i lajori si qame' b'i la jaa,	usiil qa @@m @@e' b'i lajori si qa @@m @@e' b'i la jaa
cha' taq cha'.	cha' taq cha'
Jaan xk'am taq,	jaan x @@k'am taq
jurchuchuj taq	jurchuchuj taq
re tijtuq rib' laj q'ab'aq.	re ti @@j @@tuq r @@ib' laj q'ab' @@aq
I ta' raj tb'ek	i ta' r @@aj t @@b'e @@k
i xjurchuchuj taq b'ik.	i x @@jurchuchúj taq b'ik
I jurchuchuj jwi'laq xk'am taq b'ik.	i jurchuchúj j @@wi'l @@aq x @@k'am taq b'ik
I k'iy rb'ilaq chi riij jun ra anm jun laad.	i k'iy r @@ib' @@il @@aq chi ri @@ij jun ra ánim jun laad
I jun ra wunaq jun laad.	i jun ra wunaq jun laad
I xk'am taq b'ik.	i x @@k'am taq b'ik
I xaq xtaw taq re chi richooch	i xaq x @@taw taq re chi r @@ichooch
ya t'ok taq chi jaa,	ya t' @@ok taq chi jaa
cha',	cha'
chi richoochaq,	chi ri @@ichooch @@aq
cha'.	cha'
Kwand xpe man, man ek'l xen jun saptq'um.	kwand x @@pet man man ék'il x @@en jun (saptq'um)
Xk'am b'i kib' tra lek'l,	x @@k'am b'ik kib' tra li @@ék'il
ra anm konto jun ra wunaq.	ra ánim konto jun ra wunaq
Xk'am b'ik xk'am b'i li teew,	x @@k'am b'ik x @@k'am b'ik li teew
ta' na'l la' xe'taqw.	ta' na'l la' (xe'taqw)
Trajpech tra xem taq chi riij,	t @@r @@aj @@pet @@ch tra xem taq chi ri @@ij
xkan taq,	x @@kan taq
ta' chki' ta' chki' raaj pechaq.	ta' chk @@i' ta' chk @@i' raaj pech @@aq
Raj pechaq k'omownaq b'i re man ek'l,	r @@aj pech @@aq k'om @@ow @@naq b'ik re man ek'l
xk'ama' b'ik.	x @@k'am @@a' b'ik
I ya kwand xok taq b'ik ni'j la jaa.	i ya kwand x @@ok taq b'ik ni'j la jaa
Xi'j re jqaajaq	x @@i'j re j @@qaaj @@aq
ke neen moo tra lek'l k'omownaqch re man ek'l.	ke neen moo tra lek'l k'am @@ow @@naq @@ch re man ek'l
Xk'omsaj b'i jwi' man satq'um,	x @@k'om @@sáj b'i j @@wi' man satq'um
man ek'l k'omolch jwi'laq.	man ek'l k'am @@ol @@ch j @@wi'l @@aq
Xna' jun teew	x @@na' jun teew
i xk'am b'i tra lek'l.	i x @@k'am b'i tra lek'l
I ta' chki'n tra qapech.	i ta' chk @@i'n tra qa @@pech
Xen taq tra lek'l xok taq choq'ej.	x @@en taq tra lek'l x @@ok taq ch @@oq'e @@j
Ril ta' chki' trajpechaq.	r @@il ta' chk @@i' tra @@j @@pech @@aq
Xelch jqaaj jchuuchaq.	x @@el @@ch j @@qaaj j @@chuuch @@aq
Neen k'u xata' taq.	neen k'u x @@a @@ta' taq
Eske wooj uxta'j	eske w @@ooj ux @@ta'j
i ya ójor chaq man titaw qik'il.	i ya ójor chaq man ti @@taw q @@ik'il
Xena jun ek'l	x @@en @@a jun ék'il
despwes xen jun kwa'y.	despwes x @@en jun kwa'y
I usil man ek'l xqachomsaj tqachep,	i usil man ek'l x @@qa @@chomo @@sáj t @@qa @@chep
tqak'amch niri tiyuq qak'ute' chawchaq.	t @@qa @@k'am @@ch niri ti @@yuq qa @@k'ut @@e' ch @@aw @@ch @@aq
I kesi man ek'l ya man tiyuq t'ok niri chuch jaa.	i ke @@si man ek'l ya man ti @@yuq t' @@ok niri ch @@uch jaa
Ya tqakoj chi jaa.	ya t @@qa @@koj chi jaa
Kwand xen jun sutq'um xk'am b'i tra qapech.	kwand x @@en jun sutq'um x @@k'am b'i tra qa @@pech
Ay jwelas	ay (jwelas)
ri' k'u li atitz'an taq laq'aab',	ri' k'u li at @@itz'an taq laq'aab'
neen chikon atitz'an taq.	neen chikon at @@itz'an taq
Li man étzeli'n,	li man étzel @@i'n
tcha' jqaaj rechaq cha'.	t @@cha' j @@qaaj rechaq cha'
Ji'n per chaq jolin taq chij tokik tra lek'l.	jii'n per chaq jolin taq chi @@j tok @@ik tra lek'l
Jqaaj chuuch xel chij tokik,	j @@qaaj chuuch x @@el chi @@j tok @@ik
ta' chki' taq ra lek'l.	ta' chk @@i' taq ra lek'l
Xk'amsaji' b'ik,	x @@k'am @@sáj @@i' b'ik
ta' chki' na'l lamaas xe'taqw.	ta' chk @@i' na'l lamaas xe' @@taq @@w
I ri' k'u li pores ta' mas tzii tra lek'l titz'an taq laq'aab'.	i ri' k'u li pores ta' mas tzii tra lek'l ti @@tz'an taq laq'aab'
Porke ya laq'aab' t'ijtqa'n,	porke ya laq'aab' t' @@ij @@tq @@a'n
ke qamaam qatiit'.	ke qa @@maam qa @@tiit'
Ke ya laq'aab' rechta' chki' Dyoos,	ke ya laq'aab' r @@ech @@ta' chk @@i' Dyoos
no ke rechaq étzel.	no ke rechaq étzel
Chikchi'tqa'n,	(chik) @@chi' @@tq @@a'n
pores ooj lajori,	pores ooj lijori
maq tra lek'l	maq tra lek'l
ta' chki' tyesaj lugar rechaq titz'an taq laq'aab'.	ta' chk @@i' t @@ye' @@sáj lugar rechaq ti @@tz'an taq laq'aab'
Ta' k'exne' tren suseder ne' oon li.	ta' k'ex @@ne' t @@r @@en suseder ne' oon li
I ri' li tinb'an rekomendar iin,	i r @@i'n li t @@in @@b'an rekomendar iin
jqaaj chuuch jun.	j @@qaaj chuuch jun
Mit tijye' taq lugar tra lek'l titz'an taq laq'aab'.	mit ti @@j @@ye' taq lugar tra lek'l titz'an taq laq'aab'
I xaq li k'omo.	i xaq li k'oom
lajori tamb'iij kib' oxib' tziij,	lajori t @@am @@b'iij kib' oxib' tziij
chib' jura ánm.	chib' ju @@ra ánim
Loke xq'apojirch ójr	loke x @@q'apoj @@ir @@ch ójr
chuch jqaaj chuch,	ch @@uch j @@qaaj chuch
chuch jqaaj chuch jchuuch,	ch @@uch j @@qaaj ch @@uch j @@chuuch
i lok xan ójer tain.	i lok x @@an ójer ta @@i'n
Ika' peet rika' seb'laaj keko'temaal re xk'iiych,	i @@ka' peet rika' seb'laaj kekot @@em @@aal re x @@k'iy @@ch
taqsaj wi' jqaaj,	taq @@sáj wi' j @@qaaj
taqsaj wi jchuuch.	taq @@sáj wi' j @@chuuch
Jaan.	jaan
Juntiir tran.	juntiir t @@r @@an
Toses peet xiij,	tose peet x @@iij
rika' xiij jqaaj re.	rika' x @@iij j @@qaaj re
Sub'aaj miij	sub'aaj miij
b'iteen lajoroq,	b'it @@een lajor @@oq
pork in in naji' inchakuun	pork iin iin naj @@i' in @@chaku @@un
naji' inb'e'w,	naj @@i' in @@b'ee @@w
b'iteen	b'it @@een
aq'ab' takoj b'i inw,	aq'ab' ta @@koj b'i iin @@w
parake aq'ab' inb'eek.	parake aq'ab' in @@b'ee @@k
pork ri' tb'eej q'iij	pork ri' t @@b'ee @@j q'iij
mas chaq q'iij,	mas chaq q'iij
mas chaq tk'atoon q'iij	mas chaq t @@k'at @@oon q'iij
inaq'an b'i b'aq witz.	in @@aq'an b'i b'a @@q witz
Entonses.	entoonses
Jaan.	jaan
Tche' mre q'apoj ánm,	t @@che' m @@re q'apoj ánim
aq'ab' tb'iit,	aq'ab' t @@b'iit
aq'ab' tb'iit,	aq'ab' t @@b'iit
aq'ab' tran b'i jwaa jqaaj	aq'ab' t @@r @@an b'i j @@waa j @@qaaj
i tki'koot tb'ee jqaaj le chaak,	i t @@ki'koot t @@b'ee j @@qaaj le chaak
bay tb'antaj chik li,	baa t @@b'an @@taj chik li
re xi'jqaaj li chaak	re x @@i' @@j @@qaaj li chaak
laq k'eche'laaj.	laq k'ichelaaj
Mjoor tiki'koot	mjoor ti @@ki'koot
b'esel q'iij tqeejch jqaaj,	b'esel q'iij t @@qej @@ch j @@qaaj
rik'iil jun b'estyaad sii'	r @@ik'iil jun b'estyaad sii'
i rik'il tijk'amchich jun b'estyaad q'ooq'.	i r @@ik'il ti @@j @@k'am @@chi @@ch jun b'estyaad q'ooq'
Jor tiki'koot mre ánm, tyuqi' li jqaaj li,	jor ti @@ki'koot m @@re ánim t @@yu' @@i' li j @@qaaj li
xya' rk'a'	x @@ya' r @@k'a'
xya' juntiir.	x @@ya' juntiir
Xna' serbiir jqaaj,	x @@n @@a' serbiir j @@qaaj
baya ya despwes li,	baya ya despwes li
saqar chi' li lajkaab' q'iij,	saq @@ar chi' li la @@j @@kaab' q'iij
xi' chi' jqaaj chik.	x @@i' chi' j @@qaaj chik
Bay xpe re.	bay x @@pe re
A takoj acho'b'aq miij,	a t @@a @@koj a @@cho'b' @@aq miij
takowlaaj awpisaq.	t @@a @@kow @@l @@aa @@j aw @@pis @@aq
Ta tzak jun qaq'ooq',	t @@a tzak jun qa @@q'ooq'
pork ooj syempr kosolkooji' xojqeej laq chaak.	pork ooj syempr kos @@ol @@k @@ooj @@i' x @@oj @@qeej laq chaak
Jaan.	jaan
Tche' mre ánm,	t @@che' m @@re ánim
xoki' li	x @@ok @@i' li
jor tiki'koot	jor ti @@ki'koot
xtzak re jq'ooq'.	x @@tzak re j @@q'ooq'
Bay xqeejch jqaaj	bay x @@qej @@ch j @@qaaj
xtij,	x @@tij
xqeejch jqaaj chich li chaak chik,	x @@qeej @@ch j @@qaaj chi @@ch li chaak chik
k'amol chich jun bestyaad sii' jwi'l chik,	k'am @@ol chi @@ch jun bestyaad sii' j @@wi'l chik
joor tki'koot re ánm wi' jsii',	joor t @@ki'koot re ánim wi' j @@sii'
re re re re kojb' jq'oor,	re re re re koj @@b' j @@q'oor
re tzekb're re jtzako'n.	r @@e (tzekb're) r @@e j @@tzak @@o'n
Antoses ya despwes li,	aantoses ya despwes li
mjoor tzii xan mre ánm,	mjoor tzii x @@an m @@re ánim
mjoor tki'koot	mjoor t @@ki'koot
kondo jqaaj tchakun aq'ab'.	kondo j @@qaaj t @@chaak @@un aq'ab'
E jenon re re peen jb'aniik re jpoop,	e jenon re re pena j @@b'an @@ik re j @@poop
rijpeen b'anik re ropiisa,	ri @@j @@peen b'an @@ik re r @@opiisa
baya pe chik jchuuch chik	baya pe chik j @@chuuch chik
t'ijre.	t'ij @@re
Koj achoq'b'aq miij,	koj a @@choq'aab' @@aq miij
pork a qaaj ya tqeej le chaak.	pork a qaaj ya t @@qej le chaak
Kaye man a poop kla',	ka @@ye man a poop kla'
marita li qas apeenaq,	ma @@rita li qas apeen @@aq
pork a qaaj	pork a qaaj
naji' tpe'w laq chaak,	naj @@i' t @@pe @@w laq chaak
i tchqeej jchi' tyuuq.	i t @@cheqej j @@chi' t @@yuuq
Jaan.	jaan
Tche' re ánm,	t @@cha' re ánim
xch'aja' ra jtzi li,	x @@ch'aj @@a' ra j @@tzi li
xchaqa' li re ruk'a' jqaaj,	x @@chaq @@a' li re ruk' @@a' j @@qaaj
xime' re jxaar,	x @@im @@e' re j @@xaar
xch'aja' li	x @@ch'aj @@a' li
xkoja' ruk'a' jqaaj.	x @@koj @@a' r @@uk' @@a' j @@qaaj
Jor ki'kotem wiw ranm ra ánm.	jor ki'kot @@em wi @@w r @@anm ra ánim
Por ke jqaaj	por ke j @@qaaj
mjoor ajchaak kirtyaan,	mjoor aj @@chaak kirtyaan
mjoor ajchaak wunaq	mjoor aj @@chaak wunaq
k'amolch raj sii',	k'am @@ol @@ch ra @@j sii'
k'amolch raj q'ooq',	k'am @@ol @@ch ra @@j q'ooq'
tos kla' k'u li	tos kla' k'u li
mre ánm tiki'koot	m @@re ánim ti @@kikoot
jpech jchuuch.	j @@pech j @@chuuch
Bay ya despwes li,	bay ya despwes li
kwando, kwando xk'uli' jun xib'aal,	kwando kwando x @@k'ul @@i' jun xib'aal
nab'ee qas nab'eaal,	nab'ee qas nab'e @@aal
tosos xtok jun,	tosos x @@tok jun
xtok ánm,	x @@tok ánim
atoso kwando xtok ánm.	atoso kwando x @@tok ánm
Dyunabes mas xan k'ex re mare q'apooj,	dyunabes mas x @@an k'ex re ma @@re q'apooj
porke mare q'apooj	porke ma @@re q'apooj
mjoor tzi li,	mjoor tzi li
per kon xta' rixoqil man jxib'aal,	per kon x @@ta' r @@ixoqil man j @@xib'aal
mas xijye' malaa bida re.	mas x @@i @@j @@ye' malaa bida re
Ta' ta'chi' utziil,	ta' ta'ch @@i' utz @@iil
ta'chi' keko'temaal wi' mre ánm,	ta'ch @@i' keko't @@em @@aal wi' m @@re ánim
por ke jwi'l man alib'xeel.	por ke j @@wi'l man alib' @@xel
I ya man alib'xeel	i ya man alib @@xel
ri' chaq re joor tran jk'a'nuul,	ri' chaq r @@e joor t @@r @@an j @@k'a'n @@uul
ma ri' ta' chiki' bale mre ánm.	ma ri' ta' chik @@i' bale m @@r @@e ánim
Antose kla' k'u li	antose kla' k'u li
mas xen desesperaar ra ánm,	mas x @@en desesperaar ra ánim
mas xb'isoon mára ánm,	mas x @@b'is @@on má @@ra ánim
porke ta'chi' tzi tb'an re.	porke ta' @@ch @@i' tzi t @@b'an re
Ya xk'exmaji' man no'j,	ya x @@k'ex @@maj @@i' man no'j
majita' chi' non kon,	ma @@ji @@ta' chi non kon
chapka' kon chapka' wi' rik'an aq,	chap @@ka' kon chap @@ka' wi' r @@ik'an aq
laj rchooch jqaaj jchuuch aq,	laj r @@chooch j @@qaaj j @@chuuch aq
mas xyoojmaj	mas x @@yoojma @@j
kwando man alib'xeel xyuuq.	kwando man alib' @@xeel x @@yuaq
Mas ch'o'j tren,	mas ch'o'j t @@r @@en
toses kla' k'u li tijb'iij jchuuch re.	toses kla' k'u li ti @@j @@b'iij j @@chuuch re
Mari'ta tab'an taq kas re man man awálb'aq,	ma @@ri @@ta t @@a @@b'an taq qas re man man aw @@alib' @@aq
ri' aat awetaami'n nen mood jtzuqiik aqaaj,	ri' aat aw @@etaam @@i'n nen modo j @@tzuq @@iik a @@qaaj
nen mood oojwii'n.	nen mood ooj @@wii'n
Tche' jchuuch re.	t @@che' j @@chuuch re
jaan tche' mre ánm,	jaan t @@che' m @@re ánim
kewlaj taq	kewlaj taq
xi' aqaajaq xe' witz,	xi' a @@qaaj @@aq xe' witz
mariita' tkub'ar awánm chib' man alib'xeel.	ma @@rii @@ta' t @@kub' @@ar aw @@ánim chib' man alib' @@xeel
Ch'aj rib' atziaq,	ch'aj r @@ib' a @@tzi @@aq
koj taq jkab'laj aqaaj,	koj taq j @@kab'laj a @@qaaj
pork ya tb'ee waa ajsik.	pork ya t @@b'ee waa ajsik
Jaan tche' re ánm,	jaan t @@che' re ánim
xoki' li re ánm chijch'ajiik re jtzi,	x @@ok @@i' li re ánim chi @@j @@ch'aj @@ik re j @@tzi
ch'ajmaj re jtzi jwi'l,	ch'aj @@maaj re j @@tzi j @@wi'l
xoki' chij ch'ajiik re jkaa'.	x @@ok @@i' chi @@j ch'aj @@iik re j @@kaa'
Bay xch'ajmaj ra kaa',	bay x @@ch'aj @@maaj ra kaa'
xooki' li chij chaqiik jun kukub' tzee.	x @@ook @@i' li chi @@j chaq @@ik jun kukub' tzee
Bay ya despwes li,	bay ya despwes li
chaqmaj jun kukub' tzi,	chaq @@maaj jun kukub' tzi
mjoor k'a'n man alib'xeel,	mjoor k'a'n man alib' @@xeel
xpeet	x @@peet
xpee chik man re chik,	x @@pee chik man re chik
xch'aj chik jun kiitz jtzi,	x @@ch'aj chik jun kiitz j @@tzi
xch'ajmaj jtzi li,	x @@ch'aj @@maj j @@tzi li
tril tijiin rel ánm	t @@r @@il tijiin rel ánim
ya xchaqmaji' jun kukub' jtzi jwi'l,	ya x @@chaq @@maj @@i' jun kukub' j @@tzi j @@wi'l
jwi'l man retzel re,	j @@wi'l man r @@etzel re
jwi'l man jkisiyl re,	j @@wi'l man j @@kisiy @@l re
pet xok chij ch'ajiik man jkaa'	pet x @@ok chi @@j ch'aj @@iik man j @@kaa'
i t'oj b'i jtz'ilool jkaa' ralaaj jq'oor mre ánm.	i t'oj b'i j @@tz'il @@ool j @@ka' r @@alaaj j @@q'oor m @@re ánim
Bay xpek'u retzel mere ánm.	baay x @@pe @@k'u r @@etzel me @@re ánim
Kita' lugaar ta t'ojch tz'iil ralaaj inq'oor,	kita' lugaar ta t'oj @@ch tz'iil r @@alaaj in @@q'oor
porke iin ch'ajch'aan inchapón	porke iin ch'ajch'aan in @@chap @@on
tche' me re q'apooj re.	t @@che' me re q'apooj re
I keta' tekojoon	i keta'n te @@kojoon
xtix man jtz'ilool jakaa' ralaaj jq'oor,	x @@tix man j @@tz'il @@ool (jakaa') r @@alaaj j @@q'oor
xpek'u retzel mre ánm.	x @@pe @@k'u r @@etzel m @@re ánim
Tixíqe b'i jun paak' upé'ml	tixi @@qe b'i jun paak' upé'ml
la' jkayb'al man alib'xeel.	la' j @@kayb'al man alib @@xeel
Bay xpek'u li man alib'xeel,	bay x @@pe @@k'u li man alib' @@xeel
xpet xmolkochiij chij b'aa mre q'apooj ánm,	x @@pet x @@molkochii @@j chi @@j b'aa m @@re q'apooj ánim
i antoses xantaj li,	i antoses x @@an @@taj li
ril jchuuch ke mjita' tzi tran.	r @@il j @@chuuch ke m @@jiita' tzi t @@r @@an
Xpee chuuch	x @@pee chuuch
xyu sek'e' ma re rik'laal	x @@yu' sek' @@e' ma re r @@ik'laal
chi xik'a'y.	chi xik'a'y
Re li awopisaq,	r @@e li aw @@opis @@aq
ri li achak,	ri li a @@chaak
ri apen ataq chepowíb' apenaq,	ri apen a @@taq (chepowíb) apeen @@aq
makata' apenaq jwaa aqaaj,	ma @@kata' apeen @@aq j @@waa a @@qaaj
ya xi' q'iij,	ya xi' q'iij
rechaq li chaaki' tijin taq	rechaq li chaak @@i' tijin taq
i chaaki' tijin axib'aal,	i chaak @@i' tijin a @@xib'aal
axib'aal ma kub'ureemta' tijin tren rechaq,	a @@xib'aal ma kub'ur @@eem @@ta' tijin t @@r @@en rechaq
noke rechaq li	noke rechaq li
chaaki tetijin taq.	chaak @@i' te @@tijin taq
Koj achóq'b'aq	koj a @@chóq'b' @@aq
ya xi' q'iij.	ya xi' q'iij
Jaan che' re ánm.	jaan che' re ánim
Xok che oq'eej mre ánm,	x @@ok che oq' @@eej m @@re ánim
por ke jwi'l man aleb'xeel,	por ke j @@wi'l man aleb' @@xeel
xtiij xik'a'y.	x @@tiij xik'a'y
Ruk' taq oq'eej,	ruk' taq oq' @@eej
xkoj b'i jwaa mre ánm.	x @@koj b'i j @@waa m @@re ánim
Ruk' taq oq'eej	ruk' taq oq' @@eej
xchapon b'ik,	x @@chap @@on b'ik
antons xpe mre ánm,	antons x @@pe m @@re ánim
kom wi' chki' jun retz,	kom wi' chki' jun retz
nab'eaal,	nab'e @@aal
koj achóq'b' oom	koj a @@choq'b' oom
inat'owe' chij b'aniik walmweers,	in @@a @@t'ow @@e' chi @@j b'an @@ik w @@almweers
chij b'aniik kab'lujuuj,	chi @@j b'an @@ik kab'lujuuj
pork ya xi' q'iij,	pork ya xi' q'iij
ri oj taw wuka tiyajoni' qataat,	ri oj taw wuka' ti @@yaj @@on @@i' qa @@taat
tcheqej jchi' qataat,	t @@cheqej j @@chi' qa @@taat
tjiin taq le chaak,	tjiin taq le chaak
jaan.	jaan
tcha' mre retz xyut'ónoq,	t @@cha' m @@re r @@etz x @@yuq @@t'o @@noq
bay kwand ril man aleb'xeel jinon li,	bay kwand r @@il man aleb' @@xeel jilon li
loke xan re,	loke x @@an re
xook chij mesiik jch'aat,	x @@ook chi @@j mes @@ik j @@ch'aat
xkub'ar chi' ch'aat	x @@kub' @@ar chi' ch'aat
chij ye'iik jtu' rek'laal.	chi @@j ye' @@ik j @@tu' r @@ek'laal
Mokita' chi' xen pensaar xt'o'n b'ik,	mo @@kita' chi' x @@en pensaar x @@t'o' @@n b'ik
chi jb'aniik kab'lujuuj,	chi j @@b'an @@iik kab'luluuj
antonse kond riil jchuuch mre ánm jiloon li,	antonse kond r @@iil j @@chuuch m @@re ánm jilon li
xpeet xyu jok'e' ra iik	x @@peet x @@yu' jok' @@e' ra iik
wach ka',	wach ka'
xan jwa'x xtzak li ra b'o'j	x @@an j @@wa'x x @@tzak li ra b'o'j
xantaj b'ik xeek',	x @@an @@taj b'ik xeek'
xantaj b'ik	x @@an @@taj b'ik
xyu jt'o'we' rek'laal che jb'aniik almwers,	x @@yu' j @@t'o' @@we' r @@ek'laal che j @@b'an @@iik almwers
xantaj li	x @@an @@taj li
i man ánm kub'uli' chi' ch'aat,	i man ánim kub'ul @@i' chi' ch'aat
mkta' chi' xt'o'n.	m @@kta' chi x @@t'o' @@n
Bay xpee jchuuch	bay x @@pee j @@chuuch
xan jwa kub'lujuuj	x @@an j @@wa kub'lujuuj
xe' b'i jun tunaaj waa,	x @@e' b'i jun tun @@aaj waa
xye' b'i jun xaar ja'q'oor	x @@ye' b'i jun xaar ja' @@q'oor
i xye' b'i jun tzak b'i iik,	i x @@ye' b'i jun tzak b'i iik
q'utum iik,	q'utum iik
xe' jun to'l waa,	x @@e' jun to'l waa
peen xe' rel ánm trelaaj	peen xe' rel ánm t @@r @@elaaj
xijye' kub'lujuuj,	x @@i @@j @@ye' kub'lujuuj
seb'laaj tuooq'.	seb'laaj tu @@ooq'
Oq'eej jwiich mre ánm xtaaw le chaak,	oq' @@eej j @@wiich m @@re ánim x @@taaw le chaak
kond xtaaw le chaak,	kond x @@taaw le chaak
xpee jqaaj xiij re,	x @@pee j @@qaaj x @@iij re
neen xata'w miij xatpeti'n.	neen x @@a @@ta'w miij x @@at @@pet @@i'n
xinpeti'n taat	x @@in @@pet @@i'n taat
tij taq waa	tij taq waa
che' mre ánm	che' m @@re ánim
I neen cheek awk'aan xatpeetk miij.	i neen cheek aw @@k'aan x @@at @@pet @@ik miij
ji'n wk'aan xintáqch innaan,	ji'n in @@naan (xintáqch) (innaan)
¿ta' xpee a chuuch?	ta' x @@pet a chuuch
tche' jqaaj re ánm.	t @@che' j @@qaaj re ánim
No keta' xpee inchuuch	no kita' x @@pe in @@chuuch
xaq in xintaqch,	xaq in x @@in @@ta' @@aq @@ch
a	a
tij taq waa b'an,	tij taq waa b'an
ta' xpee re,	ta' x @@pee re
xsik'iij jk'ajool,	x @@sik'iij j @@k'ajool
xtzaj taq miij,	x @@tzaj taq miij
tij taq waa,	tij taq waa
xyuqi' awanab'aq rik'i qaaw.	x @@yu @@i' aw @@anab' @@aq r @@ik'il qa @@aw
Tche' jqaaj.	t @@che' j @@qaaj
jaan tche',	jaan t @@cha'
xpeet tnatuun wunaq	x @@peet t @@natun wunaq
ke kita' xtaaw rexóql,	ke kita' x @@taaw r @@ixóql
ke xaq re ranaab' xtaw chij ye'iik waa.	ke xaq r @@e ??? x @@taw chi @@j ye' @@iik waa
Bay despwes de ese li,	bay despwes de ese li
pee mre ánm	pee m @@re ánim
xk'am juraj paak',	x @@k'am ju @@ra @@j paak'
xook chej resájk	x @@ook che @@j r @@esá @@j @@ik
re re riikaq,	re re r @@iik @@aq
xok taq chi wiik'.	x @@ok taq chi wiik'
A per joor tb'isoon	a per joor t @@b'ison
xok chi wiik',	x @@ok chi wiik'
porke kita' xtaw roxoqol,	porke kita' x @@taw r @@oxoqol
xaq mre ánm oq'eej jwiich xtaaw.	xaq m @@re ánm oq' @@eej j @@wiich x @@taaw
Bay xantaj li	bay x @@an @@taj li
xwi'n taq,	x @@wi'n taq
tijmaaj jwa li.	ti @@j @@maaj j @@wa li
A miij tijaaw at miij,	a miij tij @@aaw at miij
maxaqta oj ojwi'n	ma @@xaq @@ta' oj oj @@wi'n
sub'laaj waa xak'amch miij,	sub'laaj waa x @@a @@k'am @@ch miij
sab'er neen cheek li	saber neen cheek li
sub'laaj aal a weqa'n xatpeet,	sub'laaj aal a w @@iqa'n x @@at @@pet
tij awat,	tij aw @@aat
atb'isoon twilin.	at @@b'is @@oon t @@wi'l @@in
Che' jqaaj re ánm.	che' j @@qaaj re ánim
No taat inkita' inb'isoon,	no' taat in @@kita' in @@b'is @@oon
kiktomaal petzelkiin ralaaj awaq.	kiktom @@aal petz @@el @@k @@iin r @@alaaj aw @@taq
Che re ánm.	che re ánim
Ta'n miijaa tijawb'an.	ta'n miijaa tij @@aw @@b'an
Jaan che re ánm xwi'n,	jaan che re ánim x @@wi'n
xk'is jsobre jqaaj,	x @@k'is j @@sobre j @@qaaj
raj sobre riik jqaaj	ra @@j sobre r @@iik j @@qaaj
xye' re re jrab'iin,	x @@ye' r @@e r @@e j @@rab'iin
i xtij re jwa,	i x @@tij re j @@wa
peer joor tib'isoon re ánm.	peer joor ti @@b'isoon r @@e ánim
Etons jqaaj rila'n	etons j @@qaaj r @@il @@a'n
joor tb'isoon,	joor t @@b'isoon
ya xtijmaj re jwaa li,	ya x @@tij @@maa @@j re j @@waa li
xk'amwaaj re jwa re jqaaj,	x @@k'amwaaj re j @@wa r @@e j @@qaaj
xantaj li.	x @@an @@taj li
Ay miij ya xoj wi'ni'n,	ay miij ya xoj wi'n @@i'n
lojori miij,	lojori miij
tak'am b'i inmoor miij,	ta @@k'am b'i in @@moor miij
at ek b'i ameech jun b'oraaj qatzam ch'iim,	at ek b'i a @@mee @@ch jun b'oraaj qa @@tzam ch'iim
le suwaan.	le suwaan
I at taaw miij,	i at taaw miij
ta b'ii re a chuuch	ta b'ii r @@e a chuuch
tran jun b'o'j qab'och'b'o'l re qasíneer.	t @@r @@an jun b'o'j qa @@b'och'b'o'l r @@e qa @@síneer
Che che re jrab'iin,	che che re j @@rab'iin
k'am b'i inmoor porke mi b'i aye'q'e' ka'n,	k'am b'i in @@moor porke mi b'i a @@ye'q @@e' ka'n
ta wil a b'ee,	t @@aw il a b'ee
Tche' re jrab'iin.	t @@che' re j @@rab'iin
Jaan teche'.	jaan te @@che'
jaan tche' re jrab'iin,	jaan t @@che' r @@e j @@rab'iin
pee mjoor tb'isoon re jrab'iin,	pee mjoor t @@b'is @@oon re j @@rab'iin
por ke ch'o'ji' jb'iik xe'k'.	por ke ch'o'j @@i' j @@b'ik xe' @@ik
joor tb'isoon re jrab'iin xe'k',	joor t @@b'is @@on re j @@rab'iin x @@e' @@k
antonses xqeejch,	antonses x @@qeej @@ch
xk'amch jun b'oraaj jtzam ch'im,	x @@k'am @@ch jun b'oraaj j @@tzam ch'im
ajruk' re' xyuuq,	aj @@ruk' re x @@yu'
il k'ut tamb'ij chawe miij,	il k'ut t @@am @@b'ij ch @@aw @@e miij
mjoor galan íchij	mjoor galan ichij
inche' chawe.	in @@che' ch @@aw @@e
Ji' taat	ji' taat
galaan íchij taat.	galaan íchij taat
iyk'u li miij, k'am b'iik	iy @@k'u li miij k'am b'iik
i tatok b'ik jun b'oraaj a xaaq ab'iix,	i t @@a @@tok b'ik jun b'oraaj a xaaq ab'iix
taban jun b'o'j qasub'an.	t @@a @@ban jun b'o'j qa @@sub'an
Tche' re jrab'iin,	t @@che' r @@e j @@rab'iin
jaan tche' re jrab'iin.	jaan t @@cha' re j @@rab'iin
K'amch jun b'oraaj xaq ab'iix,	k'am @@ch jun b'oraaj xaq ab'iix
i xpeet i kwando xyuq,	i x @@peet i kwando x @@yu'
kwand xyuq,	kwand x @@yuq
b'isoon mre ánm.	b'is @@oon m @@re ánim
K'amolch jun chikech íchij,	k'am @@ch jun chikech ichij
k'amol jun seb'laaj xaaq ab'iix chib' re jchíkch,	k'am @@ol jun seb' @@l @@aaj xaaq ab'iix chib' re (jchíkch)
mas re jb'o'j,	mas re j @@b'o'j
mas re jxaar,	mas r @@e j @@xaar
mas tre jlaaq,	mas t @@re j @@laaq
mas re jto'laal jwaa.	mas r @@e j @@to'l @@aal j @@waa
Aal riqa'n re ánm xqeejch,	aal r @@iqa'n re ánim x @@qeej @@ch
bay kwand xyuq	bay kwand x @@yu'
keta' chiki' man alib'xeel.	keta' chik @@i' man alib' @@xeel
Bay xpeet xta re retz,	bay x @@peet x @@ta re retz
b'an jun toq'ob' wetz	b'an jun toq'ob' wetz
la chiki' xe' man ánm.	la chik @@i' xe' man ánim
Saber man ánm xi'n.	saber man ánim xi @@'n
Muk'u le ch'ojniik,	muk'u le ch'oj @@n @@ik
muk'u chi rchooch,	muk'u chi r @@ichooch
per man ánm xii'n.	per man ánim x @@i @@i'n
¿Tz'eet tab'iij xi' man ánm?	tz'eet t @@a @@b'iij xi' man ánim
xii'n,	x @@i @@i'n
¡ay!	ay
b'i wile' na,	b'i w @@i'l @@e' na
inwetami' lamaas wi' man ánm li,	in @@w @@etam @@i' lamaas wi' man ánim li
wetami' la mas xe'w,	w @@etam @@i' la mas x @@e' @@w
b'ini wile' na,	b'i @@ni w @@il @@e' na
porke tiyuq qaqaaj wka,	porke ti @@yuq qa @@qaaj wka
saber jurub' tyu rene' chwe,	saber jurub' t @@yu' re @@ne' ch @@we
porke porke kita' chiki' rexóql	porke porke kita' chik @@i' r @@ixoql
man qawetz'.	man qa @@wetz
Jaan che'.	jaan che'
Xe' jol re ánm.	xe' jol re ánim
xtaaw re ánm rik'i jtiit'.	x @@taaw re ánim r @@ik'il j @@tiit'
b'an jun toq'ob' chwe tiit'.	b'an jun toq'ob' ch @@we tiit'
¿mokónta' xawil mokónta' xq'aax man ánm?	mo @@kont @@a' x @@aw @@il mo @@kont @@a' x @@q'ax man ánim
Xq'aaxi'n miij,	x @@q'ax @@i'n miij
xná b'i jun kiitz jch'ojniik chi ja',	x @@na' b'i jun kiitz j @@ch'oj @@n @@ik chi ja'
xqej inkukub',	x @@qej in @@kukub'
resaji' jun kukub' ja',	re @@sáj @@i' jun kukub' ja'
xoki' chi ch'ojniik xwil.	x @@ok @@i' chi ch'oj @@n @@ik x @@w @@il
Peer xwiliin	peer x @@w @@il @@iin
xiq kiib' ruuq rik'laal xch'aj b'ik	xiq kiib' r @@uuq r @@ik'laal x @@ch'aj b'ik
i lojori xi'n.	i lojori x @@i @@i'n
¿Lamas xe'w tiit'?	lamas xe' @@w tiit'
Xii'n mjá b'i b'ee,	xi @@i'n mj @@á b'i b'ee
xii' le nemb'ee.	xii' le nem @@b'ee
Jaan che' re ánm,	jaan che' re ánm
xe' jol	xe' jol
xi'rile' lamas b'esel man alib'xeel.	x @@i' @@r @@il @@e' lamas b'e @@sel man alib @@xeel
Bay kond xtaaw,	bay kond x @@taaw
xte' na man alib'xeel,	x @@te' na man alib @@xeel
ya ník'ej b'ee.	ya ník'ej b'ee
ya man alib'xeel ya tetaaw.	ya man alib' @@xeel ya te @@taw
Toses xpee re ánm xiij re.	toses x @@pee r @@e ánm x @@iij re
Lajori xatyuqi' inte',	lajori x @@at @@yuq @@i' in @@te'
ombre nen cheek xapeet,	ombre nen cheek x @@a @@peet
jo',	jo'
q'ajeem b'ik	q'aj @@eem b'ik
por ke li inwetz tyuq wka,	por ke li in @@wetz t @@yu' wka
sab'er jurub' tyu' rene' chwe.	saber jurub' t @@yu' r @@ne' ch @@we
Li tijb'iij chwe	li ti @@j @@b'iij ch @@w @@e
ke iin xin uqtaan awe,	ke iin x @@iin uqta @@an aw @@e
per ma iinta'n.	per ma in @@ta'n
aat masi' jwert man akisiyl,	aat mas @@i' jwert man a @@kisiy @@l
por ees jinon li ta'an.	por ees jilon li t @@a @@'an
At aat mjoor man at tokoon.	at aat mjoor man at tok @@oon
I aat ati' atelmáj	i aat at @@i' at @@el @@má @@j
tche' re.	t @@che' re
Tche' re man alib'xeel.	t @@che' re man alib @@xeel
A xpee man alib'xeel.	a x @@pee man alib @@xeel
kita' akweent chwe,	kita' a @@kweent ch @@w @@e
in ini' in inb'iik rik'ii inchuuch,	iin iin @@i' iin in @@b'ik r @@ik'i in @@chuuch
porke in wi inchuuch,	porke in wi in @@chuuch
tyene mas	tyene mas
mas libr inb'e rik' inchuuch,	mas libr in @@b'e r @@ik in @@chuuch
parake wiin ak'laq,	parake wi @@i'n á @@k'al @@aq
mjoor inb'e rik'i inchuuch.	mjoor in @@b'e r @@ik'il in @@chuuch
Tche' man ánm.	t @@che' man ánim
A kita'n ombre.	a kita'n ombre
Xpeet man alib'xeel molkochiij mre ánm li b'ee.	x @@peet man alib' @@xeel molkochiij m @@re ánim li b'e
Xpee k'u mre ánm juwi'l ritzel,	x @@pee k'u m @@re ánim j @@uwi'l r @@itzel
xt'oj b'i man rikra'n iqal juwi'l.	x @@t'oj b'i man r @@ikra'n iqa @@l j @@wi'l
Xt'oj b'i le swaan,	x @@t'oj b'i le swaan
xe' man rkra'n le swaan,	xe' man r @@kra'n le swaan
para mintrs xe' man rikra'n le swaan,	para mintrs xe' man r @@ikra'n le swaan
xpee re xch'eleej mare ek'el	x @@pee re x @@ch'ele @@j ma @@re ák'el
xelmájch.	x @@el @@maj @@ch
Xk'amch mare ek'el,	x @@k'am @@ch ma @@re ák'el
ri'ti chi jch'ool re,	ri' @@ti chi j @@ch'ool re
jwi'lt ke jwi'l ke xk'amch man re ek'el,	j @@wi'l @@t ke j @@wi'l ke x @@k'am @@ch man re ek'el
chi jch'ool re li titq'aaj,	chi j @@ch'ool re li tit @@qa'aj
peer man alib'xeel,	peer man alib' @@xeel
per man alib'xeel mkita' xq'ajch.	per man alib' @@xeel m @@kita' x @@q'aj @@ch
Re xii'n	re xi @@i'n
tril mre ánm chi mketa' xq'ajch,	t @@r @@il m @@re ánim chi m @@kita'n x @@q'aj @@ch
tos xq'aj chik mre ánm chik,	tos x @@q'aj chik m @@re ánim chik
iqal ek'el jwi'l.	iqa @@l ák'el j @@wi'l
Mjoor loke xan mre ánm,	mjoor loke x @@an m @@re ánim
xijye' chi rchooch.	x @@i @@j @@ye' chi r @@chooch
I kwando man xtaaw,	i kwando man x @@taaw
xtaaw mre ánm,	x @@taaw m @@re ánim
man alib'xeel kub'ul chaq chi' ch'aat rik'i chuuch.	man alib' @@xeel kub' @@uul chaq chi' ch'aat r @@ik'il chuuch
Ril mre ánm ke ya xi' q'iij,	r @@il m @@re ánim ke ya xi' q'iij
ya mejor xi' q'asaj mare ek'el.	ya mejor xi' q'a @@sáj ma @@re ek'el
Por ke ya xi' q'iij	por ke ya xi' q'iij
xantaj li xijache' ek'el,	x @@an @@taj li x @@i @@jache' ák'el
bay kon xq'ajch,	bay kon x @@q'aj @@ch
kwand xq'ajch mjor chaq iljwiich.	kwand x @@q'aj @@ch mjor chaq il @@j @@wiich
Mjor oq'eej jwiich re ánm.	mjor oq' @@eej j @@wiich re ánim
Pyor ke man alib'xeel xii'n.	pyor ke man alib @@xeel xi @@i'n
Baya ya despwes	baya ya despwes
de es richaq tijtaaw re,	de es ri @@chaq ti @@j @@taaw re
tich'ejej jchuuch b'esel,	ti @@ch'eje @@j j @@chuuch b'esel
¡ Nen xa'an miij!	i nen x @@a @@'an miij
Tche' jchuuch re.	t @@che' j @@chuuch re
xintaqej b'i man awálb',	x @@in @@taqe @@j b'i man aw @@alib'
rititamb'ijin tq'ajch man awálb',	ri @@ti @@t @@am @@b'ij @@in t @@q'aj @@ch man aw @@alb'
peer man awálb' naad kita' xq'ajch.	peer man aw @@alb' naad kita' x @@q'aj @@ch
Puur q'asal man awálb' nana.	puur q'asal man aw @@alb' nana
Jinon ri titaq,	jinon ri ti @@taq
ri re joor titokoon	ri re joor ti @@tok @@oon
i ri' talmaj,	i ri' t @@almaj
tiki wila' iin naan,	tiki w @@il @@a' iin naan
tik wila' in	tik w @@il @@a' iin
tik wila' in saq'oril qe,	tik w @@il @@a' iin saq'or @@il qe
para ke por es jlon li tran.	para ke por es jlon li t @@r @@an
Ti elmaji' jwi'l jsaq'oriil.	ti elma @@j @@i' j @@wi'l j @@saq'or @@iil
Che' mrel ánm re chuuch.	che' m @@rel ánm re chuuch
Ta'n miij b'ona	ta'n miij (b'ona)
man ánm na miij,	man ánm na miij
ri li tijch'ek' aqaaj miij,	ri li ti @@j @@(ch'ek') a @@qaaj miij
ri li ri li ri li jrayb'l aqaaj,	ri li ri li ri li j @@ray @@b'il a @@qaaj
xye' re a xib'aal.	x @@ye' re a xib'aal
Por ke a xib'aal	por ke a xib'aal
yo kree ke ma rita' ánm li raaj.	yo kree ke ma ri @@ta' ánm li r @@aaj
Per kom aqaaji' li,	per kom a @@qaaj @@i' li
nik' rik'il xye'w laj q'aab' jk'ajool.	nik' r @@ik'iil x @@ye' @@w laj q'aab' j @@k'ajool
Porke ilb'aaka' li	porke il @@b'aak @@a' li
ri' tb'anow k'ex chawe chaq.	ri' t @@b'an @@ow k'ex ch @@a @@we chaq
Tche' jchuuch mre ánm re.	t @@che' j @@chuuch m @@re ánm re
Or lojori miij jo'	or lojori miij jo'
qakowlaj b'ik,	qa @@kowla @@j b'ik
pork aqaaj ya tqeejch.	pork a @@qaaj ya t @@qeej @@ch
I a xib'al ya tpeet	i a xib'al ya t @@peet
i loke xiij chawe mir,	i loke x @@ij ch @@aw @@e mir
ji' jo' naan,	ji' jo' naan
porke iin inpeeni'n xiij chwe mir,	porke iin in @@peen @@i'n x @@b'iij ch @@we mir
kita qab'an jb'och'b'o'l inqaaj,	kita' qa @@b'an j @@b'och'b'o'l in @@qaaj
i lajori ajki' chinb'iin.	i lajori ajki' ch @@in @@b' @@i'n
B'a jol tantij neri	b'a jol t @@an @@tij neri
i aki' chin taawi'n,	i aki' ch @@in taaw @@i'n
ji' miij peer jo',	ji' miij peer jo'
qakoje' qachóq'b' miij,	qa @@koj @@e' qa @@choq'b' miij
tzeqáti' ri ojtaaw.	tzeqat @@i' ri oj @@taaw
Che' xnab'eer chuuch mere rik'laal,	che' x @@nab'e @@er ch @@uuch me @@re r @@ik'laal
bay xyuq la jaa,	bay x @@yuq la jaa
wi' jk'aay jxib'aal.	wi' j @@k'aay j @@xib'aal
Ra juun kab'xeel wi' jk'aay,	ra jun kab' @@xeel wi' j @@k'aay
resaj taq jun aaw,	r @@e @@sáj taq jun aaw
xtij taq jwi'l jcheqej chi'aq.	x @@tij taq j @@wi'l j @@cheqej chi' @@aq
Bay xpe chik re retz chik,	bay x @@pe chik re retz chik
bay xatzakni' richaaj qataat,	bay x @@a @@tzak @@ni' r @@ichaaj qa @@taat
porke ya tqeej,	porke ya t @@qeej
Tche' re retz.	t @@che' re r @@etz
Xintzaka'n.	x @@in @@tzak @@a'n
Koj achóq'b'aq	koj a @@choq'b' @@aq
porke ya tpee aqaajaq.	porke ya t @@pee a @@qaaj @@aq
Tche'.	t @@che'
jaan tche',	jaan t @@che'
xkoj jchóq'b',	x @@koj j @@choq'b'
xkoj jchóq'b'	x @@koj j @@choq'b'
re jb'aniik man opiis.	re j @@b'an @@ik man opiis
pok ya jqaaj tk'ooq wi' wi'jaal,	pok ya j @@qaaj t @@k'oq wi' wi'jaal
i xib'aal petzeli' retzel tril ta'chiki' rixóql.	i xib'aal petze @@li' r @@etzel t @@r @@il (ta'chiki') r @@ixoql
Xkoj jchoq'b'aq,	x @@koj j @@choq'ab' @@aq
bay xantaj li	bay x @@an @@taj li
xpee chik re chik,	x @@pee chik re chik
xqeejch jqaaj,	x @@qeej @@ch j @@qaaj
tij waa taat.	tij waa taat
Tche' re.	t @@che' re
Jaan tij tij waa.	jaan tij tij waa
Tche' re jxib'aal.	t @@che' re j @@xib'aal
jaan tche'	jaan t @@che'
man jxib'aal,	man j @@xib'aal
tnatuun tnatuun man xib'aal	t @@natun t @@natun man xib'aal
ta' chiki' rixoqol.	ta' chik @@i' r @@ixoqol
Ta' chiki' nada,	ta' chik @@i' nada
jaan.	jaan
Xpe retzel man xib'al,	x @@pe r @@etzel man xib'al
xpee re xij re,	x @@pee re x @@ij re
tij waa matb'isónk.	tij waa m @@at @@b'is @@on @@k
¿ruk' awálb' naan?	ruk' aw @@alib' naan
Che' re jchuuch.	che' re j @@chuuch
At awetaami' jno'j man awxóq'l,	at aw @@etaam @@i' j @@no'j man aw @@xoq'l
ji qe non re li,	ji qe non re li
xentáj chiki b'i che rchooch.	x @@en @@taj chik @@i' b'i che r @@chooch
A jaan,	a jaan
tos xi'chiki' awálb',	tos xi' @@chik @@i' aw @@alib'
Che' rechejiil rka' re,	che' r @@echejiil rka' re
ji'n xichiki'n,	ji'n x @@i @@chik @@i'n
kom ri' li a rayb'l	kom ri' li a rayb' @@il
xaye' re ak'ajool,	x @@a @@ye' re a @@k'ajool
pwes ri' li,	pwes ri' li
ri' li chawaj.	ri' li ch @@aw @@aj
Tij ch'ujursaaj wk'laal laj wchooch,	tij ch'uju @@r @@sa @@j w @@ik'laal laj w @@ichooch
ilb'aaka' li	il @@b'ak @@a' li
xelmáji b'ik.	x @@el @@maj @@i b'ik
Xi' chiki' chi rchooch,	xi' chik @@i' chi r @@chooch
a b'onaq oombr	a b'onaq oombre
ketaan ánm,	ketaan ánim
b'onaq b'onaq,	b'onaq b'onaq
ánm tene' ma wi',	ánm te @@ne' ma wi'
jweert ánm.	jweert ánim
B'i injek'e' chich jun re ink'ajool chweeq' kab'iij.	b'ik in @@jek' @@e' chi @@ch jun re in @@k'ajool chweeq' ka @@b'iij
Tche' jqaaj re rexoqil,	t @@che' j @@qaaj re r @@exoqil
jaan xentaaj k'u li,	jaan x @@en @@aaj k'u li
xe' q'iij xok aq'aab',	xe' q'iij x @@ok aq'aab'
xtaaw jun k'ojool la jaa,	x @@taaw jun k'ojool la jaa
xook chij loq'iik jun kaaj serbes,	x @@ook chi @@j loq' @@ik jun kaaj serbes
xok chej q'ab'arsájk man wunaq,	x @@ok che @@j q'ab'ar @@sáj @@ik man wunaq
loke tb'isónk de ke xe' rexóqol.	loke t @@b'is @@on @@ik de ke xe' r @@ixoqol
Bay xtijmaj man serbees li,	bay x @@tij @@maj man serbess li
xq'ab'arsaj jqaaj mre q'apooj ánm,	x @@q'ab'ar @@sáj j @@qaaj m @@re q'apooj ánim
q'ab'ar mre q'apooj	q'ab'ar m @@re q'apooj
q'ab'ar jqaaj mre q'apooj ánm.	q'ab'ar j @@qaaj m @@re q'apooj ánm
Per man k'ojool	per man k'ojol
ri' q'apooj ánmi' tij rayej,	ri' q'apooj ánm @@i' ti @@j raye @@j
i mre q'apooj,	i m @@re q'apooj
i mre q'apooj ánm,	i m @@re q'apooj ánm
komo ke xi' jwiich chi riij man wunaq,	komo ke xi' j @@wiich chi r @@iij man wunaq
porke b'isi' wi'w,	porke b'is @@i' wi' @@w
jwi'l man alib'xeel,	j @@wi'l man alib' @@xeel
antose xantaj li.	antose x @@an @@taj li
q'ab'arsajk taq bay,	q'ab'ar @@sáj @@ik taq bay
q'ab'arsaj jb'álk,	q'ab'ar @@sáj j @@b'alk
xq'ab'arsaj man wunaq	x @@q'ab'ar @@sáj man wunaq
loke xe' rixóql.	loke xe' r @@ixoql
Kita' at b'isoon,	kita' at b'is @@oon
xaq jun aq'ab' lajori li atb'ison,	xaq jun aq'ab' lajori li at @@b'is @@on
chweeq' li tib'i ajek'e'ch man awixóqol,	chweeq' li ti @@b'i a @@jek' @@e' @@ch man aw @@ixoqol
xaq lojori mat b'isoon	xaq lajori mat b'is @@on
mat b'isoon	mat ab'is @@oon
tij aserbes i atwer.	tij (aserbes) i at @@wer
A che' man wunaq	a che' man wunaq
xok chi oq'eej,	x @@ok chi oq' @@eej
t'oq' tb'isoon pork xi' rixóqol.	t @@oq' t @@b'is @@oon pork xi' r @@ixoqol
Chweq' t'i'ame' awxóqil oom,	chweq' t'i @@'am @@e' aw @@xóqil oom
chweeq' t'i'ame' awxóqil mat b'isoon.	chweeq' t'i @@'am @@e' aw @@xóqil mat b'is @@oon
Tche' re,	t @@che' re
jaan,	jaan
bay ruk' man k'ojool,	bay ruk' man k'ojol
bay re si xana' tantear traag,	bay re si x @@an @@a' tantear traag
por kom ri' re q'apooj ánm raaj.	por kom ri' re q'apooj ánm r @@aaj
Bay antaj li	bay an @@taj li
jwi'l li,	j @@wi'l li
saqar la jkaab' q'iij,	saq @@ar la j @@kaab' q'iij
wi' goom re	wi' goom re
xeek' xe' jmeech' man roxóqil,	xee @@k' xe' j @@mee @@ch' man r @@xóqil
jo' ombr	jo' ombr
nen cheek xat peet.	nen cheek x @@at' peet
Xinpeeti'n	x @@in @@peet @@i'n
porke jinon ri tren maq awanaab' chwe,	porke jilon ri t @@r @@en maq aw @@anaab' ch @@we
por ees iin mkta' chi' inb'ek.	por eso iin m @@kta' chi' in @@b'e @@k
Tche' re rechijiil,	t @@che' re r @@echijiil
jo' oombr	jo' oombr
jo' (trna') ta' tzi riliik mkita' waat.	jo' (trna') ta' tzi r @@il @@iik m @@kita' w @@aat
Xaq re wanab' oj tzuqúw	xaq r @@e w @@anab' oj tzuq @@úw
i jinon li k'ur jwiich re wanab',	i jilon li k'ur j @@wiich re w @@anab'
tq'ajmaaji' riij	t @@q'aj @@maaaj @@i' r @@i'j
por ke ajki' ri'ji'n,	por ke ajki' ri'j @@i'n
i sub'laaj aal rikra'n xe' ye' qáw íwir.	i sub'laaj aal r @@ikra'n xe' ye' qa @@aw íwir
Ruk' aat kita' chiki' waat.	ruk' aat kita' chik @@i' waat
Che' re man rxóqil.	che' re man r @@ixoqil
No' in kita' chiki' inb'eek,	no' iin kita' chik @@i' in @@b'e @@ik
porke ílb'aka' ri titaq maq awanaab',	porke il @@b'aka' ri ti @@taaq maq aw @@anaab'
sub'laaj tyajoon taq,	sub'laaj t @@yaj @@on taq
sub'laaj ta' tzi tril taq.	sub'laaj ta' tzi t @@r @@il taq
Por aat ajmaak,	por aat aj @@maak
iin xiij inchuuch chwe,	iin x @@ij in @@chuuch ch @@we
aat ajmaak,	aat aj @@maak
jtz'ilool ka' tat'oj ralaaj jq'oor wanab',	j @@tz'il @@ool ka' t @@a @@t'oj ralaaj j @@q'oor w @@anab'
por eso wanab'	por eso w @@anab'
re li anteer kirtyani' jchuuch,	re li anteer kirtyaan @@i' j @@chuuch
anteer kirtyaani' jqaaj.	anteer kirtyaan @@i' j @@qaaj
Re li mketa' tijtij tz'iil.	re li m @@kita'n ti @@j @@tij tz'iil
Seguro at ji'no atwi'n laj awchoochaq,	seguro at jii'n at @@wi'n laj aw @@chooch @@aq
por es jinon li atchapoon.	por es jilon li at @@chap @@on
Tche' re man rxóqil.	t @@cha' re man r @@ixoqil
Xook chij b'aniik,	x @@ook chi @@j b'an @@ik
xook chi ch'o'j rik'il rechijiil,	x @@ook chi ch'o'j r @@ik'iil r @@echijiil
bay xantaj li.	bay x @@an @@taj li
Tzipáka' li inb'i'n,	tzi @@páka' li in @@b' @@i'n
peer iin kita' chi' chwaaj jwiich maq awanaab',	peer iin kita' chi' ch @@waaj j @@wiich maq aw @@anaab'
k'is wi' kla'.	k'is wi' kla'
Porke maq awanaab'	porke maq aw @@anaab'
in tatzi xwil,	iin ta @@tzi x @@w @@il
ta' tzi twil wi' maq awanaab',	ta' tzi t @@w @@il wi' maq aw @@anaab'
k'uli' taq na maq awanaab'	k'ul @@i' taq na maq aw @@anaab'
ajruk' re inb'eek.	aj @@ruk' re in @@b'e @@ik
Antose kersir awi'l at tk'uli' wanab',	antose kersir aw @@i'l at t @@k'ul @@i' w @@anab'
kwand qus tril inqaaj tk'uli' wanab'.	kwand qus t @@r @@il in @@qaaj t @@k'ul @@i' w @@anab'
Kwand wanab' aki' ri'jtqa'n,	kwand w @@anab' aki' r @@ij @@tq @@a'n
ajq'apooji' wanab',	aj @@q'apooj @@i' w @@anab'
aki' ri'jtqa'n,	aki' ri'j @@tq @@a'n
xaq li jun ánm li tk'uli' taq	xaq li jun ánim li t @@k'ul @@i' taq
porke ya retaamchaq tchapón taq.	porke ya r @@etaam @@chaq t @@chap @@on taq
Mkita' tib'i chapon taq	mkita' ti @@b'i chap @@on taq
chep atchapon at.	chep at @@chap @@on at
ta tijtz'iil.	ta tij @@tziil
Tche' re man rexóqle.	t @@che' re man r @@exóqle
No per in ri chwaaj tik'uli' na maq awanaab',	no per in ri ch @@waaj ti @@k'ul @@i' na maq aw @@anaab'
ajruk' re inb'eek,	aj @@ruk' re in @@b'eek
iin mkita' chi' chwaaj inb'e ák'l.	iin mkita' chi ch @@waaj in @@b'e a @@ka'l
Porke nen kyeq jwi'l	porke nen kyeq j @@wi'l
jwi'l maq awanaab'.	j @@wi'l maq aw @@anaab'
Tche' re,	t @@che' re
jaan,	jaan
jo' oombr,	jo' oombr
jo' oombr,	jo' oombr
jo ombr	jo ombr
wanab' ta' chiki' tch'ojiin taq,	w @@anab' ta' chik @@i' t @@ch'oj @@iin taq
ta chi' neen t'ij wanab' jo'	ta chi neen t'ij w @@anab' jo'
tche' re,	t @@che' re
No'	no'
in tijin tamb'iij chawe le k'uli' na maq awanaab',	in tijin t @@am @@b'iij ch @@we le k'uli' na maq aw @@anaab'
ajruk' re' inb'eek.	aj @@ruk' re' iin @@b'ee @@k
Ri' chwaaj iin	ri' ch @@waaj iin
ta' chi' maq awanaab' la jaa,	ta' chi' maq aw @@anaab' la jaa
twik'aaj iin ajruk' re inki'kot in chapon.	t @@wik'aaj iin aj @@ruk' re in @@ki'kot iin chap @@on
Tche' re rechejiil.	t @@che' re r @@echijiil
No oombre	no oombre
i nesye ya re ránm chaq tijk'amch man rxóqil,	i nesye ya re r @@ánim chaq ti @@j @@k'am @@ch man r @@ixoqil
per ri' man rxóqil	per ri' man r @@ixoqil
mkita' chi' raj.	mkita' chi' r @@aj
Mkita' chi' raj tpeet	mkita' chi' r @@aj t @@peet
i re nesye tijk'aamch.	i re nesye ti @@j @@k'aam @@ch
kita' inb'eek,	kita' in @@b'eek
bay kwan xyuuq,	bay kwan x @@yuuq
xkuwini' chij k'amiik man rxóqil.	x @@kwin @@i' chi @@j k'am @@ik man r @@ixoqil
Kwand xyuuq,	kwand x @@yuuq
mjoor k'a'n,	mjoor k'a'n
petzel jk'a'nuul re mre q'apooj ánm.	petz @@el j @@k'a'n @@uul r @@e m @@re q'apooj ánim
Porke mre q'apooj ánm,	porke m @@re q'apooj ánim
wi' koon xyuuq,	wi' koon x @@yu' @@aq
bay xpee man k'ojool li,	bay x @@pee man k'ojool li
jb'aq'wiich qe xye',	j @@b'aq' @@wiich qe x @@ye'
e mre q'apooj ánm,	e m @@re q'apooj ánm
jaan medya bes ke jino li tren man alib'xeel,	jaan medya vez ke jino li t @@r @@en man alib' @@xeel
ri qas mas	ri qas mas
ri qas mas tb'an re,	ri qas mas t @@b'an re
man alib'xeel mjoor,	man alib @@xeel mjoor
tzipáka' ri in b'eek.	tzi @@páka' ri in b'ee @@k
Kan inye' inqaaj,	kan in @@ye' in @@qaaj
kan inye' inchuuch inb'ii'n.	kan in @@ye' in @@chuuch in @@b' @@iin
Inb'i' ák'l,	in @@b'i a @@ka'l
per si aat ta'an utziil chwe,	per si aat t @@an utz @@iil ch @@we
inb'i' ák'l,	in @@b'i' a @@ka'l
pork iin mkita' chi' kektomaal winwi'.	pork iin m @@kita' chi kekto @@maal win @@w @@i'
Pork xentaji' ka'mul oxmul tb'e man alib'xeel	pork x @@entaj @@i' ka'mul oxmul t @@b'e man alib @@xeel
i ba tijyol ke inwil qe intb'eek.	i ba ti @@j @@yol ke in @@wi'l qe in @@t @@b'ee @@k
Entose jinon ri	entose jilon ri
wene ta'an utziil chwe	we @@ne t @@a @@an utz @@iil ch @@we
in b'i'n.	in b'i @@i'n
I si aat mkita' ta'an utziil kita' inb'eek,	i si aat m @@kita' @@a'n t @@a @@'an utz @@iil kita' in @@b'ee @@k
porke iin makomiikta we re wi'jaal,	porke iin ma @@kom @@iik @@ta we re wi'ljaal
ke peen rik'i inqaaj,	ke peen r @@ik'il in @@qaaj
wi' ínw wi' juntiir,	wi' ín @@w wi' juntiir
majwi'lta wijaal inb'e ak'l.	ma @@j @@wi'l @@ta' wijaal in @@b'e ák'el
Tche' re man k'ojool.	t @@che' re man k'ojool
No oombro jo',	no oombro jo'
ba jinon li	ba jilon li
xkuwíni b'ik chij k'amiik mre ánm.	x @@kuwin b'ik chi @@j k'am @@iik m @@re ánm
Per nen kyeq jwi'l,	per nen kyeq j @@wi'l
jwi'l qe man alib'xeel.	j @@wi'l qe man alib' @@xeel
Ri k'u li.	ri k'u li
Moka' tzi twiliin,	moka' tzi t @@wi'l @@iin
baay xkaan b'isoon jqaaj,	baay x @@kaan b'is @@oon j @@qaaj
xkaan b'isoon jchuuch.	x @@kaan b'is @@oon j @@chuuch
Lástim inrab'iin xii'n.	lástim in @@rab'iin x @@ii'n
K'uli' b'i in rab'iin,	k'ul @@i' b'i iin rab'iin
k'omoo chawe,	k'omoo ch @@aw @@e
komo jwi'li' man awálb'	komo j @@wi'l @@i' man aw @@alib'
xaye' re a k'ajool,	x @@a @@ye' r @@e a k'ajool
jwi'l li man arayb'l.	j @@wi'l li man a @@ray @@b'il
Jwi'li' man atokonooj,	j @@wi'l @@i' man a @@toko @@nooj
xe' wuk'laal.	xe' w @@uk'laal
Tche' poowr ánm,	t @@che' poowr ánm
pork ya rek'laal	pork ya r @@eklaal
ya mre q'opooj ya xii'n.	ya m @@re q'apooj ya xii'n
Bay kla' k'u li donde xkaan le b'iis,	bay kla' k'u li donde x @@kaan le b'iis
tjoliin k'u jqaaj xeek'.	t @@joli @@in k'u j @@qaaj xeek'
B'i na intoke' na inrab'iin na,	b'i na in @@tok @@e' na in @@rab'iin na
lak'u xe'w inrab'iin.	la @@k'u xe' @@w in @@rab'iin
Lá tk'umas xe'w a rab'iin,	la t @@k'u @@mas xe' @@w a rab'iin
li ji' xe' rik'i man wunaq	li ji' xe' r @@ik'il man wunaq
man xyu'q'ab'arsan re a k'ajool,	man x @@yu' @@q'ab'ar @@san re a k'ajool
koon xe' rxóqil.	koon xe' r @@ixoqil
Kla'i' li xe' wuk'laal,	kla' @@i' li xe' w @@uk'laal
¿nen nentk'ut makla' ta' xe'w?	nen nen @@t @@k'ut (makla') ta' xe' @@w
kla'i' xe'w.	kla' @@i' xe' @@w
Tche' jchuuch mre ánm,	t @@che' j @@chuuch m @@re ánm
tb'isoon jqaaj.	t @@b'is @@on j @@qaaj
Lastm inrab'iin xii'n.	lastm in @@rab'iin xi @@i'n
Ri' in rab'iin li	ri' in rab'iin li
qas tb'iit aq'ab',	qas t @@b'iit aq'ab'
ri in rab'iin li	ri in rab'iin li
qas intzúquw.	qas in @@tzuq @@uw
Ri' inrab'iin li qas in ilb'een.	ri' in @@rab'iin li qas in il @@b'een
Lojori	lojori
xii'n inrab'iin,	xi in @@rab'iin
i lojori tachi mood inb'ee laq chaak aq'ab'.	i lojori ta @@chi modo in @@b'ee laq chaak aq'ab'
Pork ri' inrab'iin li	pork ri' in @@rab'iin li
sub'laaj aq'ab' tib'iit.	sub'laaj aq'ab' ti @@b'it
Or lojori xinkani'n tachi' welk'uwaal.	or lojori x @@in @@kan @@i'n tachi' w @@elk'uwaal
K'omwaaj chuch awálb',	k'omwaaj ch @@uch aw @@alib'
k'omwaaj chuch a no'j,	k'omwaaj ch @@uch a no'j
xi' amole'ch kirtyaana	xi' a @@mol @@e' @@ch kirtyaana
kita' awetaam neen mood,	kita' aw @@etaam neen modo
nen mood jno'jaq,	nen mood j @@no'j @@aq
nen mood tno'jin taq,	nen mood t @@no'j @@in taq
k'amo chawe xi' wek'laal.	k'amo cha @@we xi' we @@ek'laal
Per nen kyeq jwi'l	peer nen kyeaq j @@wi'l
man awálb'.	man aw @@alib'
Jwi'l man alib'xeel xe' wuk'laal,	j @@wi'l man alib' @@xeel xe' w @@uk'laal
Che' powr ánm	che' powr ánm
xkan le b'iis.	x @@kan le b'iis
Ya despwes li,	ya despwes li
xkaan taq le b'iis	x @@kaan taq le b'iis
ya re ánm,	ya re ánm
ya xi' laq jaa.	ya xi' laq jaa
Xe' kiib' q'iij jb'iik mre ánm laq jaa,	xe' kiib' q'iij j @@b'iik m @@re ánm laq jaa
i qaaj tijolín.	i qaaj ti @@jol @@ín
Bay xantaj b'ik,	bay x @@an @@taj b'ik
mjoor loke xan jqaaj j chuuch	mjoor loke x @@an j @@qaaj j chuuch
mre wunaq xyuj b'iij.	m @@re wunaq x @@yu @@j b'iij
Kub'ar ach'oolaq arab'inaq,	kub' @@ar a @@ch'ool @@aq a @@rabín @@aq
a rab'iin ji' wi' wik'il matb'isoon,	a rab'iin ji' wi' w @@ik'il m @@at @@b'is @@oon
pork arab'iin ji' wi' wik'il.	pork a @@rab'iin ji' wi' w @@ik'il
Tche' re,	t @@che' re
tche' re jqaaj mre ánm xtaaw.	t @@che' r @@e j @@qaaj m @@re ánm x @@taw
K'omo chawe	k'omo ch @@aw @@e
ajri'k'u lojori xatpeet	aj @@ri' @@k'u lajori x @@at @@peet
xyuq ab'ij chwe.	x @@yu' a @@b'ij ch @@we
Ke inrab'iin,	ke in @@rab'iin
per inrab'iin ya xi' kiib' q'iij jb'iik.	per in @@rab'iin ya xi' kiib' q'iij j @@b'ik
Ji'n takuy qamaak qaaj,	ji'n t @@a @@kuy qa @@maak qaaj
porke lojori	porke lojori
arab'iin qik'il wiw.	a @@rab'iin q @@ik'il wi @@w
A janb'an,	a jan @@b'an
b'an taq utziil re inrab'iin	b'an taq utz @@iil r @@e in @@rab'iin
wene' kla'i'n.	we @@ne' kla' @@i'n
Jaan chweeq' ojyuq ák'l.	jaan chweeq' oj @@yuq a @@ka' @@l
Chweeq' tyuqaa	chweeq' t @@yu' @@qaa
chweeq' tyu qak'ute' qiib'.	chweeq' t @@yu' qa @@k'ut @@e' q @@iib'
Pork mre ánm laj qochoochaq wi'w.	pork m @@re ánm laj q @@ochooch @@aq wi' @@w
Tche' xtaaw.	t @@che' x @@taaw
Jaan.	jaan
Tche'	t @@che'
antons xyuuq,	antons x @@yuuq
mjoor k'ex trik'aaj jchuuch jqaaj mre ánm.	mjoor k'ex t @@r @@ikaa @@j j @@chuuch j @@qaaj m @@re ánm
Ke xik'ame'ch.	ke x @@i @@k'am @@e' @@ch
Tche' re man jk'ajool.	t @@che' re man j @@k'ajool
Aween weene' k'ex trik'aaj jqaaj,	a @@weno wen @@e' k'ex t @@r @@ikaa @@j j @@qaaj
wene' k'ex trik'aaj jchuuch.	we @@ne' k'ex t @@r @@ikaa @@j j @@chuuch
Ta' nen tran li,	ta' nen t @@r @@an li
ri we ch'o'j tren taq chwe,	ri we ch'o'j t @@r @@en taq ch @@we
kwand tqa b'iqak'ute' qiib' chweeq',	kwand taq b'i @@qa @@k'ut @@e' q @@iib' chweeq'
entons iin tikan inye'	entons iin ti @@kan in @@ye'
man jrab'iin,	man j @@rab'iin
si weene' k'ex trik'aaj chwe.	si wee @@ne' k'ex t @@r @@ikaa @@j ch @@we
Ta' nen tran li	ta' nen t @@r @@an li
xyuq wek'il kiib' aq'ab'	x @@yuq w @@ek'il kiib' aq'ab'
i uxiib' q'iij.	i oxiib' q'iij
Weene' k'a'n intaaw,	wee @@ne' k'a'n in @@taaw
iin tkan inye' jrab'iin,	iin t @@kan in @@ye' j @@rab'iin
ron mkitaa'n	ron m @@kitaa'n
antos tzib'aka' re' mkta'n.	antos tzi @@b'aka' re' m @@kta'n
Che' jeqe non li,	cha' je @@qe non li
xk'am rib'aq,	x @@k'am r @@ib' @@aq
maq re jun k'ulaaj kertyaan li.	maq re jun k'ulaaj kirtyaan li
Pero ma rutziil ta' li xk'uli',	pero ma r @@utz @@iil ta' li x @@k'ul @@i'
no ke jwi'li' ch'o'j.	no ke j @@wi'l @@i' ch'o'j
Mre man alib'xeel,	m @@re man alib @@'xeel
ji qe non li,	ji qe non li
ji qe non li loke xk'isb'een taq,	ji qe non li loke x @@k'is @@b' @@en taq
bay usiil,	bay usiil
ta' mas naj xtij taq utziil.	ta' mas naj x @@tij taq utz @@iil
Xkoj chik rib' jun ánm chi jxo'laq.	x @@koj chik r @@ib' jun ánm chi j @@xo'l @@aq
Maldiit jswert inrab'iin,	maldiit j @@swert in @@rab'iin
xkoja' chiki' rib' jun ánm.	x @@koj @@a' chik @@i' r @@ib' jun ánm
Nada ta' xloq'aj inrab'iin.	nada ta' x @@loq'a @@j in @@rab'iin
Nada ta' tran utziil re inrab'iin,	nada ta' t @@r @@an utz @@iil re in @@rab'iin
en luwaar utziil,	en luwar utz @@iil
mas k'ex xe'w.	mas k'ex xe' @@w
K'ex xan b'i re laj wchooch,	k'ex x @@an b'i re laj w @@chooch
i ji' xon,	i ji' x @@on
i jilon xe' rik'i wunaq.	i jilon xe' r @@ik'il wunaq
Ay lastim walk'waal.	ay lastim w @@alk'waal
Walk'waal ma reta' chee' xink'iysaj.	w @@alk'waal ma r @@e @@ta' @@a'n chee' x @@in @@k'iy @@sáj
Walk'waal ma reta' aqan xin k'ysaj,	w @@alk'waal ma r @@e @@ta' @@a' aqan x @@iin k'iy @@sáj
in walk'waal rechi' utziil xin k'ysaj.	in w @@alk'waal r @@ech @@i' utz @@iil x @@iin k'iy @@sáj
Tche' jqaaj mre ánm,	t @@che' j @@qaaj m @@re ánm
bay ji k'u non jchuuch.	bay ji k'u non j @@chuuch
Sub'laaj tib'isoon,	sub'laaj ti @@b'is @@on
bay ji k'u non li,	bay ji k'u non li
pee chik man wunaq chik,	pee chik man wunaq chik
xkanye' mre ánm.	x @@kan @@ye' m @@re ánm
Xk'am chik juun,	x @@k'am chik jun
xta' man jun chik	x @@ta' man jun chik
man jkab' ánm,	man j @@kab' ánm
ta' tzii riliik man ánm.	ta' tzii r @@il @@iik man ánm
Ta' tzi tran man ánm,	ta' tzi t @@r @@an man ánm
ta' tkojon,	ta' t @@kojón
ta' baal rechejiil.	ta' baal r @@echejiil
Loke xan	loke x @@an
mjoor xan seguir rek'i rek'i nab'ee rxóqil.	mjoor x @@an seguir r @@ek'i r @@ek'i nabee r @@ixoqil
Bay kla' k'u'li	bay kla' k'u @@li'
xirene' utziil.	x @@i @@re @@ne' utz @@iil
Kla' k'u li	kla' k'u li
donde tzi wi'w taq lojori.	donde tzi wi' @@w taq lojori
Entonses kla' k'u li	entoons kla' k'u li
re qaye' jun jno'j qalk'waal.	re qa @@ye' jun j @@no'j q @@alk'waal
Antonses qaye' jun kiib' ixib' tziij rechaq,	antonses qa @@ye' jun kiib' ixib' tziij rechaq
muran k'u seguir jinon li.	mu @@r @@an k'u seguir jinon li
Tran taq mas qíjil qatz'áqt,	t @@r @@an taq mas q @@ijiil qa @@tz'aqt
porke moketa' tzi riliik,	porke mo @@keta' tzi r @@ik'iil
tb'an k'ex re qelk'waal.	t @@b'an k'ex re q @@elk'waal
Entonse kla'k'u li	entonse kla' @@k'u li
endonde tril maq q'apooj,	endonde t @@r @@il maq q'apooj
ke mkta' tzi tb'an rechaq,	ke m @@kita' tzi t @@b'an r @@ech @@aq
entonse rile' jcholajlaq	entonse r @@il @@e' j @@chola @@j @@laq
nen kyeq rek'il tek'uli'táw.	nen kyeq re @@ik'il te @@k'ul @@i' @@tá @@w
Tenril taq jcholajil,	ten @@r @@il taq j @@cholaj @@il
we tzi o ma tzi jun kertyaan tek'uli' taq.	we tzi o ma tzi jun kertyaan te @@k'ul @@i' taq
Per ri' mkita' tril jcholajil rik'aan tijtzaq ri'b'aq le k'ex.	per ri' m @@kita' t @@r @@il j @@cholaj @@il r @@ik'aan ti @@j @@tzaq r @@i'b' @@aq le k'ex
Rik'an tran k'ex re jbidaq.	r @@ik'aan t @@r @@an k'ex r @@e j @@bida @@aq
Tran re jk'aslemalaq.	t @@r @@an re j @@k'aslem @@aal @@aq
Kla' k'u li	kla' k'u li
en donde rejwexi'n	en donde rejwex @@i'n
qaye' jun jno'j qelk'waal,	qa @@ye' jun j @@no'j q @@elk'waal
rejwexi'n tqab'ij	rejwex @@i'n t @@qa @@b'ij
jcholajil rechaq.	j @@cholaj @@il r @@ech @@aq
Mran k'u seguir qaqatilmiit	m @@r @@an k'u seguir qa @@qa @@tilmiit
loke jinon li tran taq.	loke jilon li t @@r @@an taq
Porke mkta' tzi tb'an,	porke m @@kita' tzi t @@b'an
mkita' tzi riliik.	m @@kita' @@a' tzi r @@il @@iik
Tamb'yen kwand jinon li tran jun kristyaan,	tamb'yen kwand jilon li t @@r @@an jun kirtyaan
xaq k'u kiib'	xaq k'u kiib'
ixib' tziij jaa li tamb'iij chawe chaq,	ixib' tziij jaa li t @@am @@b'iij ch @@aw @@e chaq
ri k'u li tamb'iij chawe chaq,	ri k'u li t @@am @@b'iij ch @@aw @@e chaq
xaq kiib' ixib' tziij li tamb'iij chawe chaq,	xaq kiib' oxib' tziij li t @@am @@b'iij ch @@aw @@e chaq
kuy taq imaak	kuy taq in @@maak
ataq ixtuub' ataq wech'elxiik.	at @@aq (ixtuub') at @@aq w @@ech'elxiik
cha',	cha'
ke, ke kita' raj tichakun.	ke ke kita' r @@aj ti @@chaak @@un
Ke re tb'e li chaak,	ke re t @@b'e li chaak
kub'rem qe tb'ijne' li chaak.	kub' @@rem qe t @@b'i @@j @@ne' li chaak
I chusil xpet,	i ch @@usiil x @@pet
xtok anm,	x @@tok ánim
cha'.	cha'
Ya wi' chaq tzik' rxóqil.	ya wi' chaq tzik' r @@xóqil
I tzik' rxóqil tb'e chijye'ik jwaa.	i tzik' r @@xóqil t @@b'e chi @@j @@ye' @@ik j @@waa
Titaw, titaw, titaw li, li, li chaak	ti @@taw ti @@taw ti @@taw li li li chaak
chij ye'ik jwaa,	chi @@j ye' @@ik j @@waa
kita', kita' chaak b'enol jwi'l.	kita' kita' chaak b'en @@ol j @@wi'l
Jinon jun q'iij,	jinon jun q'iij
jinon jun q'iij,	jinon jun q'iij
jinon jun q'iij xaq titaw ra ralmwer.	jinon jun q'iij xaq ti @@taw ra r @@almwer
I kita' chaak b'enol jwi'l,	i kita' chaak b'en @@ol j @@wi'l
tijk'ey chaak,	ti @@j @@k'ey chaak
tijk'ey chaak kita' raj tchakun.	ti @@j @@k'ey chaak kita' r @@aj t @@chaak @@un
I ri' k'u jun bwelt.	i ri' k'u jun bwelt
I ri' k'u jun welt tijin li chaak.	i ri' k'u jun welt tijin li chaak
Xaq repent xq'ax jun k'uch laj b'aa,	xaq repent x @@q'ax jun k'uch la @@j b'aa
cha'.	cha'
Xch'ab'ej man k'uch.	x @@ch'ab'e @@j man k'uch
Oombre,	oombre
cha' re cha',	cha' re cha'
qak'exe' qib' awik'il.	qa @@k'ex @@e' q @@ib' aw @@ik'il
Tzaj ombr qak'exe' qib' awik'il.	tzaaj ombre qa @@k'ex @@e' q @@ib' aw @@ik'il
Jun repent qe xqej man k'uch rk'il.	jun repent qe x @@qej man k'uch r @@k'il
Tos xij re.	tos x @@ij re
Neen k'u chawaj.	neen k'u ch @@aw @@aj
Qak'exe' qib' awik'il,	qa @@k'ex @@e' q @@ib' aw @@ik'il
porke iin ta' chuwaj inchakun.	porke iin ta' ch @@waj in @@chaak @@un
Ta' chawaj aat chakun.	ta' ch @@aw @@aj aat chaak @@un
Ta' chawaj.	ta' ch @@aw @@aj
Baay i neen k'u moo tqab'an chi jk'exik qib'.	baa i neen k'u moo t @@qa @@b'an chi j @@k'ex @@ik q @@ib'
I neen k'u moo.	i neen k'u moo
I neen k'u moo tab'an chi jk'utik awchoch,	i neen k'u moo t @@a @@b'an chi j @@k'ut @@ik aw @@choch
iin,	iin
cha' re cha'.	cha' re cha'
Si xqak'ex qib' awk'il	si x @@qa @@k'ex q @@ib' aw @@k'il
iin inb'ek,	iin in @@b'ek
in b'i chek'er b'a wchoch.	iin b'i chek'er b'a w @@chooch
I entons iin ink'utw chawch.	i entons iin in @@k'ut @@w ch @@aw @@ch
I tipeti' anm chijyik almwers.	i ti @@pet @@i' ánim chi @@j @@y @@ik almwers
A' ntons tzib'aka' li pwes	a' ntons tzi @@b'ak @@a' li pwes
qak'exe' qib'.	qa @@k'ex @@e' q @@ib'
Xk'ex rib'aq,	x @@k'ex r @@ib' @@aq
ya xk'exmaaj rib'aq.	ya x @@k'ex @@maa @@j r @@ib' @@aq
I ruk'u man k'uch xen, xen wunaq.	i ruk'u man k'uch x @@en x @@en wunaq
I ri man wunaq xen k'uch.	i ri man wunaq x @@en k'uch
I xek'.	i xek'
I neen k'u	i neen k'u
i neen k'u tatij aat,	i neen k'u ta @@tij aat
cha',	cha'
cha',	cha'
cha' wunaq re man k'uch.	cha' wunaq re man k'uch
Neen k'u tatij aat.	neen k'u t @@a @@tij aat
Iin k'um tintij laq ab'iix,	iin k'um t @@in @@tij laq ab'iix
iin k'um tintok laq ab'iix.	iin k'um t @@in @@tij laq ab'iix
I ri' qe li tintij.	i ri' qe li t @@in @@tij
A' tos tzi' li.	a' tos tzi @@i' li
I aat.	i aat
A no iin waa tintij,	a no iin waa t @@in @@tij
tpeti' waa.	t @@pet @@i' waa
A jaan.	a jaan
Kontent xkan man k'uch li chaak.	kontent x @@kan man k'uch li chaak
I man k'uch xmaj chaak.	i man k'uch x @@maj chaak
A' kwand xtaw anm chye'ik ralmwers.	a' kwand x @@taw ánim ch @@ye' @@ik r @@almwers
kab'al xel jk'am,	kab'al x @@el j @@k'am
ya eselchaq jk'am.	ya esel @@chaq j @@k'am
xaat chakuni'.	x @@aat chaak @@un @@i'
A xin chakunin.	a x @@in chaak @@un @@i'n
A' tons tzaj niri,	a' tons tzaj niri
tij aaw.	tij a @@aw
Jaan xtij jwaa,	jaan x @@tij j @@waa
kita' raj tijtij waa,	kita' ra @@j ti @@j @@tij waa
ta' raj.	ta' r @@aj
I tzik' wunaq pok k'iis rij.	i tzik' wunaq pok k'iis r @@ij
Ay lojori xenaa k'is awij,	ay lojori x @@en @@aa k'is aw @@iij
xatchaakun lojori.	x @@at' @@chaak @@un lojori
Ta' chiki' lojori xaq jo', jo' ya xatk'is achak jo',	ta' chik @@i' lojori xaq jo' jo' ya x @@at @@k'is a @@chak jo'
cha' re cha'.	cha' re cha'
Jaan,	jaan
cha',	cha'
nik' xpe taq pech man anm.	nik' x @@pe taq pech man ánim
B'aay xu' anm,	b'aay xu' ánim
xkoj jtuj.	x @@koj j @@tuuj
Mas xatkos li chaak,	mas x @@at @@kos li chaak
lojori mas xk'isk'ab' awij xkoj tuj.	lojori mas x @@k'is @@k'ab' aw @@ij x @@koj tuuj
I li tuj ta' tijq'ii'w.	i li tuuj ta' ti @@j @@q'ii' @@w
Kom ka'ni'n,	kom ka'n @@i'n
ta' tijq'i'w xok li tuj.	ta' ti @@j @@q'i @@w x @@ok li tuuj
I k'is na rij.	i k'is na r @@ij
I wunaq ta' tijb'ij re anm,	i wunaq ta' ti @@j @@b'ij re ánim
anm kita' retam	ánim kita' @@a' r @@etam
laj kab' q'iij xe'chik li chaak.	laj kab' q'iij xe' @@chik li chaak
I maj chaak wunaq xtaw chik ralmwers.	i maj chaak wunaq x @@taw chik r @@almwers
Ya esel chaq jk'am.	ya ese @@l chaq j @@k'am
Baay jo'.	baay jo'
Jaan ji' qe non li.	jaan ji' qe non li
Baay chusil la jkab' q'iij xpe anm,	baay ch @@usiil la j @@kab' q'iij x @@pe ánim
lojori xchakuni' wunaq.	lojori x @@chaak @@un @@i' wunaq
Lojori tinkamsaj jun rak',	lojori t @@in @@kam @@sáj jun r @@ak'
xkamsaj jun rak',	x @@kam @@sáj jun r @@ak'
xya' jwaa.	x @@ya' j @@waa
Tinik xya' re,	tinik x @@ya' r @@e
kita' tijtij.	kita' ti @@j @@tij
Xpe, xpe sik' wunaq, xk'am, xk'am joq',	x @@pe x @@pe sik' wunaq x @@k'am x @@k'am joq'
xpis raj tinik xkaj ye',	x @@pis ra @@j tinik x @@kaj ye'
xkaj ye'.	x @@kaj ye'
osti ajri' la jrox q'iij xtij,	(osti) aj @@ri' la j @@rox q'iij x @@tij
cha'.	cha'
Ya chu chaq ajruk' re' mojor raj jwaa rk'i ra tinik.	ya chu chaq aj @@ruk' re' mojor ra @@j j @@waa r @@k'i ra tiniik
Ya chu chaq	ya chu chaq
tos ri' k'uli.	tos ri' k'u @@li'
Tos chusil, chusil, chusil xel alg k'isk'ol wunaq.	tos ch @@usiil ch @@usil ch @@usil x @@el alg k'is @@k' @@ol wunaq
Chi jun iik' ajruk' re' xij re anm,	chi jun iik' aj @@ruk' re' x @@ij re ánim
cha'.	cha'
Ay lojori tinyol chawe ke ke,	ay lojori ti @@in @@yol ch @@aw @@e ke ke
iin in awichjil ta'n,	iin in aw @@ichijil ta'n
iin, iin awichjil ta'n,	iin iin aw @@ichijil ta'n
cha' re cha'.	cha' re cha'
Ke awichjil ri tal lwar ri tijin tichakun,	ke aw @@ichijil ri tal lwar ri tijin ti @@chaak @@un
qe jun repent qe xinq'ax iin.	qe jun repent qe x @@in @@q'ax iin
I xij chwe qak'ex qib'.	i x @@ij ch @@we qa @@k'ex q @@ib'
Iin, ini' k'uch,	iin in @@i' k'uch
cha' re cha'.	cha' re cha'
Iin, ini' k'uch.	iin in @@i' k'uch
I awichjil xi' re' lojori	i aw @@ichijil xi' re' lojori
xi' re' chij tijik.	xi' re' chi @@j tij @@ik
I ryalmente	i ryalmente
pwes ke kom re kita' raaj tchakun.	pwes ke kom re kita' r @@aaj t @@chaak @@un
I iin chwaaj inchakun	i iin ch @@waaj in @@chaak @@un
pores xqak'exa' qib' qik'il,	pores x @@qa @@k'ex @@a' q @@ib' q @@ik'il
rk'il.	r @@k'il
I lojori, lojori tawetmaaj ke iin	i lojori lojori t @@aw @@etmaaj ke iin
ini' k'uch,	in @@i' k'uch
cha' re cha'.	cha' re cha'
Neen k'u oor xak'ex ayb'aq,	neen k'u oor x @@a @@k'ex ay @@b'aq
cha' re cha'.	cha' re cha'
A lojori ya xi' jun ik' ajruk'	a lojori ya xi' jun ik' aj @@ruk'
re' retamaj anm.	re' r @@etama @@j ánim
Antons ri k'uli kond jun saq'or wunaq,	antons ri k'u @@li' kond jun saq'or wunaq
kwand kita' raaj tchakun	kwand kita' r @@aaj t @@chaak @@un
tikwini' ti, ti raaj tijk'ex rib' rk'i jun awaj.	ti @@kwin @@i' ti ti r @@aaj ti @@j @@k'ex ri @@b' r @@k'i jun awaj
No kita'n loq'i tichakun jun,	no' kita'n loq' @@i' ti @@chaak @@un jun
loq'i tren titi chakun jun	loq' @@i' t @@r @@en ti @@ti chaak @@un jun
Per kita'n tijkoj jun saq'oril.	per kita'n ti @@j @@koj jun saq'or @@il
I si no rik'uli pwes ke	i si no ri @@k'u @@li pwes ke
re oj lajori oj tqab'ij oj	re oj lajori oj t @@qa @@b'ij oj
re qelk'waal juntir.	re q @@elk'waal juntiir
Qak'ame' jb'e'aq re chaak	qa @@k'am @@e' j @@b'e @@aq re chaak
koj chakunoq.	koj chaak @@un @@oq
I taq ra, taq ra qelk'waal	i taq ra taq ra q @@elk'waal
tk'omoni' rechaq.	t @@k'omon @@i' rechaq
Trila'tqa' ke kwand tichakun jun	t @@r @@il @@a' @@tq @@a' ke kwand ti @@chaak @@un jun
rechaq tchakuntqa'n.	rechaq t @@chak @@un @@tq @@a'n
Neen chak tqak'ut oj chuch qelk'waal	neen chak t @@qa @@k'ut oj ch @@uch q @@elk'waal
rechaq tretmajtqa'n.	rechaq t @@r @@etma @@j @@tq @@a'n
I si no ójor taq qaqaaj qachuuch tijb'ij taq.	i si no ójor taq qa @@qaaj qa @@chuuch ti @@j @@b'ij taq
Bweno si, si aataq ta' chawaj atchakun taq,	bweno si si aat @@aq ta' ch @@aw @@aj at @@chaak @@un taq
chawaj tab'an taq k'uch.	ch @@aw @@aj t @@a @@b'an taq k'uch
Porke jinon li xen jun wunaq ójor.	porke jilon li x @@en jun wunaq ójor
Xenaa k'uch jwi'l jsaq'oril,	x @@en @@aa k'uch j @@wi'l j @@saq'or @@il
aataq maa koj taq saq'oril.	aat @@aq maa koj taq saq'or @@il
No ke aatchaakun taq tijoj awi'b'aq,	no ke aat @@chaak @@un taq tijoj aw @@i'b' @@aq
tamech' asii'aq,	t @@a @@me @@ch a @@sii' @@aq
tijoj awi'b'aq tab'an achaakaq.	tijoj aw @@ib' @@aq t @@b'an a @@chaak @@aq
Juntir xamb'eren chirij aqaajaq.	juntir xamb'eren chi @@r @@ij a @@qaaj @@aq
Baay kla' tawetmaj chaq chaak.	baay kla' t @@aw @@etma @@j chaq chaak
Toos ri' k'uli jun utzil tren qa qaqaaj qachuuch chi qe.	toos ri' k'u @@li' jun utz @@il tren qe qa @@qaaj qa @@chuuch chi qe
Jun utzili'n qe chi' oj.	jun utz @@il @@i'n qe chi oj
Si oj li xoj kojon chuch qaqaj qachuch.	si oj li x @@oj koj @@ón ch @@uch qa @@qaaj qa @@chuch
Qe chi' oj	qe chi' ooj
porke qetami' ke qaqaaj qachuuch kita' naj jq'iijaq,	porke q @@etam @@i' ke qa @@qaaj qa @@chuuch kita' naj j @@q'iij @@aq
tsachtqa'n,	t @@sach @@t @@q @@a'n
tkamtqa'n.	t @@kam @@t @@qa @@'n
I oj ya xani' qetmaaj qachaak,	i oj ya x @@an @@i' q @@etmaa @@j qa @@chaak
oj chik tqak'ut chik chuch qelk'waal.	oj chik t @@qa @@k'ut chik ch @@uch q @@elk'waal
Ri' qe non li oj, oj ojb'ee wach ulew.	ri' qe non li oj oj oj @@b'e wach uleew
Taq qak'ex qib'.	taq qa @@k'ex q @@ib'
Per tkan qatike' jun utzil chuch qelk'waal.	per t @@kan qa @@tik @@e' jun utz @@il ch @@uch q @@elk'waal
Ri' k'ulu jun utzil tkan qak'ute' chuch qelk'waal.	ri' k'u @@li jun utz @@il t @@kan qa @@k'ut @@e' ch @@uch q @@elk'waal
Ri jun, ri jun chaak tb'ensaj seb'laaj tzii,	ri jun ri jun chaak t @@b'en @@sáj seb'laa @@j tzii
sub'laaj utzil re qa, qa qasuwaan,	sib'laa @@j utz @@il re qa qa qa @@suwaan
qatilmit enkesey tq'ax q'atb'tzij,	qa @@tilmit enkesey t @@q'ax q'atb'itzij
cha'.	cha'
ta' qelen t'ijb'ij taq re jun xaqne'	ta' qelen t'i @@j @@b'ij taq re jun xaq @@ne'
konen taq re jun.	konen taq re jun
Porke jun choq'ab' tijin re lajchaak,	porke jun choq'ab' tijin re la @@j @@chaak
ri' k'u li tijb'iji' loq'laj tiyoox wuj tambyeen.	ri' k'u li ti @@j @@b'ij @@i' loq'laj tyóox wuj tambyeen
Aat tzuq awi'b' rk'i ak'atanal,	aat tzuq a @@wi'b' r @@k'i a @@k'at @@nal
ajruk' re' atwi'n.	aj @@ruk' re at @@wi'n
Antons ri' k'u li tqab'an oj re qelk'waal,	antons ri' k'u li t @@qa @@b'an oj re q @@elk'waal
qa, qa qab'ij jcholaj rechaq neen k'u moo chaak.	qa qa qa @@b'ij j @@cholaj rechaq neen k'u moo chaak
Re tzuqb'el qib',	re tzuq @@b'il q @@ib'
oj kwini'n jurub'tine' tqab'an jun q'iij.	oj kwin @@i'n jurub' @@ti @@ne' t @@qa @@b'an jun q'iij
Nii sib'laj tqakamsaj qib'.	nii seb'laj ti @@qa @@kam @@sáj q @@ib'
I ni tqakoj saq'oril.	i ni t @@qa @@koj saq'or @@il
Per si wi' tijb'ij oj tijini' li chaak,	per si wi' ti @@j @@b'ij oj tijin @@i' li chaak
ri' k'u li jk'amik jb'ee.	ri' k'u li j @@k'am @@ik j @@b'ee
I re anm nik' qe,	i re ánim nik' qe
wi' jun, wi' jun wi' anm xen taq re jun bwelt,	wi' jun wi' jun wi' ánim x @@en taq re jun bwelt
cha'.	cha'
Kita' raj, kita' raj tren upiis,	kita' @@a'n r @@aj kita' @@a'n r @@aj tren upiis
kita' raj tijkoj saq'oril ta' raj tichakun.	kita' @@a'n r @@aj ti @@j @@koj saq'or @@il ta' r @@aj ti @@chaak @@un
Xij taq re oombre,	x @@ij taq re oombre
cha' taq re.	cha' taq re
B'aan achaak.	b'aan a @@chaak
No in ta' tib'an,	no in ta' ti @@b'an
tink'eyo tink'iya' chaak.	t @@in @@k'eyo t @@in @@k'iy @@a'n chaak
I chusil, chusil	i ch @@usiil ch @@usil
xpee chusil xpe anm xij.	x @@pee ch @@usiil x @@pe ánm x @@ij
lojori xij taq ójor taq qaqaaj qachuuch re,	lojori x @@ij taq ójor taq qa @@qaaj qa @@chuuch re
cha',	cha'
cha' re.	cha' re
A eey,	a eey
cha',	cha'
i ruk'u.	i ruk'u
Xpe anm xtzek uxub' jb'aq'wich ixiim.	x @@pe anim x @@tzek oxib' j @@b'aq' @@wich íxim
Baay kabal xpe ra raj b'o'j ta' xq'iw	baay kabal x @@pe ra ra @@j b'o'j ta' x @@q'i @@w
xraqin li q'aaq' chuch.	x @@raq @@in li q'aaq' ch @@uch
Ril chi kita' xq'i' raj jb'o'j	r @@il chi kita' x @@q'i' ra @@j j @@b'o'j
xraqin li q'aaq' chuch.	x @@raqin li q'aaq' ch @@uch
Xalmaj b'ik	x @@almaj b'ik
xe' uchaq witz,	xe' uch @@aq witz
kali xwux b'uuq.	kali x @@wux b'uuq
Kla' qe li xpaxin jwich sub'laaj b'uuq.	kla' qe li x @@pax @@i'n j @@wiich sub'laaj b'uuq
Per jwi'l qe man saq'or anm.	per j @@wi'l qe man saq'or ánim
I neen xen man saq'or anm,	i neen x @@en man saq'or ánim
wichaq witz tichaq oq'ch	wi @@chaq witz ti @@chaq oq' @@ch
wich witz.	wich witz
Jwi'l jsaq'oril.	j @@wi'l j @@saq'or @@il
Tos ri k'u li ke tijb'ij taq qaqaaj qachuuch,	tos ri k'u li ke ti @@j @@b'ij taq qa @@qaaj qa @@chuuch
lajori nad makoj taq saq'oril	lajori nad ma @@koj taq saq'or @@il
re, re, re chi anm,	re re re chi ánim
chi wunaq	chi wunaq
nik' qe.	nik' qe
Anm rene' rupiis	ánim r @@ne' r @@upiis
jkoje' jwaa,	j @@koj @@e' j @@waa
jch'aje' rtz'iq,	j @@ch'aj @@e' r @@tz'ieq
jkoje' ri, ri, ri ja'	j @@koj @@e' ri ri ri ja'
li q'aaq' rene' jwa'x juntir.	li q'aaq' r @@ne' j @@wa'x juntiir
Ri' li jchaak jun anm,	ri' li j @@chaak jun ánim
jk'ome' rupiis,	j @@k'am @@e' r @@upiis
rene' rupiis juntir,	r @@ne' r @@upiis juntiir
rene' jkiyem.	r @@ne' j @@kiyem
I jun wunaq rene' jchaak.	i jun wunaq r @@ne' j @@chaak
Pake nik' qe.	pake nik' qe
Porke ri' qe li wi', wi', wi', wi' istorya pwes.	porke ri' qe li wi' wi' wi' wi' istorya pwes
Ke taljwi'laq loke xen taq ójor taq qawinaq.	ke tal @@j @@wi'l @@aq loke x @@en taq ójor taq qa @@winaaq
Pwes ke tijkoj taq saq'oril,	pwes ke ti @@j @@koj taq saq'or @@il
trna'tqa awaj ri' k'u li xij taq.	t @@r @@na' @@tq @@a awaj ri' k'u li x @@ij taq
Lojori chi anm,	lojori chi ánim
chi wunaq	chi wunaq
nik' qe jk'utik ra rupiisaq.	nik' qe j @@k'ut @@ik ra r @@upiis @@aq
O' kwalkyer qelen ke nik' qe qab'antaaj rk'i wunaq.	o' kwalkyer qleen ke nik' qe qa @@b'an @@taaj r @@k'i wunaq
I anm.	i ánim
Porke qetami' ke jinopcha' tiijb'alib' re laq eswel,	porke q @@etam @@i' ke (jinopcha') tii @@j @@b'al @@ib' re laq eswel
wi' jderech anm,	wi' j @@derech @@aq ánim
wi' jderech wunaq.	wi' j @@derech wunaq
Nik' qe qaderech,	nik' qe qa @@derech
kita' niijun nim chiqe oj niri wach ulew.	kita' nii @@jun nim chi @@qe oj niri wach uleew
Niri wach ulew wi' mas tijb'ij taq	niri wach ulew wi' mas ti @@j @@b'ij taq
ójor taq qaqaaj qachuuch.	ójor taq qa @@qaaj qa @@chuuch
Tijb'ij taq.	ti @@j @@b'ij taq
Re xaq wunaq wi' lwar tijtijoj rib'.	re xaq wunaq wi' lwar ti @@j @@tijoj r @@ib'
I anm re anm qe ta' jtaqik anm,	i anim re anim qe ta' j @@taq @@ik anim
re rene' rupiis la jaa.	re r @@ne' r @@upiis la jaa
Tons tijb'ij taq re jchuuch.	tons ti @@j @@b'ij taq re j @@chuuch
At tacheje' man awk'lal,	aat t @@a @@chaj @@e' man aw @@k'laal
ta' kita' t'el laq eskwel.	ta' kita' t' @@el laq eskwel
Xaq wunaq si ta' qelen t'ok re,	xaq wunaq si ta' qelen t'ok re
b'oo leskwel	b'oo l @@eskwel
re si wi' lwar tretmaaj.	re si wi' lwar t @@r @@etmaa @@j
Or anm no,	or anim no
sacheli' jun kitz jpensaraq.	sach @@el @@i' jun kitz j @@pensar @@aq
Ke xaq tijye' taq ri, ri, ri lwar re wunaq,	ke xaq ti @@j @@ye' taq ri ri ri luwar re wunaq
cha'.	cha'
I re anm noo.	i re anim noo
Antons ke ri, ri' qe xaq wunaq	antons ke ri ri' qe xaq wunaq
wi', wi', wi', wi', wi', wi' lwar tijoj rib'.	wi' wi' wi' wi' wi' wi' lwar tijoj r @@ib'
I anm kita' raj jchoq'ab'.	i anim kita' ra @@j j @@choq'ab'
Pero lojori tqila'n,	pero lojori t @@q @@il @@a'n
pwes ke ya lojori ya ke nik'qe rk'i ya tqila'n.	pwes ke ya lojori ya ke nik' @@qe r @@k'i ya t @@q @@il @@a'n
I ya xuqi'n qanoj ke nik' qe qab'entaajk	i ya x @@uq @@i'n qa @@noj ke nik' qe qa @@b'entá @@j @@ik
ke nik' qe qab'antajk.	ke nik' qe qa @@b'anta @@jk
Loke tretmaaj jun wunaq,	loke t @@r @@etemaa @@j jun wunaq
tretmaaji' jun anm.	t @@r @@etamaa @@j @@i' jun ánim
Porke lojori tqaya' kwent re	porke lojori t @@qa @@ya @@a'n kwent re
loq'laj taq chaak tijin tren taq,	loq'laj taq chaak tijin t @@r @@en taq
wi' chaq mas anm ke ya wi' chaq mas chaak rechaq.	wi' chaq mas ánim ke ya wi' chaq mas chaak rechaq
Antonses nik' qe qab'antajk,	antonses nik' qe qa @@b'anta @@jk
xaq oj qe pwes si tqak'am jtziijaq ójor taq qaqaaj qachuuch.	xaq oj qe pwes si t @@qa @@k'am j @@tzij @@aq ójor taq qa @@qaaj qa @@chuuch
Ke ta' tqaye' lwar re tra anm,	ke ta' t @@qa @@ye' lwar re tra ánim
kita'n nik' qe qab'antajk chiji' wunaq,	kita'n nik' qe qa @@b'anta @@jk chi @@ji' wunaq
chi anm nik' qe,	chi anim nik' qe
qa, qa, qa, qa qab'antajk.	qa qa qa qa qa @@b'ajta @@jk
I nik' qe qáchak loke,	i nik' qe qa @@chaak loke
jun chaak tren loke tkwin jun wunaq chijb'anik.	jun chaak t @@r @@en loke t @@kwin jun wunaq chi @@j @@b'an @@ik
Tikwini' jun anm.	ti @@kwin @@i' jun anim
Per tinawa'x na li, li leskwel,	per tin @@a @@wa'x na li li l @@eskwel
tijtijoj na rib' na juntir.	ti @@j @@tijo @@j na r @@ib' na juntiir
Tina jch'ek na,	ti @@na j @@ch'ek na
ra, ra tina jtijoj rib'.	ra ra ti @@na j @@tijo @@j r @@ib'
I k'ex tijtij na chi jch'ekik ra, ra, ra restudiy.	i k'ex ti @@j @@tij na chi j @@ch'ek @@ik ra ra ra r @@estudiy
Pero si wi' jun utzil tretmaaj.	pero si wi' jun utz @@il t @@r @@etamaa @@j
Tons ri' k'u li qab'antaj,	tons ri' k'u li qa @@b'antaj
pwes noj nik' qe chi wunaq.	pwes noj nik' qe chi wunaq
I chi anm ri' li qab'antaj niri ri ojti oj kwin.	i chi anim ri' li qa @@b'antaj niri ri oj @@ti oj kwin
Pwes tqak'ex qano'j qapensar.	pwes t @@qa @@k'ex qa @@no'j qa @@pensar
Baay li juntir rii'n.	baay li juntiir ri @@i'n
wi' jun wunaq pok titaqon.	wi' jun wunaq pok ti @@taq @@on
wi' jun lujuja nejb'ij re' jmokoom,	wi' jun (lujuja) ne @@j @@b'ij re' j @@mok @@oom
cha'.	cha'
Neb'ire' kureexm,	ne @@b'i @@re' kureexm
cha',	cha'
kom kureexm awas q'iiji'n.	kom kureexm awas q'iij @@i'n
Wi' uxub' q'iij mas awas,	wi' uxub' q'iij mas awas
kiyeresir jwebes,	kiyere @@sir jwebes
byernes.	byernes
Noo miyerkoles,	noo miyerkoles
jwebes	jwebes
i biyernes,	i biyernes
sabado alg chaq pwes.	sabado alg chaq pwes
Per siyempr awas na.	per siyempr awas na
Tons re ta' tkojon,	tons re ta' t @@kojón
wi' taq mokom raj tu'xlan taq	wi' taq mok @@oom ra @@j t @@uxla taq
maq q'iij li re feriyad nik'are'.	maq q'iij li re feriyad nik'a @@re'
Re kureexm li uxlan,	re kureexm li uxlan
tons tpe man, man wunaq taq b'i trilik wákix laq,	tons t @@pe man man wunaq taq b'i t @@r @@il @@ik wakix laq
laq laq koraal,	laq laq koraal
cha',	cha'
laq potrer nik'are'.	laq potrer nik'a @@re'
I tpet i taq mokom ta' raj tb'e taq.	i t @@pet i taq mok @@oom ta' r @@aj t @@b'e taq
Kom num q'iiji'n.	kom num q'iij @@i'n
Toos xpe re baa tijtaq.	toos x @@pe re baa ti @@j @@taq
I ta' raj taq mokom tb'eek.	i ta' r @@aj taq mok @@oom t @@b'ee @@k
I pok k'ex trik'aj rechaq,	i pok k'ex t @@r @@ik'a @@j rechaq
cha'.	cha'
xk'am b'i kolob' atb'e taq,	x @@k'am b'i kolob' at @@b'e taq
iin b'i' iin awk'ilaq.	iin b' @@i' iin aw @@k'il @@aq
Tons xij taq maq mokom.	tons xij taq maq mok @@oom
Pake atb'ek awetzel,	pake at @@b'ek aw @@etzel
mojor ta' atb'ek,	mojor ta' at @@b'e @@k
awetzel atb'ek	aw @@etzel at @@b'e @@k
mejor ta' atb'ek.	mejor ta' at @@b'e @@k
I mejor ooj b'ee ooj na,	i mejor ooj b'e ooj na
tqamech' onkesey nim q'iij ooj b'enaa.	t @@qa @@me @@ch' enkesey nim q'iij ooj b'e @@naa
Porke tetodas forma ojataqa'n, ojb'enaa.	porke tetodas foorma oj @@a @@taq @@a'n oj @@b'en @@aa
I sim ta' tb'e taq.	i si @@m ta' t @@b'e taq
Ta' titoj jq'iijaq,	ta' t @@i @@toj j @@q'iij @@aq
pwes i we k'ex man trik'aaj	pwes i we k'ex man t @@r @@ik'aaj
ta' chi' tijye' jchaak taq mokom.	ta' chi' ti @@j @@ye' j @@chaak taq mok @@oom
I loke xen re xe'.	i loke x @@en re xe'
Jaan b'an man xkan	jaan b'an man x @@kan
i xe' taq mokom.	i xe' taq mok @@oom
Xtaw taq li, li, li potrer nikare'.	x @@taw taq li li li potrer nika @@re'
Xirile' taq maq wákix wi' maq wákix,	x @@i @@r @@il @@e' taq maq wakix wi' maq wakix
cha'.	cha'
I xpet,	i x @@pet
cha' i wi' taq kristyan xya' taq atz'am re maq wákix.	cha' i wi' taq kirtyaan x @@ya' taq atz'am re maq wakix
Rilik i tijye' taq chi ja',	r @@il @@ik i ti @@j @@ye' taq chi ja'
chi ja' rilik kes.	chi ja' r @@il @@ik kes
Ri' chaq tril taq wi' jun nimlaaj wákix	ri' chaq t @@r @@il taq wi' jun nim @@laaj wakix
kaa jun q'eq riij,	kaa jun q'eq r @@i'j
cha'.	cha'
Pok nim,	pok nim
toos i ta' tijch'eb' taq jwich man wákix li.	toos i ta' ti @@j @@ch'eb' taq j @@wiich man wakix li
Si ri' jpech maq wákix o noo.	si ri' j @@pech maq wakix o noo
Kom ta' tijch'eeb' taq jwich o noo,	kom ta' ti @@j @@cheeb' taq j @@wiich o noo
kom ta' tijch'eeb' taq jwich naa man wákix.	kom ta' ti @@j @@cheeb' taq j @@wiich naa man wakix
Toos xiij re.	toos x @@ij re
Uuy toos xij chirb'il rib'aq.	uuy toos x @@ij chi @@r @@b'il r @@ib' @@aq
uuy kap man wákix,	uuy kap man wakix
uuy jun nimlaaj toor wi' niri.	uuy jun nim @@laaj toor wi' niri
Neen chki' keq'e man wákix li ta' tqach'eb' jwich,	neen chk @@i' keq'e man wakix li ta' t @@qa @@chep j @@wiich
tcha',	t @@cha'
cha'.	cha'
Noo a antons jo' qab'ij re man qapatron.	noo a antons jo' qa @@b'ij re man qa @@patrón
Tons ta' tqak'am b'i maq wákix.	tons ta' t @@qa @@k'am b'i maq wakix
Noo kom xij tqak'am maq wákix.	noo kom x @@ij t @@qa @@k'am maq wakix
I ta' tqak'am b'i maq wákix,	i ta' t @@qa @@k'am b'i maq wakix
tkan qaye' maq wákix.	t @@kan qa @@ye' maq wakix
Tz'aqat tyuq qame',	tz'aqat t @@yuq qa @@me'
cha' taq.	cha' taq
A noo qame' maq ni'j,	a noo qa @@me' maq ni'j
tcha' maq ni'j.	t @@cha' maq ni'j
Qame' maq ni'j kones man ril ooj taw,	qa @@me' maq ni'j kones man r @@il ooj taw
wi' wákix tqak'om b'ik.	wi' wakix t @@qa @@k'om b'ik
I tqab'ij re ke wi' jun wákix kla'	i t @@qa @@b'ij re ke wi' jun wakix kla'
cha' re.	cha' re
cha'.	cha'
Jaan,	jaan
Xtaw taq xi'j taq re man patron,	x @@taw taq x @@i'j taq re man patrón
cha',	cha'
neej b'iij re wi' jun wákix la jakoraal jili	nee @@j b'iij re wi' jun wakix la @@j a @@koraal jili
k'ii maq wákix.	k'ii maq wakix
Saber neen tita' tqach'eb' jwich jun wákix	saber neen ti @@ta t @@qa @@ch'eb' j @@wiich jun wakix
nimlaaj wákix.	nim @@laaj wakix
Tzoqomch'olal rilik,	tzoq @@om @@ch'ol @@al r @@il @@ik
cha' re cha'.	cha' re cha'
A' esk ataq kib' awanmaq b'eselka taq ta' chawaj atb'e taq.	a' esk ataq kib' aw @@anm @@aq b'esel @@ka taq ta' ch @@aw @@ @@aj at @@b'e taq
Pores xaawil taq jwich jun wákix.	pores x @@aa @@wil taq j @@wiich jun wakix
jun kristyan saq'or naa raj tchakun.	jun kirtyaan saq'or naa r @@aj t @@chaak @@un
Naa raj neen tren tzaqsaj jch'olaq.	naa r @@aj neen t @@r @@en tzaq @@sa @@j j @@ch'ol @@aq
Koli ataq kom kib' qe awanmaq xatb'e taq,	ko @@li ataq kom kib' qe aw @@anim @@aq x @@at @@b'e taq
tcha',	t @@cha'
tcha' rechaq cha'.	t @@cha' rechaq cha'
Baay jo' taq jo' taq neb'i re' iinb'i' iin,	baay jo' taq jo' taq ne @@b'i re iin @@b'i iin
cha',	cha'
iin ini' wunaq.	iin iin @@i' wunaq
Iin ta' tzaq inch'ol,	iin ta' tzaq in @@ch'ol
nejb'ij re' ke loke wi' iin tromb'eji'n.	neen @@j @@b'ij re' ke loke wi' iin t @@r @@omb'e @@j @@i'n
Tanchopch man wákix,	t @@an @@chop @@ch man wakix
iin tank'amch.	iin t @@an @@k'am @@ch
I si ta' rajw tankamsaaj,	i si ta' r @@ajw t @@an @@kam @@saaj
tcha'.	t @@cha'
Toons si neen moo si tqil ooj man wákix li.	toons si neen moo si t @@q @@il ooj man wakix li
Neb'ire ri' ta' man wákix pok jnimal,	ne @@b'i @@re' ri' ta' man wakix pok j @@nim @@aal
cha' taq re.	cha' taq re
Jo' qile' na'li wee tz'et tinkoja' atzijaq.	jo q @@il @@e' na'l @@i' wee tz'et t @@iin @@koj @@a' a @@tzij @@aq
Si tz'et uwi',	si tz'et uwi'
cha'.	cha'
Jaan,	jaan
cha',	cha'
xk'am ma jkolob',	x @@k'am ma j @@kolob'
cha'.	cha'
Xek',	xek'
xkejaj maj.	x @@keja @@j ma @@j
Xen ensyar majkwa'y.	x @@en ensyar ma @@j @@kwa'y
I xk'am b'ik,	i x @@k'am b'ik
xkejaj b'ik majkwa'y.	x @@keja @@j b'ik ma @@j @@kwa'y
I xek' rk'ilaq.	i xek' r @@k'il @@aq
I taq mokom chi rqan xe' taq.	i taq mok @@oom chi r @@qan xe' taq
Tonse jo' pwes.	tonse jo' pwes
Kom tz'et tzik' rechaq rila'tqa'n.	kom tz'et tzik' rechaq r @@il @@a' @@tq @@a'n
Wi' xe' taq xij rile' taq xe' taq.	wi' xe' taq x @@ij r @@il @@e' taq xe' taq
I b'esel taq lamaas wi' xtaw.	i b'esel taq lamaas wi' x @@taw
Lamaas wi' man wákix ta'ij taq.	lamaas wi' man wakix t @@a' @@ij taq
Ko' jili xqaye' ja' re maq wákix,	ko' jili x @@qa @@ye' ja' re maq wakix
tqil wi',	t @@q @@il wi'
cha'.	cha'
Jo',	jo'
cha' taq.	cha' taq
Jaan,	jaan
xij rile' taq.	x @@i @@j r @@il @@e' taq
Ta' chiki'n man wákix,	ta' chik @@i'n man wakix
cha'.	cha'
Eklaa lamaas wi'w,	e @@klaa lamaas wi' @@w
sim kita'n niri,	si @@m kita'n niri
tinya' jun wen alg chawe taq.	t @@in @@ya' jun wen algo ch @@aw @@e taq
Por mentiros taq,	por mentiros taq
cha'.	cha'
Noo wi',	no wi'
si wi' qatoke' inpuch.	si wi' qa @@tok @@e' inpuch
Jaan,	jaan
xe' taq chik	xe' taq chik
xichaq xril taq lamas t'elw maq wákix,	xichaq x @@r @@il taq lamas t' @@el @@w maq wakix
cha'.	cha'
Tresaaj taqch,	t @@r @@esaa @@j taq @@ch
kila' chaq wi' man wákix,	kla' chaq wi' man wakix
cha'.	cha'
Toos xiij rechaq.	toos x @@iij rechaq
naa tzaq ach'olaq diyunabes tzaq ach'olaq.	naa tzaq a @@ch'ool @@aq diyunabes tzaq a @@ch'ool @@aq
Iin si iin wunaq.	iin si iin wunaq
Man wákix tin,	man wakix tin
iin tromb'ejna est inkwin chij chapik.	iin tromb'ej @@na est in @@kwin chi @@j chap @@ik
We xin kwin chij chapik tb'enkamsaj.	we x @@iin kwin chi @@j chap @@ik t @@b' @@en @@kam @@sáj
I tan k'ayaj tii'nik re ike,	i t @@an k'aya @@j tii'nik re i @@ke
cha'.	cha'
la jinlugr niri,	la j @@in @@lugr niri
tcha'.	t @@cha'
A aat atiluk,	a aat at @@il @@uk
ooj xqab'ij chawe.	ooj x @@qa @@b'ij ch @@aw @@e
Saber neen tiqeq'e man awaj.	saber neen ti @@qeq'e man awaj
Ooj si ta' tqatrunb'ej,	ooj si ta' t @@qa @@trunb'e @@j
piyor ljori awasi' q'iij,	piyor ljori awas @@i'n q'iij
A' diyunabes ataq tzaq ach'olaq.	a' diyunabes ataq tzaq a @@ch'ool @@aq
in si xkejej ma jkwa'y,	iin si x @@keje @@j ma @@j kwa'y
xk'am ma jkolob' tromb'onb'ej man wákix,	x @@k'am ma j @@kolob' tromb'onb'e @@j man wakix
cha'.	cha'
Man nimlaaj wákix jol tren chuch.	man nim @@laaj wakix jol t @@r @@en ch @@uch
Troqtaj,	t @@r @@oqta @@j
i troqtaj kla'.	i t @@r @@oqta @@j kla'
I welt i welt tya' man wákix chuch,	i welt i welt t @@ya' man wakix ch @@uch
cha'.	cha'
Kom ta' la' ti'elw,	kom ta' la' ti' @@el @@w
uqtel jwi'l,	uqt @@el j @@wi'l
cha'.	cha'
I usil xel b'i man wákix li maq, maq alambre,	i usil x @@el b'i man wakix li maq maq alambre
cha'.	cha'
Xe' man wákix.	xe' man wakix
I ril re onli xtor man pwert,	i r @@il re on @@li x @@tor man pwert
xel b'i re lomis tromb'ej b'i la' jun ra k'echelaaj,	x @@el b'i re lomis t @@romb'e @@j b'i la' jun ra k'echelaaj
cha'.	cha'
Kom wi' jun k'echelaaj xtromb'ej,	kom wi' jun k'echelaaj x @@tromb'e @@j
cha'.	cha'
Tromb'el man wákix jwi'l,	t @@romb'e @@l man wakix j @@wi'l
cha'.	cha'
I taq mokom ril taq xye' man wunaq	i taq mok @@oom r @@il taq x @@ye' man wunaq
laa rk'i kwa'y.	laa r @@k'i kwa'y
Ta' chki' xe' re, rechaq	ta' chik @@i' xe' re rechaq
xe' taq chi rchochaq,	xe' taq chi r @@chooch @@aq
cha'.	cha'
I las tres de la tarde xe' taq chij rilik,	i las tres de la tarde xe' taq chi @@j r @@il @@ik
cha'.	cha'
Ta' naa,	ta' naa
cha',	cha'
ta' chki' wunaq,	ta' chik @@i' wunaq
cha',	cha'
naa chik.	naa chik
I xq'aj taq chich.	i x @@q'aj taq chi @@ch
Naa xe' taq chik laj kaab' q'iij.	naa xe' taq chik laj kaab' q'iij
Ri' chaq tril taq rechaq maj xaq muuj tq'ax,	ri' chaq t @@r @@il taq rechaq ma @@j xaq muuj t @@q'ax
cha'.	cha'
Tq'ax kib' muuj onri chub' man k'echelaaj,	t @@q'ax kib' muuj onri chub' man k'echelaaj
tq'ax kib' muuj.	t @@q'ax kib' muuj
Per tich'ejej wunaq xem chi rij man wákix,	per ti @@ch'eje @@j wunaq xem chi r @@ij man wakix
cha',	cha'
tijta rechaq,	ti @@j @@ta rechaq
cha'.	cha'
I tich'ejej man wákix nab'e chuch,	i ti @@ch'eje @@j man wákix nab'e ch @@uch
cha'.	cha'
I kita' naad xaq jnachaq tq'ax.	i ki naad xaq j @@nach @@aq t @@q'ax
I ta' naad neb'ire' wunaq,	i ta' naad ne @@b'i @@re' wunaq
ta' tril taq jwich	ta' t @@r @@il taq j @@wiich
no ke xaq maq muuj tril taq.	no ke xaq maq muuj t @@r @@il taq
Tich'ejej man wákix b'esel chuch.	ti @@ch'eje @@j man wakix b'esel ch @@uch
I tich'ejej re chi rij,	i ti @@ch'eje @@j re chi r @@ij
cha'.	cha'
I tijta'tqa' ri' jtzijb'el,	i ti @@j @@ta' @@tq @@a' ri' j @@tzij @@b'el
per ta' ta' tril taq,	per ta' ta' t @@r @@il taq
cha'.	cha'
O ri'n,	o r @@i'n
xaq tril li k'echelaaj tich'ejej.	xaq t @@r @@il li k'echelaaj ti @@ch'eje @@j
Per saber la' wi'w.	per saber la' wi' @@w
I tromb'el jwi'l,	i t @@romb'e @@l j @@wi'l
cha'.	cha'
A' xe' taq chik laj kab' q'iij.	a' xe' taq chik laj kab' q'iij
I xpetaq ta' ril rolb'ej taq naad wi',	i x @@pe @@taq ta' r @@il ??? taq nada wi'
cha'.	cha'
Tok taq li jun kita' naad.	tok taq li jun kita' nada
I xpetaq	i x @@pe @@taq
i xq'itaj taq.	i x @@q'ita @@j taq
I xpetaq ta' naad.	i x @@pe @@taq ta' naad
Jo',	jo'
cha' taq.	cha' taq
Jo' taq chik qile' chik chweq'.	jo' taq chik q @@il @@e' chik chweq'
Pen ne' tqate' na'li li naj tren tokik man wákix li.	pen ne' t @@qa @@te' na'l @@i' li naj t @@r @@en tok @@ik man wakix li
O xensaj b'i k'ex re,	o' x @@en @@sáj b'i k'ex re
wi'nka' li kom étzel q'iiji'n.	wi' @@n @@ka' li kom étzel q'iij @@i'n
Nejb'ij re' kom awas q'iiji'n,	ne @@j @@b'ij re kom awas q'iij @@i'n
awas q'iiji'n.	awas q'iij @@i'n
Nik' rk'il kila' ta' tkojon jun kastig tye'saj re,	nik' r @@k'il kla' ta' t @@kojón jun kastig t @@ye' @@sáj re
cha'.	cha'
I portun ooj ta' xojxanb'er chi rij.	i portun ooj ta' x @@oj @@xam @@b'er chi r @@ij
I man nesiy re' chiqij ke ooj ojb'e,	i man nesiy re' chi @@q @@ij ke ooj oj @@b'e
lomis qaq'atuj man wákix.	lomis qa @@q'atu @@j man wakix
Ooj ta' xojb'ek,	ooj ta' x @@oj @@b'e @@k
kom qetami' awasi' q'iij,	kom q @@etam @@i' awaas @@i' q'iij
cha'.	cha'
I kom ooj ta' qapensar onli pwes.	i kom ooj ta' qa @@pensar on @@li pwes
kom awasi'n.	kom awas @@i'n
I diyoos xoj na' perdonar,	i diyoos x @@oj na' perdonar
ta' qlen xqata'w.	ta' qlen x @@qa @@ta' @@w
Diyoos xen kastigar,	Diyoos x @@en kastigar
xk'amsaj b'ik,	x @@k'am @@sáj b'ik
cha'.	cha'
Jol tren laq chee' chi rij man wákix,	jol t @@r @@en laq chee' chi r @@ij man wakix
cha'.	cha'
I' usil k'isb' re man wákix.	i usil k'is @@b' re man wakix
Re ta' chki' xk'utun tzik' wunaq,	re ta' chk @@i' x @@k'ut @@un tzik' wunaq
cha',	cha'
xk'amsaj b'i jwi'l man wákix.	x @@k'am @@sáj b'i j @@wi'l man wakix
Ke si man wákix man étzeli'n,	ke si man wakix man étzel @@i'n
cha',	cha'
étzeli'n man wákix man, man troqtaj.	étzel @@i'n man wákix man man t @@r @@oqta @@j
Maa tz'eta' awaaj,	maa tz'et @@a' awaj
cha',	cha'
étzeli'n.	étzel @@i'n
I kond xe' li k'ichelaaj reqaj b'ik tzik' wunaq,	i kond xe' li k'iche'laaj r @@eqa @@j b'ik tzik' wunaq
cha'.	cha'
Ya kwand tb'e taq kristyan	ya kwand t @@b'e taq kirtyaan
tijye' taq chik maq wákix kli.	t @@j @@ye' taq chik maq wakix kli
Tich'ejej laq k'iche'laaj chi rij man wákix.	ti @@ch'eje @@j laq k'iche'laaj chi r @@ij man wakix
T'ijtoke' taq,	ti @@j @@tok @@e' taq
ta' naa wi',	ta' naa wi'
cha',	cha'
naa taq jolin taq kristyan.	naa taq jol @@i'n taq kirtyaan
Naa kita'n,	naa kita'n
cha'.	cha'
Kwand tib'iqej taq chik b'ik	kwand ti @@b'i @@qej taq chik b'ik
tril taq jnach wi',	t @@r @@il taq j @@nach wi'
cha',	cha'
tq'axi'n.	t @@q'ax @@i'n
Per ta' tril taq.	per ta' t @@r @@il taq
I onli tren	i on @@li t @@r @@en
i onli tren sol chaq tzaqow ch'ol.	i on @@li t @@r @@en sol chaq tzaq @@ow ch'ol
Ta' chki'	ta' chk @@i'
b'a ri nunk chik xta' ril taq chik jwich man patron,	b'a ri nunk chik x @@ta' r @@il taq chik j @@wiich man patron
cha'.	cha'
Onli qe sach b'ik,	on @@li qe sach b'ik
cha'.	cha'
wi' bes ri'j taq kristyan tijb'ij re jun.	wi' bes ri'j taq kirtyaan ti @@j @@b'ij re jun
Mat chakun taq miij	mat chaak @@un taq miij
o aat chakun taq aataq qawinaq.	o aat chaak @@un taq aat @@aq qa @@winaaq
Porke q'iij ri awasi'n.	porke q'iij ri awaas @@i'n
I kom kaprich re jun,	i kom kaprich re jun
wi' bes jun loke tren pee laj no'j.	wi' bes jun loke t @@r @@en pet laj no'j
Loke tren	loke t @@r @@en
i neen t'ok rk'i jun.	i neen t' @@ok r @@k'i jun
I ya alaa oor ta' t'el jun chub'.	i ya a @@laa oor ta' t @@el jun chub'
Jnon k'u xen re neesiy jtaqik taq kristyan.	jnon k'u x @@en re neesiy j @@taq @@ik taq kirtyaan
I balut xuq k'omsaj re.	i (balut) x @@uq k'om @@sáj re
Kom re tijb'ij ke re wunaqi'n,	kom re ti @@j @@b'ij ke re wunaq @@i'n
ke re ta' tren respetar enkesey kureexm.	ke re ta' t @@r @@en respetar enkesey kureexm
O neen jb'anik re ta' t'ok iil	o neen j @@b'an @@ik re ta' t'ok iil
wi' nesida re jchaak.	wi' nesida re j @@chaak
Pores chub' man lii kabal xensaj re.	pores chub' man lii kabal x @@en @@sáj re
Porke xk'amsaj b'ik,	porke x @@k'am @@sáj b'ik
cha'.	cha'
I ta' na'l laas xe'w,	i ta' na'l laas @@si xe' @@w
ni xk'utun chik,	ni x @@k'ut @@un chik
cha'.	cha'
Loke xkan b'ansaj re,	loke x @@kan b'an @@sáj re
si xaq ch'ejej laq k'ichelaaj.	si xaq ch'eje @@j laq k'iche'laaj
I tch'ejej man wákix nab'e chuch.	i t @@ch'eje @@j man wakix nab'e ch @@uch
I nuk ti'ilsaj jwich non qe li xk'is.	i nuk ti' @@il @@sáj j @@wiich non qe li x @@k'is
I ta' chki' nade,	i ta' chik @@i' nade
ta' chki' xq'aj laj, lajtilmit nik'are'.	ta' ch'k @@i' x @@q'aj laj la @@j @@tinmit nik'a @@re'
Dyunabes sach b'ik,	dyunabes sach b'ik
cha'.	cha'
Ri' k'ut,	ri' k'ut
pores t'ij taq ke	pores t'ij taq ke
pores jun kwalkiyer q'iij,	pores jun kwalkiyer q'iij
enkesey ne' si awas.	enkesey ne' si awas
Jun jne' wardar nikare' jun rat,	jun j @@ne' wardar nik'a @@re' jun rat
tuxlan jun.	t @@uxlan jun
Ta' awasi'n,	ta' awas @@i'n
awasi'n nik' qe chuk' xen jun wunaq na'e.	awas @@i'n nik' qe chuk' x @@en jun wunaq nab'e
Mis jun nim q'iij San Isidr,	mis jun nim q'iij San Isidr
lo mism li xe' li chaak.	lo miim li xe' li chaak
Xijsaj re tzik' anm nesy tk'amsaj b'i li chaak,	x @@íj @@sáj re tzik' ánim nesy t @@k'am @@sáj b'i li chaak
tk'omsaj b'i li nim q'iij.	t @@k'om @@sáj b'i li nim q'iij
Naa raj tib'ek.	naa r @@aj ti @@b'e @@k
A' awe aat sol ji' qenon li nim q'iij agan.	a' aw @@e aat sol ji' qe @@non li nim q'iij agan
Iin wi' ínchak,	iin wi' in @@chaak
cha',	cha'
cha'.	cha'
Pis ínwa in b'e li chaak.	pis in @@wa iin b'e li chaak
Jaan xe' li chaak,	jaan xe' li chaak
cha'.	cha'
Kwand ya wi' chaq li chaak,	kwand ya wi' chaq li chaak
alas diyes la mañana.	a @@las dyes la mañana
Chaak tren ta' qlen naa,	chaak t @@r @@en ta' qlen nada
cha',	cha'
alas diyes chaq tril.	a @@las dyes chaq t @@r @@il
Tijinin jun ka'n qeeselch witz witz,	tijinin jun ka'n qee @@sel @@ch witz witz
cha'.	cha'
xpet k'ab'el jchi' petzel chi rij.	x @@pet k'ab'el j @@chi petz @@el chi r @@ij
Suk'ul rk'i re petzel,	suk' @@uul r @@k'i re petz @@el
cha'.	cha'
Ay Diyoos tzik' jmoral,	ay Diyoos tzik' j @@moral
wi' tzik' ralmwers.	wi' tzik' r @@almwers
Wi' tzik' rsoron xkaj t'oje' xelmajch jol.	wi' tzik' r @@sóron x @@kan t'oj @@e' x @@elma @@j @@ch jol
Ya tijsaj jwi' man kumetz,	ya tij @@sáj j @@wi' man kumetz
cha'.	cha'
loke neen xij rixoqil re.	loke neen x @@ij r @@ixoqil re
Ya kwand xq'ajch,	ya kwand x @@q'aj @@ch
xuq chi rchoch.	x @@uq chi r @@chooch
Ta' chk'i tren animar t'ijmech' raj chiim,	ta' chk' @@i t @@r @@en ánimar t'i @@j @@me @@ch' ra @@j chiim
nij rsorn,	ni @@j r @@sorn
cha'.	cha'
Pores xi'j re rxóqil.	pores xi'j re r @@ixóqil
Onrli xinta' ri', ri' li ta' ch'ek.	(onrli) x @@in @@ta' ri' ri' li ta' ch'ek
Kom Diyoos xatirna' kastigar li,	kom Diyoos x @@at @@ir @@na' kastigar li
kom ta' xatkojon.	kom ta' x @@at @@koj @@on
Kebal xinb'ij chawe	kebal x @@iin @@b'ij ch @@aw @@e
jo' qile' jun kitz nim q'iij.	jo' q @@il @@e' jun kitz nim q'iij
Naa chawaj xatb'ek.	naa ch @@aw @@aj x @@at @@b'e @@k
Noo, non áchak aat li.	noo non a @@chaak aat li
Kom ta' áchak	kom ta' a @@chaak
iin wi' ínchak.	iin wi' in @@chaak
Xatb'ek,	x @@at @@b'e @@k
per ta' chki' xatin ch'ab'ej.	per ta' chk @@i' x @@at @@in ch'ab'ee @@j
Pis ínwa,	pis in @@wa
atcha' chwe.	at @@cha' ch @@we
Wen kom ta' chawaj tata loke jun tijb'ij chawe	wen kom ta' ch @@aw @@aj ta @@ta loke jun ti @@j @@b'ij ch @@aw @@e
ri' li xate'.	ri' li x @@a @@ @@te'
Pwes kom ri' li xate,	pwes kom ri' li x @@a @@te
pwes kom ta' atkojon,	pwes kom ta' at @@koj @@ón
cha' re cha'.	cha' re cha'
Awtz'ab' qe Diyoos awi'l,	aw @@tz'ab' qe Dyoos a @@wi'l
pores onli li xatromb'ejch.	pores on @@li li x @@a @@tromb'e @@j @@ch
Pwes porke jwi'l aat malkriyad,	pwes porke j @@wi'l aat malkriyad
cha' re cha'.	cha' re cha'
I ri' non li xen pasar man jun lomism.	i ri' non li x @@en pasar man jun lomism
I jwi'l ta', ta' xen wardar q'iij.	i j @@wi'l ta' ta' x @@en wardar q'iij
Pwes sach b'i dyunabes xk'amsaj b'ik.	pwes sach b'i dyunabes x @@k'am @@sáj b'ik
Kwand xtzaqsaj jch'ol man kumetz.	kwand x @@tzaq @@saj j @@ch'ol man kumetz
Kond wi' chik jun nim q'iij.	kond wi' chik jun nim q'iij
A mejor ta' chki' tb'ek.	a mejor ta' chk @@i' t @@b'e @@k
Xk'atsaj jwich,	x @@k'at @@sáj j @@wiich
porke ta' chki' wi' jun nim q'iij.	porke ta' chk @@i' wi' jun nim q'iij
Mejor ta' chki' tb'ek,	mejor ta' chk @@i' t @@b'e @@k
porke il li yamer xtijsaj jwi'l man kumetz.	porke il li yamer x @@tij @@sáj j @@wi'l man kumetz
Jwi'l kapchudil ta' raj xe' rk'i tzik' rxóqil	j @@wi'l kapchudil ta' r @@aj xe' r @@k'i tzik' r @@xóqil
rilik jun kitz nim q'iij,	r @@il @@ik jun kitz nim q'iij
cha'.	cha'
Il,	il
li xe' taaj,	li xe' taaj
neen chki' tzaqow jch'ol.	neen chk @@i' tzaq @@ow j @@ch'ool
Kom ta' tkojon.	kom ta' t @@kojón
I kom t'ij taq ke San Isidr,	i kom t'ij taq ke San Isidr
nim q'iij San Isidr awasi' tb'e jun li chaak,	nim q'iij San Isidr awas @@i' t @@b'e jun li chaak
cha'.	cha'
Pyor kwand t'el prosesyon awasi'n.	pyor kwand t @@el prosesyon awas @@i'n
Porke toqtanik kwalkyer ka'n.	porke t @@oq' @@tan @@ik kwalkyer ka'n
Aber ka'n o neen tijta' jun o jun golpe.	aber ka'n o neen ti @@j @@ta' jun o jun golpe
Aber neen tijte' jun,	aber neen ti @@j @@te' jun
kom awasi'n,	kom awas @@i'n
cha'.	cha'
Pwes ya xqila' ooj tqakoja' alg.	pwes ya x @@q @@il @@a' ooj t @@qa @@koj @@a' alg
Porke wi' beese dya la krus	porke wi' beese dya la krus
tresaj taq prosesyon.	t @@r @@ @@esá @@j taq prosesyon
Kwand ta' jab'	kwand ta' jab'
Jali chi' kurs,	jali chi' kurs
cha' taq re Lalaguna.	cha' taq re lalaguna
Tijye' taqch welt re San Isidr,	ti @@j @@ye' taq @@ch welt re San Isidr
kla' ya b'esel q'iij.	kla' ya b'esel q'iij
Kond t'ok tra prosesyon,	kond t' @@ok tra prosesyon
Wi' tra kostumbr tiye' jo'ch' laq mulul.	wi' tra kostumbr ti @@ye' jo'ch' laq mulul
Kla' b'esel q'iij re kristyan	kla' b'es @@el q'iij re kirtyaan
loke tb'e taq.	loke t @@b'e taq
Toons wi' bes jo'ch' tijtij taq.	toons wi' bes jo'ch' ti @@j @@tij taq
Kwand tpe jun wen q'alaj,	kwand t @@pe jun wen q'alaj
ya ch'aqal chaq kristyan tb'e chi rchochaq.	ya ch'aqal chaq kirtyaan t @@b'e chi r @@chooch @@aq
Wi' bes tq'ax na jab' na.	wi' bes t @@q'ax na jab' na
Ajruk' re' tpee taq.	ajruk' re t @@pae taq
I wi' bes li prosesyon tijta' taqch jab'.	i wi' bes li prosesyon ti @@j @@ta' taq @@ch jab'
Inkesey ta'j seeñ naa jab',	inkesey ta' @@j seeñ naa jab'
eske medyabes xel San Isidr li prosesyon.	eske medyabes x @@el San Isidr li prosesyon
Eske segur ra jab'.	eske segur ra jab'
Seguro tpe jab'.	seguro t @@pe jab'
ji'n,	ji'n
i pores tqa'ij ooj tz'eti'n pwes tijna' kastigar jun.	i pores t @@qai @@'ij ooj tz'et @@i'n pwes ti @@j @@na'k kastigar jun
Ta' tkojon jun i xaq li.	ta' t @@koj @@on jun i xaq li
qachuuch ójor pwes.	qa @@chuuch ójor pwes
qaswaan qatilmit.	qa @@swaan qa @@tilmit
segun loke xyool taq	segun loke x @@yool taq
re nemoo jb'anik raa, ra luwaar.	re ne @@moo j @@b'an @@ik raa ra luwaar
li jun nose de kwan toos junab' lajori.	li jun nose de kwan toos jun @@ab' lajori
Ke xijb'ij taq kwando xpee re juwisiyo,	ke x @@i @@j @@b'ij taq kwando x @@pee re juwisiyo
cha'.	cha'
Ta' inkwin inyolow laj qayólij berdaa.	ta' in @@kwin in @@yolow laj qa @@yóli @@j berdaa
Re juwisyi,	re juwisyi
re kwando xpet.	re kwando x @@pet
Xk'otsaji' juntir ra qalwar niri.	x @@k'ot @@sáj @@i' juntir ra qa @@luwar niri
Pores ke lajori lamasi' b'awitz,	pores ke lajori lamas @@i' b'a @@witz
juntir ya, ya komoo ra, ra swaan chaq.	juntir ya ya komoo ra ra swaan chaq
Por lamas wooj niri ra ta'ji'n.	por lamas wooj niri ra tá'j @@i'n
I mas tijk'ul ja'.	i mas ti @@j @@k'ul ja'
tijk'ula' mas ja'.	ti @@j @@k'ul @@a' mas ja'
I rex ulewi'n.	i rex ulew @@i'n
lajorii pongamos tijna' juntir tiko'n chuch.	lajorii pongamos ti @@j @@na' juntir tiko'n ch @@uch
Ke nimoo kafee,	ke nimoo kafee
ab'iix,	ab'iix
kinaq' nimoo re ortalisa baa.	kinaq' nimoo re ortalisa baa
Re kwalkyer otros produkto mas.	re kwalkyer otros produkto mas
Baay lajq'or ke tipee taq chik lajori.	baay laj @@or ke ti @@pee taq chik lajori
Ke tijin twa'r sa'j juntiir.	ke tijin t @@wa'r saq'j juntiir
Por nejchaak	por ne @@j @@chaak
jwi'li' maq tra chee' tijin tijtzaq taq qawá'xik.	j @@wi'l @@i' maq tra chee' tijin ti @@j @@tzaq taq qa @@wa'x @@ik
Lajori wi' chaq kwan toos	lajori wi' chaq kwan toos
de, de tantos re, re neen moo tqa'ij re.	de de tantos re re neen moo t @@q @@ij re
Makinas neen moo motosyera,	makinas neen moo motosyera
Pores jwi'l niri,	pores j @@wi'l niri
jwi'l kistyan ooj lajori tijin tren taq sufrir jun kiitz.	j @@wi'l kirtyan ooj lajori tijin t @@r @@en taq sufrir jun kiitz
ya chee' tijin tik'is.	ya chee' tijin ti @@k'is
Tqaya' kwent re nemoo niri laq miq'in,	t @@q @@ya' kwent re ne @@moo niri laq miq'in
niri Poso Berdee,	niri poso berdee
Las Planes nemoo niri San Lukas.	las planes ne @@moo niri San Lukas
Ya mas pikim Chixikiin	ya mas pi @@ikim chixikiin
ya tijin jun tk'is juntir maq tra chee'.	ya tijin jun t @@k'is juntiir maq tra chee'
Ta' chki' jaab'.	ta' chk @@i' jaab'
Winaa tra kitz.	wi' @@naa tra kiitz
qamaam,	qa @@maam
qatiit' lajori xkantose' taq.	qa @@tiit' lajori x @@kan @@tos @@e' taq
Lajori limaq taq chee' taq chaq lajori.	lajori nim @@aq taq chee' taq chaq lajori
poreso es ke tijb'ij taq.	poreso es ke ti @@j @@b'ij taq
Ke tra chee' rejwexi'n re jaab',	ke tra chee' rejwex @@i'n re jaab'
rejwexi' re jaab' juntir.	rejwex @@i' re jaab' juntiir
ta' chki' chee'.	ta' chk @@i' chee'
Ta' chki' tqej jaab',	ta' chk @@i' t @@qej jaab'
ta' chki' tqej jaab'.	ta' chk @@i' t @@qej jaab'
K'omoo re qaqaaj taq wi' taq Uspantán,	k'omoo re qa @@qaaj taq wi' taq Uspantán
wi' taq niri de otros de munisipyo baa.	wi' taq niri de otros de munisipyo baa
tijin tren taq semyer re.	tijin t @@r @@en taq semyer re
I tijtaqtaqch en aldeyas,	i ti @@j @@taq @@taq @@ch en aldeyas
Porke tawila' ademas,	porke t @@aw @@il @@a' ademas
tiyempo re qelk'waal mas despwes ta' chki' chee'.	tiyempo re q @@elk'waal mas despwes ta' chk @@i' chee'
Ta' chki' chee'.	ta' ??? chee'
I despwes por es jwi'l li xtikmaj	i despwes por es j @@wi'l li x @@tik @@maj
loke nemoo tijb'ij taq qaqaaj,	loke ne @@moo ti @@j @@b'ij taq qa @@qaaj
qachuuch ójor.	qa @@chuuch ójor
Re jun istorya re Chipaajaa',	re jun istorya re chipaaj @@a'
neen jchak tijb'ij taq re Chipaaj.	neen j @@chaak ti @@j @@b'ij taq re chipaaj
niri wi' nimoo tqaye' kwent re.	niri wi' ni @@moo t @@qa @@ye' kwent re
Nimoo nili li,	ni @@moo ni @@li li
li man suwaan niri.	li man suwaan niri
Li paja',	li paj @@a'
kla' wi' ja'.	kla' wi' ja'
Kla' wi' k'aslik taq ja',	kla' wi' (k'aslik) taq ja'
nejchak.	ne @@j @@chak
Porke komoo jwisyi' xen ójor,	porke komoo jwisy @@i' x @@en ójor
kwand xk'otmaaj.	kwand x @@k'ot @@maaj
I lajori wi' chaq ja' niri.	i lajori wi' chaq ja' niri
Per ójor kita' naa,	per ójor kita' @@a'n naa
komoo segun tijb'ij taq.	komoo asegun ti @@j @@b'ij taq
xk'otmaji' juntir,	x @@k'ot @@maj @@i' juntiir
es komoo es jun chiste,	es komoo es jun chiste
kom es jun istorya baa.	kom es jun istorya baa
Si pwes xaq li xk'is.	si pwes xaq li x @@k'is
cha',	cha'
ke pech man kompadr rik.	ke pech man kompadr rik
Baay man komadr rik pwes tijya' nimal,	baa man kompadr rik pwees ti @@j @@ya' nim @@aal
ke rik pwes.	ke rik pwees
I man kompadr pobr naa ree,	i man kompadr pobr naa r @@e
cha'	cha'
i saber nemo xij man komadr riko,	i saber ne @@mo x @@ij man komadr riko
pobre re man kompadr rik.	pobre re man kompadr rik
Kompadre,	kompadre
cha' re cha',	cha' re cha'
nen chek aat ke pur aat rik,	nen chek aat ke pur aat rik
lamas xame' pwaq,	lamas x @@a @@me' pwaq
cha' re.	cha' ???
Noo loke pasa ke iin xime' inpwaq jali li,	noo loke pasa ke iin x @@i @@me' in @@pwaq jali li
tink'ayaaj ab'aj jali li merkaa,	t @@in @@k'ay @@aaj ab'aj jli li merkaa
jali li jun munisipy.	jli li jun munisipy
Aa tawen,	aa tawen
cha' re cha',	cha' re cha'
despwes xe'j xe' maj kompadr.	despwes xe' @@j xe' ma @@j kompadr
Kompadr k'am b'i ab'aj ta' ye' li,	kompadr k'am b'i ab'aj t @@a' ye' li
tak'ayaaj.	t @@a @@k'ay @@aaj
Baay,	baay
cha' re,	cha' re
tons inb'e tal q'iij ri,	tons in @@b'e tal q'iij ri
cha'.	cha'
Tawen xqejb'i jkwa'y re xek'.	tawen x @@qej @@b'i' j @@kwa'y re xek'
I ke si ke kwand xtaw k'is kompadr jali k'is kompadr pobr,	i ke si ke kwand x @@taw k'is kompadr jali k'is kompadr pobre
nimyerd ta' tk'am ab'aj.	ni @@myerd ta' t @@k'am ab'aj
I ta' tik'amsaj ab'aj	i ta' ti @@k'am @@sáj ab'aj
i baa xok re pensar,	i baa x @@ok r @@e pensar
b'is chaq jwich tzik' kompadr wi' jili.	b'is chaq j @@wich tzik' kompadr wi' jili
Man kompadr xna' k'ex chwe,	man kompadr x @@na' k'ex ch @@we
neej chak xij chwe ke tik'amsaj ab'aj	neej chak x @@ij ch @@we ke ti @@k'am @@sáj ab'aj
i lojori ta' chiki' tk'amsaj,	i loj'ori ta' chik @@i' t @@k'am @@sáj
cha'.	cha'
Antons xpee re xij	antons x @@pee re x @@ij
i kabal xq'ax jun i baa jsujik tren,	i kabal x @@q'ax jun i baa j @@suj @@ik t @@r @@en
li merkaa i kabal xpee man jun,	li merkaa i kabal x @@pee man jun
cha'.	cha'
Wi' ra desfras rk'il ra desfras	wi' ra desfras r @@k'il ra desfras
o raal itz'iq wi' raj k'ooj dyunabes.	o raal itz'iq wi' ra k'ooj dyunabes
I kabal pur ra dyaawl rilik.	i kabal pur ra dyaawl r @@il @@ik
I kon xpee re i jwerte teew re.	i kon x @@pee re i jwerte teew re
Re k'ayaj raal itz'iq li chwe,	re k'ay @@aj raal itz'iq li ch @@we
cha',	cha'
ta', ta' inswetr xink'amch	ta' ta' in @@swert x @@in @@k'am @@ch
i chwaaj i chwaaj	i ch @@waaj i ch @@waaj
cha' re.	cha' re
Tawen,	tawen
cha' re,	cha' re
xpe man wunaq sipajch re.	x @@pe man wunaq sipa @@j @@ch re
I lajori ab'aj tijin tink'ayaj	i lajori ab'aj tijin ti @@in @@k'ay @@aj
i ta' nad tk'am,	i ta' nad t @@k'am
lajori xna' k'ex man kompadre rik chwe,	lajori x @@na' k'ex man kompadre rik ch @@we
tcha' re.	t @@cha' re
Tawen antons xek' kabal	tawen antons xek' kabal
i xq'ax kabal,	i x @@q'ax kabal
xe' xilj ra riy	xe' xilj ra riy
kabal xen krusar ra riy.	kabal x @@en krusar ra riy
I qes kabal kla' b'esel taq maq komersyante,	i qes kabal kla' b'e @@sel taq maq komersyante
cha',	cha'
k'omol jkwa'y jwi'laq,	k'm @@ol j @@kwa'y j @@wi'l @@aq
cha',	cha'
k'omol itz'iq.	k'om @@ol itz'iq
I keske kabal xkan taq rik'il,	i ke @@s @@ke kabal x @@kan taq r @@ik'il
cha',	cha'
tral itz'iq li kwand xk'am b'ik xk'ol,	t @@ral itz'iq li kwand x @@k'am b'ik x @@k'ol
cha'.	cha'
Despwes nik' xkan xwer taq pech maq komersiyante,	despwes nik' x @@kan x @@wer taq pech maq komersiyante
cha'.	cha'
Xen taq jun bwen q'aaq' ji'non ri,	x @@en taq jun bwen q'aaq' jii' @@non ri
cha'.	cha'
Despwes xpe maq komersiyante,	despwes x @@pe maq komersiyante
despwes komo alas dyees de la noche xwer taq	despwes komo a @@las dyees de la noche x @@wer taq
i xpe re kita' jq'uniik,	i x @@pe re kita' j @@q'uniik
ta' naad xkan xwer chi q'aaq',	ta' nada x @@kan x @@wer chi q'aaq'
cha'.	cha'
I saber neen moo li xij xpe,	i saber neen moo li x @@ij x @@pe
wi' teew xkoj ral itz'iq juntir raj jk'ooj,	wi' teew x @@koj ral itz'iq juntiir ra j @@k'ooj
I ki' jwarj maq komersiyant,	i ki' j @@war @@j maq komersiyant
cha',	cha'
saber nemoo li wi' jun komersiyan.	saber ne @@moo li wi' jun komersiyan
Kwand xnatun,	kwand x @@natun
ri' chaq.	ri' chaq
Muchaa jun wi' jun kristyan,	muchaa jun wi' jun kristyan
jun dyawl,	jun dyawl
cha'.	cha'
kwand xnatun taq,	kwand x @@natun taq
cha'.	cha'
I keske wi' jun ra riy,	i ke @@s @@ke wi' jun ra riy
wi' jun alk jun play,	wi' jun alg jun play
jun nim kwand xil,	jun nim kwand x @@il
Kabal xto'je' rib' li riy,	kabal x @@t'oj @@e' r @@ib' li riy
cha',	cha'
kom k'iitaqa'n xt'ojrib'aq,	kom k'ii @@taq @@a'n x @@t'oj @@r @@ib' @@aq
kabal li riy.	kabal li riy
Ri' chaq xnatun	ri' chaq x @@natun
i k'etz, k'etz wunaq kond wi' kla' kub'ul.	i k'etz k'etz wunaq kond wi' kla' kub'ul
Re chaq neen xta' taq,	re chaq neen x @@ta' taq
re xtzaq jch'ol,	re x @@tzaq j @@ch'ol
xtzaq xe' chilik jolb'wen,	x @@tzaq xe' ch @@il @@ik jol @@b'wen
mas koon gan xe' taq lamiyer.	mas koon gan xe' taq la @@miyerd
Rikim kabal wi' ra play,	r @@ikim kabal wi' ra play
ji'non li kabal xe' taq lja'.	ji'non li kabal xe' taq l @@aj'
Ri' chaq ril re xe' taq lamiyerd lja',	ri' chaq r @@il re xe' taq la miyerd
cha'.	cha'
I re xkan xweroq ijweput re apenaad chaq wi' kla',	i re x @@kan x @@wer @@oq ij @@ @@we @@put re apenaad chaq wi' kla'
cha'.	cha'
despwes saqer xpe.	despwes saq @@er x @@pe
I maq kwa'y kita' nijuun chik,	i maq kwa'y kita' ni @@juun chik
xkan juntir xe' taq lja'.	x @@kan juntir xe' taq l @@ja'
Antons xpe re.	antons x @@pe re
(Xkitij) xijkitik tink'am maq kwa'y,	??? x @@ij @@kit @@ik t @@in @@k'am maq kwa'y
kom nijun laqb'ee,	kom ni @@jun laq @@b'ee
tcha'.	t @@cha'
Xpetzch maq kwa'y,	x @@petz @@ch maq kwa'y
despwes xpetzmajch maq kwa'y jwi'l.	despwes x @@petz @@máj @@ch maq kwa'y j @@wi'l
Xpetzmaj despwes xij xt'ojch itz'iq chi rij juntir.	x @@petz @@maj despwes x @@i @@j x @@t'oj @@ch itz'iq chi r @@ij juntir
I wi' jpwaqaq kanel jwi'laq kla'.	i wi' j @@pwaq @@aq kan @@el j @@wi'l @@aq kla'
I jsookaq i xpe re xk'amch.	i j @@sook @@aq i x @@pe re x @@k'am @@ch
cha'.	cha'
Kabal i kompadre.	kabal i kompadre
Nej chak xk'am ab'aj,	ne @@j chak x @@k'am ab'aj
cha' man kompadre riik re man kompadre pobre.	cha' man kompadre riik re man kompadre pobre
Jii' xk'am ab'aj lajori	jii' x @@k'am ab'aj lajori
i pok tk'amsaj ab'aj kla'.	i pok t @@k'am @@sáj ab'aj kla'
Loke paske tren taq jaa	loke pas @@ke t @@r @@en taq jaa
i kita' ab'aj lamas tijme' taq.	i kita' ab'aj lamas ti @@j @@me' taq
I kla' xloq'atqa' chweyin.	i kla' x @@loq'a @@tq @@a' ???
cha',	cha'
lajori tinb'an chik bajar man inkompadre,	lajori t @@in @@b'an chik bajar man in @@koompadre
cha' chik re cha'.	cha' chik re cha'
Re xenaa chik k'ex chweyin lajori tinb'an chik re,	re x @@en @@aa chik k'ex ch @@we @@yin lajori t @@in @@b'an chik re
jwert kwa'y rk'il	jwert kwa'y r @@k'il
i wi' itz'iq i jwert chaq jpwaq man kompadre pobre.	i wi' itz'iq i jwert chaq j @@pwaq man koompadre pobre
Xe' chik man kompadre rik	xe' chik man kompadre rik
xqejchik b'ik jkwa'y re xe' chik juntiro,	x @@qej @@chik b'ik j @@kwa'y re xe' chik juntiro
xtaw.	x @@taw
I keseke ab'aj xmulb'a kla' li karetera,	i ke@se@kek ab'aj x @@mul @@b'a kla' li karetera
cha'.	cha'
I kla' lamas wi' merka despwes kond.	i kla' lamas wi' merka despwes kond
I kita' tk'am chuch,	i kita t @@k'am ch @@uch
cha'.	cha'
I baa jsujik tren	i baa j @@suj @@ik t @@r @@en
i baa jsujik tren	i baa j @@suj @@ik t @@r @@en
i baa.	i baa
Ta' tqak'am ab'aj.	ta' t @@qa @@k'am ab'aj
Ooj man kompadre rik k'exchaq trik'aj wi' kila',	ooj man kompadre rik k'ex @@chaq t @@r @@ik'a @@j wi' kila'
cha'.	cha'
Despwes, despwes xuq,	despwes despwes xuq
cha',	cha'
xpet i xpet i xuq,	x @@pet i x @@pet i x @@uq
cha'.	cha'
Koompadre neen chak xa'an k'ex chwe,	koompadre neen chak x @@a @@'an k'ex ch @@we
kas ta' xk'am ab'aj.	kas ta' x @@k'am ab'aj
Neen moo xab'aan aat xak'ayaaj.	neen moo x @@a @@b'an aat x @@a @@k'ay @@aaj
I kwan xintaw xaq xinsuj pwes ke weyin iin pobr iin,	i kwan x @@in @@taw xaq x @@in @@suj pwes ke we @@yin iin pobr iin
cha' re chaq.	cha' re chaq
Taweno xyetaqch inpwaq,	ta @@weno x @@ye @@taq @@ch in @@pwaq
xyetaqch iin,	x @@ye @@taq @@ch iin
xya'taqch itz'iq	x @@ya' @@taq @@ch itz'iq
i xya' taq kwa'y chwe tamyeen,	i x @@ya' taq kwa'y ch @@we tamyeen
cha' re cha'.	cha' re cha'
I keskee kwand.	i ke @@s @@ke kwand
naa xk'am chinwch.	naa x @@k'am ch @@in @@wch
aay jweelagran put,	aay j @@weela @@gran put
lajori neen tinb'an lajori apenad k'is kompadr rik.	lajori neen t @@in @@b'an lajori apenad k'is kompadr rik
Xtoj maq kwa'y juntir despwes,	x @@toj maq kwa'y juntiir despwes
loke xqacholch.	loke x @@qa @@chol @@ch
ra kaseriy qe.	ra kaseriy qe
I mas petzel koj,	i mas petz @@el koj
cha' re re Pinaal.	cha' re re Pinaal
Kila'ili wi' raal aldeya kla'.	kila' @@i @@li' wi' raal aldeya kla'
Tb'iqane' qaxumaan re, re ch'imiyaal.	ti @@b'i @@qa @@ne' qa @@xumaan re re ch'imiy @@aal
Ji'n re ch'imiyaal kla' kila' t'iqane' qaxumaan.	jii'n re ch'imiy @@aal kla' kla' t' @@i @@q @@an @@e' qa @@xuman
Xensaj b'i ra qaaw,	x @@en @@sáj b'i ra qa @@aw
xqama' b'i ra qaq'u'.	x @@qa @@ma' b'i ra qa @@q'u'
Kila' oojwer,	kla' ooj @@wer
oojweri' dyunabes li usilyatura.	ooj @@wer @@i' dyunabes li usilyatura
I i kla' wi',	i i kla' wi'
ya wee kla' wi' ra q'atziij.	ya (wee) kla' wi' ra q'a @@tziij
I nim ra b'atz'aq i kla' tqanuch qaq'aaq',	i nim ra b'a @@tz'aq i kla' t @@qa @@nuch qa @@q'aaq'
kila' tqamiq' qaaw.	kla' t @@qa @@miq' qa @@aw
Kla' xumaan t'iqane' yaltir.	kla' xuman t'i @@q @@an @@e' yaltir
Per nijun sentaw tqach'ek,	per ni @@jun sentaw t @@qa @@ch'ek
ri' li xqab'an sufrir ooj ójor.	ri' li x @@qa @@b'an sufrir ooj ójor
Pinaal tb'i qane' jun xumaan,	Pinaal t @@b'i qa @@ne' jun xumaan
baay ausilaa	baay ausilaa
ya wi' regidor numrad,	ya wi' regidor numrad
re regidor rechaq tb'i wer chi rchochaq.	re regidor rechaq t @@b'i wer chi r @@chooch @@aq
Xaq láq'aj,	xaq láq'aj
kom ri'tqa',	kom ri' @@tq @@a'
ri'tqa' rigidor ausilyar.	ri' @@tq @@a' rigidor ???
Inkambiy qe ooj, ooj ooj tra mayor.	inkambiy qe ooj ooj ooj tra mayor
I wi' neen nab'e mayor chqe	i wi' neen nab'e mayor ch @@qe
wi' ra, ra, ra miyor qe non rii.	wi' ra ra ra miyor qe non rii
Ooj kijab',	ooj kijab'
baay kla' oojwa'x enter xuman	baay kla' ooj @@wa'x enter xuman
chi jchejejk q'atzij.	chi j @@chajá @@j @@k q'atzij
k'is wi' ajch'o'j,	k'is wi' aj @@ch'o'j
wi' neen tb'ank juntir.	wi' neen t @@b'an @@k juntiir
I rij ri' ra qachaak ooj	i ri @@j ri' ra qa @@chaak ooj
tqachejej kla'.	t @@qa @@cheje @@j kla'
Baay usil xyu' jno'j Ajchipaaj.	baa usil x @@yu' j @@no'j aj @@chipaaj
Ril taq niri xqab'it qiib',	r @@il taq niri x @@qa @@b'it q @@iib'
qatij jb'itik ra chótix.	qa @@tij j @@b'it @@ik ra chótx
Xoj ook b'itik ra chótix.	x @@oj ook b'it @@ik ra chótx
Antos lajori ya tb'it ra chótix,	antos lajori ya t @@b'it ra chótx
cha' chki' mosib'.	cha' chk @@i' mos @@ib'
Mojor tqab'an jun awsiliatura,	mejor t @@qa @@b'an jun awsiliatura
cha' taq.	cha' taq
Xaq entons jinon li qapetik xoojelch Pinaal.	xaq entons jilon li qa @@pet @@ik x @@ooj @@el @@ch Pinaal
I xoojelch Pinaal,	i x @@ooj @@el @@ch Pinaal
xuqane' ra usilyatur chik niri.	x @@uq @@an @@e' ra usilyatur chik niri
Ra k'im qe, ta' raj chólaajil.	ra k'im qe ta' ra chólaaj @@il
Per usil xqa'an chik xojelch kla'.	per usiil x @@qa @@'an chik x @@ooj @@el @@ch kla'
Xqab'an ra niri ra usilyatur re Chipaaja'.	x @@qa @@b'an ra niri ra usilyatur re chipaaja'
Enfin xkanqane' bandonar Pinaal,	en @@fin x @@kan @@qa @@ne' bandonar Pinaal
xpee alkad laq tilmit.	x @@pee alkad laq tinmit
Xoj ren oktorisar chi tqa'n ra q'atzij.	x @@oj r @@en oktorisar chi t @@q @@a'n ra q'atzij
I ooj xoj petik	i ooj x @@oj pet @@ik
tqatok i neen b'anik xqab'an ra prediy.	t @@qa @@tok i neen b'an @@ik x @@qa @@b'an ra prediy
Wi', wi', wi' li pinablok,	wi' wi' wi' li (pinablok)
lo kom ta' tzii lojori porke lamas ra prediy,	lo kom ta' tzii lojori porke lamas ra prediy
rechi' eskwel eseelk.	r @@ech @@i' eskwel ese @@el @@ik
I xi' qatitz'e' ra q'atzij kla',	i xi' qa @@titz' @@e' ra q'atzij kla'
xen koom aldeya tb'enow mandar.	x @@en koom aldeya t @@b'en @@ow mandar
Tqakoj ra q'atzij kla'.	t @@qa @@koj ra q'atzij kla'
Per yaq frofesor lq'ori ta' diyakwerd taq,	per yaq frofesor lq'ori ta' diyakwerd taq
Porke rechi' eskwel,	porke r @@ech @@i' eskwel
cha' taq.	cha' taq
Toos wi' jun ra,	too wi' jun ra
jun ra ch'o'j jb'anik,	jun ra ch'o'j j @@b'an @@ik
problem.	problem
Toos kla' li jpetik li xqa'an ra q'atzij.	toos kla' li j @@pet @@ik li x @@qa @@'an ra q'atzij
Munisipalida,	munisipalida
fiin sipaj taq ni'j tra lamin chi qe.	fiin sipa @@j taq ni'j tra lamin chi qe
Aruk're' xqab'it tra lamnx,	aruk' @@re' x @@qa @@b'it tra lamnx
xb'itk,	x @@b'it @@ik
xqa'an numrar	x @@qa @@'an numrar
xoj ren numrar.	x @@oj r @@en numrar
ri' chaq xqakoj ra q'ojoom re aañ nwebo.	ri' chaq x @@q @@koj ra q'ojoom re aañ nwebo
I kom qe ooj wi' ra qaq'ojoom.	i kom qe ooj wi' ra qa @@q'ojoom
Xqa, xqa mol rij ra qaq'ojoom.	x @@qa x @@qa mol r @@ij ra qa @@q'ojoom
Niri mas ooj trist niri.	niri mas ooj trist niri
Tos xi'j jun wunaq chwe,	tos x @@i'j jun wunaq ch @@we
Kom retamaqi' chi iin iinq'ojomani'n.	kom r @@etam @@aq @@i' chi iin iin @@q'ojoma @@n @@i'n
Rk'i wikaan ójor,	r @@k'i w @@ikaan ójor
xuq uk'il.	x @@uq uk'iil
Boos Toor,	boos Toor
cha' chwe,	cha' ch @@we
qaloq'e' jun qaq'ojoom oom,	qa @@loq' @@e' jun qa @@q'ojoom oom
cha' chwe.	cha' ch @@we
Tawen,	tawen
incha',	in @@cha'
incha'i,	in @@cha' @@i
a saber li ta' chki' inkwin li.	a saber li ta' chk @@i' in @@kwin li
A' atq'ojomani'n,	a' at @@q'ojoma @@n @@i'n
tawetamaaj na qatijoj qiib',	t @@a @@w @@etama @@aj na qa @@tijo @@j q @@iib'
cha' chwe.	cha' ch @@we
Si oom mas, mas lastima,	si oom mas mas lastima
chótix niri.	chótix niri
Qaloq'e' jun ra qe oom,	qa @@loq' @@e' jun ra q @@e oom
enkesy jun ra jalman q'ojoom tqaloq'.	enkesy jun ra jalman q'ojoom t @@qa @@loq'
I tqa'an qe, qe	i t @@qa @@'an qe qe
tqa'an ta' rejwex ooj b'e laq tokaa	t @@qa @@'an ta' rejwex ooj b'e laq tokaa
ra qe, qe re aldeya.	ra qe qe re aldeya
Mas ooj triste,	mas ooj triste
mas kojb'isonik,	mas k @@oj @@b'is @@on @@ik
dyunabes chin kyekow awaldeya,)	dyunabes chin k @@yek @@ow aw @@aldeya
tcha' re.	t @@cha' re
I qawinaqi'n li k'iche' tiyolow.	i qa @@winaaq @@i'n li k'iche' ti @@yolow
Tawen,	tawen
incha' iin re.	in @@cha' iin re
Toos tawen si tqab'an ra qaq'ojoom	toos tawen si t @@qa @@b'an ra qa @@q'ojoom
entons i aañ nweb.	entons i aañ nweb
wi' chaq ra q'atzij.	wi' chaq ra q'atzij
Toos ooj chaq q'ojomaank jujun aq'ab' rk'ilaq.	toos ooj chaq q'ojoma @@n @@ik ju @@jun aq'ab' r @@k'il @@aq
Tya'tqa' ra qakumb'al,	t @@ya' @@t @@q @@a' ra qa @@k'um @@b'al
tijya'tqa' ra qaaw,	ti @@j @@ya' @@tq @@a' ra qa @@aw
tijya'tqa' juntir.	ti @@j @@ya' @@tq @@a' juntiir
Xaq li tqach'ek,	xaq li t @@qa @@ch'ek
per kom qe ooj tqa'aa na.	per kom qe ooj (tqaa) na
Ri' chqaj tqa'an na alegrar qaldeya,	ri' ch @@q @@aj t @@qa @@'an na alegrar qa @@ldeya
tiniman qaldeya.	ti @@nim @@an q @@aldeya
Juntir,	juntiir
t'oki' ra q'ojoom,	t' @@ok @@i' ra q'ojoom
baay enteer aq'aab' baa xojoj.	baay enteer aq'aab' baa xojoj
Titaw aldeya,	ti @@taw aldeya
titaw juntir kristyan taaw anm,	ti @@taw juntiir kristyan taaw anim
taaw juntir.	taaw juntir
A' jun nim q'iij tqab'an laq'ab' re ra aldeya.	a' jun nim q'iij t @@qa @@b'an l @@aq'ab' re ra aldeya
I xmiq' ra aldeya,	i x @@miq' ra aldeya
per jwi'l qaq'ojoom kom,	per j @@wi'l qa @@q'ojoom kom
kom ta' tqab'an kobrar.	kom ta' t @@qa @@b'an kobrar
Juntir kristyan titawk	juntiir kristyan ti @@taw @@k
I xpee tzik' k'tzan frofesor	i x @@pee tzik' k'tzan frofesor
Markotul wi' niri	Markotul wi' niri
xen, xen trabajar.	x @@en x @@en trabajar
Tb'ensaj,	t @@b'en @@saj
Ral ab'aj,	ral ab'aj
nik' xb'it pech chótix.	nik' x @@b'it pech chótix
Ji'n nik' xb'it pech chótix.	ji'n nik' x @@b'it pech chótix
Entose ojchakun re chótix,	entos oj @@chaak @@un re chótix
ojchaakun re eskwela.	oj @@chaak @@un re eskwel
I tra mosib',	i tra mos @@ib'
usil nik' xb'it eskwel,	usil nik' x @@b'it eskwel
pech chótix.	pech chótix
Ji'n,	ji'n
entons kwand xentaaj eskwela,	entons kwand x @@en @@taaj eskwela
xentaaj chótix.	x @@en @@taaj chótix
Xooj q'ojomaani'n,	x @@ooj q'ojoma @@n @@i'n
xqakoj q'ojoom chi' chótix.	x @@qa @@koj q'ojoom chi' chótix
I xentaaj eskwel,	i x @@en @@taaj eskwel
xqak'ul jq'iij.	x @@qa @@k'ul j @@q'iij
xuqi' alkald,	x @@uq @@i'n alkald
ri' li.	ri' li
Kwand xentaaj ra eskwel,	kwand x @@en @@taaj ra eskwel
xentaaj ra q'atzij tambyeen.	x @@en @@taaj ra q'atzij tambyeen
Xqab'an ra q'atzij,	x @@qa @@b'an ra q'atzij
ch'usil jnon li xqab'it.	ch' @@usil jilon li x @@qa @@b'it
Ooj ojq'ojoománik,	ooj oj @@q'ojooma @@n @@ik
xqa'an gnar xok re' Matey Aj Albre re alkalde.	x @@qa @@'an gnar x @@ok re' Matey Aj Albre re alkalde
Entons taw taq,	entons taw taq
nejb'anik aq'ojoomaq,	ne @@j @@b'an @@ik a @@q'ojoom @@aq
nejb'anik tab'an taq,	ne @@j @@b'an @@ik t @@a @@b'an taq
Taw usiliyar,	taw usiliyar
taw yaq usiliyar,	taw yaq usiliyar
laj despach.	laj despach
Pwes neen taj ooj tqakoja' q'ojoom,	pwes neen ta @@j ooj t @@qa @@koj @@a' q'ojoom
aber si ooj ab'an oktorisar.	aber si ooj a @@b'an oktorisar
Koj taq a si kostumbri'n,	koj taq a si kostumbr @@i'n
cha' alkald li.	cha' alkald li
Ri' re' don Matey.	ri' re' don Matey
pero iin tirna' taqa' kobrar,	pero iin ti @@r @@ @@na' taq @@a' kobrar
cha'.	cha'
Noo,	noo
cha'.	cha'
Antons tzij don Matey	antons tzij don Matey
ya kom ta' tren taq kobrar rechaq.	ya kom ta' t @@r @@en taq kobrar rechaq
Raldeya tijb'itaq,	r @@aldeya ti @@j @@b'it @@aq
loke tren taq.	loke t @@r @@en taq
Entons xiij don Matey.	entons x @@iij don Maty
tak'amwaj taq,	t @@a @@k'amo @@w @@aj taq
ta'an taq agradeser.	t @@a @@b'an taq agradeser
Tab'an taq jun wen almwers,	t @@a @@b'an taq jun wen almwers
jun wen seen re jun ra esb' raj tewaq.	jun wen seen re jun ra es @@b' ra tew @@aq
Kones kikotemal che'ch' don Matey rechaq yaq awsiliyar.	kones kikotema @@l che' @@ch don Matey rechaq yaq awsilyar
I yaq awsiliyar ri' tra jujun mosib'.	i yaq awsilyar ri' tra ju @@jun mos @@ib'
I wi' naturaal koj taq retal.	i wi' naturaal koj taq r @@etal
Tons jnon li tren taq chi qe,	tons jilon li t @@r @@en taq chi qe
ojloq'aj taq tya'tqa' qatrag laq'ab'.	oj @@loq'a @@j taq t @@ya' @@tq @@a' qa @@trag laq'ab'
jun ra qakafee pech pan.	jun ra qa @@kafee pech pan
Si noo xna'tqa' tamal,	si noo x @@na' @@tq @@a' taml
I baa lajori muk're' ajtren taq	i baa lajori muk' @@re' aj @@t @@r @@en taq
o ta' chki'n.	o ta' chk @@i'n
Kom qe ooj lojori jnon li xqab'it qaldeya.	kom qe ooj lojori jnon li x @@qa @@b'it q @@aldeya
I usil ya lojori ya xmiq'i'n	i usil ya lojori ya x @@miq' @@i'n
i juntir ya tikwin tijkoj taq q'ojoom.	i juntiir ya ti @@kwin ti @@j @@koj taq q'ojoom
xoj xkam k'etzen wunaq.	x @@oj x @@kam ka'etzen wunaq
I xkaani' inq'ojoom iin,	i x @@kaan @@i'n in @@q'ojoom iin
li chwe.	li ch @@we
Tons xqasipaj na kib',	tons x @@qa @@sipa @@j na kib'
uxub' tiyemp chik.	uxib' tiyemp chik
Oor kwand xkam k'etzen wunaq	oor kwand x @@kam k'etzen wunaq
Tiix Tiw.	Tiix tiw
tobiy xqab'anaa.	tob'iy x @@qa @@b'an @@aa
I kistyan ya wi' chaq jpwaqaq juntir.	i kistyan ya wi' chaq j @@pwaq @@aq juntiir
I ooj tqana' gaast re ra q'ojoom.	i ooj t @@qa @@na' gaast re ra q'ojoom
Tqaloq'a'n teel,	t @@qa @@loq' @@a'n teel
tqaloq'a'n juntir.	t @@qa @@loq' @@a'n juntir
tambyeen la' tqesajw.	tambyeen la' t @@q @@e @@sáj @@w
laj kab' q'iij tqarayaaj jun raqaa,	laj kab' q'iij t @@qa @@ray @@aaj jun ra @@qaa
qaaw tqarayaaj jun ra qlen.	qa @@aw t @@qa @@ray @@aaj jun ra qlen
I ta'n,	i ta'n
tons xqab'an pensar	tons x @@qa @@b'an pensar
nechaa ooj q'ojomaani'n.	ne @@chaa ooj q'ojoma @@an @@i'n
Per oojatoj sikyer pajni'j.	per ooj @@a @@toj sikeer pajni'j
Ya xqasipaji' mas,	ya x @@qa @@sipa @@j @@i' mas
che' rechaq.	che' rechaq
Yaq regidor,	yaq regido
baa lajori yaq regidor tichaq toj taq k'itjaa'.	baa lajori yaq regidor ti @@chaq toj taq k'itij @@a'
Per ya xqana' ra,	per ya x @@qa @@na' ra
ya xi' mas de beyntisink aañ,	ya xi' mas de beyntisink año
o beyte aañ tqana'tqa' serbir.	o beyte año t @@qa @@na' @@tq @@a' serbir
Xqab'ita' qaldeya,	x @@qa @@b'it @@a' q @@aldeya
entons ya lojori kita' chki' ooj q'ojománik.	entons ya lojori kita' chk @@i' ooj q'ojoma @@n @@ik
Per paresk tzii ooj q'ojomank.	per paresk tzii ooj q'ojoma @@n @@ik
Kins sektimbr regalad.	kins sektimbr regalad
Rk'i k'omon rechaq yaq pofesor	(r @@k'i) k'omon rechaq yaq pofesor
juntir,	juntir
diy las madr ooj b'i q'ojoman kib',	diy las madr ooj b'i q'ojoma @@n kib'
uxub' oor.	uxib' oor
E tambyeen ta' tqab'an kobrar.	e tambyeen ta' t @@qa @@b'an kobrar
Kwand xwa'x don Karm niri,	kwand x @@wa'x don Karm niri
Kanis,	Kanis
cha' taq re, re profesor.	cha' taq re re profesor
Ooj retamaqi' niri taan alegre re'	ooj r @@etama @@q @@i' niri taan alegre re
inyuq jch'ab'ej taq.	in @@yu' j @@ch'ab'e @@j taq
I kom iin xinkan enteresaa re ra q'ojoom.	i kom iin x @@in @@kan enteresaa re ra q'ojoom
I alegre tqab'it qe,	i alegre t @@qa @@b'it qe
jinon li xqab'it qaldeya.	jilon li x @@qa @@b'it q @@aldeya
Entons lojori ooj chaq toj taq k'ítaja'.	entons lojori ooj chaq toj taq k'itaja'
Kwand rajaq yaq ausiliyar.	kwand r @@aj @@aq yaq ausiliyar
I ta' rajaq lojori jalan chaq aq'ojoom tijme' taq.	i ta' r @@aj @@aq lojori jalan chaq a @@q'ojoom ti @@j @@me' taq
Tijme' taqch ajsanantoñ,	ti @@j @@me' taq @@ch aj @@san @@antoñ
wi' bes pkom ya qe ooj ya xqab'ita'n.	wi' bes p @@kom ya qe ooj ya x @@qa @@b'it @@a'n
Ya xkan qak'ute' chuchaq.	ya x @@kan qa @@k'ut @@e' ch @@uch @@aq
Wetren taq seguir taweno.	we @@t @@r @@en taq seguir tawen
I mikita'n,	i mi @@kita'n
wetijchup taq	we @@ti @@j @@chup taq
ri' chaq rechaq ti'lu taq.	ri' chaq rechaq ti' @@lu taq
Per qe ooj xqana' luchar jb'itik.	per qe ooj x @@qa @@na' luchar j @@b'it @@ik
Ri' li xqa'an ooj,	ri' li x @@qa @@'an ooj
xqab'it qaldeya,	x @@qa @@b'it q @@aldeya
ooj q'ojomanik.	ooj q'ojoma @@n @@ik
I xqab'ita'n,	i x @@qa @@b'it @@a'n
mit ril taq yaq profesor.	mit r @@il taq yaq profesor
Noo li xojq'ojomani'n,	noo li x @@oj @@q'ojoma @@n @@i'n
juntir xqab'it qaldeya li,	juntiir x @@qa @@b'it q @@aldeya li
usil, usil xok,	usil usil x @@ok
xniman nim q'iij niri.	x @@nim @@an nim q'iij niri
Entons oojtataq yaq mosib',	entons ooj @@ta @@taq yaq mos @@ib'
chi oojkwin re q'ojomank.	chi ooj @@kwin re q'ojoma @@n @@k
K'etzen profesor,	k'etzen profesor
oojkwini' re q'ojoman,	ooj @@kwin @@i' re q'ojoma @@n
entonse xen taq pormar chik tqab'an nim q'iij niri.	entonse x @@en taq pormar chik t @@qa @@b'an nim q'iij niri
Tons loke tren konbenir tqesaaj konbit,	tons loke t @@r @@en konbenir t @@qe @@saaj konbit
cha' taq.	cha' taq
xen taq areglar resaaj kombite.	x @@en taq areglar r @@e @@saaj kombite
Usil xel konbit niri.	usil x @@el konbit niri
I ooj oojb'enow ensayar rechaq.	i ooj oj @@b'en @@ow ensayar rechaq
Ta' chki' la' tijtoke' taq q'ojoom,	ta' chk @@i' la' ti @@j @@tok @@e' taq q'ojoom
no ke nirit mism.	no ke nirit mism
xin kwin chij b'itik uchoch.	x @@in kwin chi @@j b'it @@ik uchoch
Uchoch li wi' jakili nim jpaam.	uchoch li wi' jaki @@li nim j @@paam
Tpee profesor Kaarm	t @@pee profesor Kaarm
i k'etzen taq profesor,	i k'etzen taq profesor
yuqte' taq jaa chwe.	yuq @@te' taq jaa ch @@we
Kla',	kla'
kom ta' eskwela,	kom ta' eskwela
ta' salon.	ta' salon
La jaa uk'il tren taq ensay.	la jaa uk'il t @@r @@en taq ensay
niri xna' komo kijab',	niri x @@na' komo kijab'
joob' welt ensay.	joob' welt ensay
Niri, niri t'el b'i kombit,	niri niri t @@el b'i kombit
ooj ojq'ojoman chi rijaq.	ooj oj @@q'ojoma @@n chi r @@ij @@aq
I ooj q'ojoman chi rijaq.	i ooj q'ojoma @@n chi r @@ij @@aq
Por kom ta' ra qapwaq,	por kom ta' ra qa @@pwaq
ta' len ojt'owk.	ta' len oj @@t'o @@w @@ik
konto ensay re ju'nj enter ojq'ojoman.	konto ensay re ju'n @@j enter oj @@q'ojoma @@n
Per ojkwin ojq'ojoman	per oj @@kwin oj @@q'ojoma @@n
o' tpeti kristyan chi rilik.	o' t @@pet @@i' kristyan chi r @@il @@ik
Ooj ojq'ojoman,	ooj oj @@q'ojoma @@n
sik' qaq'ojoom ri byen xoj b'ita'n.	sik' qa @@q'ojoom ri byen x @@oj b'it @@a'n
Baay kom ya tchaq ren ayudar,	baay kom ya t @@chaq r @@en ayudar
ya q'ori xna' kambyar.	ya q'ori x @@na' kambyar
Ya mojor tqatok q'ojoom naaj,	ya mejor t @@qa @@tok q'ojoom naaj
cha' taq.	cha' taq
Usil xijme' taq yaq ajlaq tilmit.	usil x @@i @@j @@m @@e' taq yaq aj @@ @@laq tinmit
Usil ya mojor ya noo.	usil ya mejor ya noo
niri tqatok chik tqa'an deferensiyar,	niri t @@qa @@tok chik t @@qa @@'an deferensiyar
cha' chik yaq ník'aj frofesor chik.	cha' chik yaq nik'aj profesor chik
Baay yaq frofesor,	baay yaq frofesor
ník'aj chik ya jalan chaq mejor.	nik'aj chik ya jalan chaq mejor
Usil xuq chik jun frofesor chik.	usil x @@uq chik jun frofesor chik
Mejor tqamech' naaj,	mejor t @@qa @@me @@ch' naj
kom lojori chaq ye'saj ayud laq'titzij.	kom lojori chaq ye' @@sáj ayud la @@q't @@itzij
Kla' chaq tb'i resaj taqch.	kla' chaq t @@b'i r @@e @@sáj taq @@ch
Aj chi naaj chaq tyu q'ojoman.	aj chi naaj chaq t @@yu' q'ojoma @@n
Toos qe ooj ta' chki' ooj chikon jwi'laq lojori.	toos qe ooj ta' chk @@i' ooj chikon j @@wi'l @@aq lojori
Per xkani' qak'ute',	per x @@kan @@i' qa @@k'ut @@e'
xqak'uta'n ooj xoj q'ojomanik.	x @@qa @@k'ut @@a'n ooj x @@oj q'ojoma @@n @@ik
Xiij man frofesor Marktulyo	x @@iij man frofesor Marktulyo
qetz xwa'x niri.	qetz x @@wa'x niri
I niri xkamw b'ik.	i niri x @@kam @@w b'ik
tcha' re,	t @@cha' re
tcha' re k'etz'en wunaq.	t @@cha' re k'etzen wunaq
Noo don Baltasar	noo don Baltasar
iin chwaaj loke wi' laydey,	iin ch @@waaj loke wi' l @@aydey
ri' li tqak'ut chuch, chuch kistyan.	ri' li t @@qa @@k'ut ch @@uch ch @@uch kistyan
Tpee kistyan naaj,	t @@pee kistyan naaj
tik'utunk,	ti @@k'utu @@n @@k
neen wi' li aldeya.	neen wi' li aldeya
Neen, neen wi' ra qaq'ojoom.	neen neen wi' ra qa @@q'ojoom
I wi' ra, ra moyimiyento tqab'an ooj ojb'enowk.	i wi' ra ra moyimiyento t @@qa @@b'an ooj oj @@b'en @@ow @@k
Maa jweranta'n tyuq b'enowoq.	maa jweran @@ta'n t @@yuq b'en @@ow @@oq
Tons ri' li tren mostrar chuch kistyan,	tons ri' li t @@r @@en mostrar ch @@uch kistyan
tcha' k'etzen frofesor.	t @@cha' k'etzen frofesor
Entons ooj dyakwerd aat q'ojoman taq.	entons ooj dyakwerd aat q'ojoma @@n taq
I tqak'ut la' wi' ra, ra qakapasida laj qaldeya,	i t @@qa @@k'ut la' wi' ra ra qa @@kapasida laj q @@aldeya
tcha' man frofesor li chi qe.	t @@cha' man frofesor li chi qe
Entons i tz'eti' xqak'uta'n.	entons i tz'et @@i' x @@qa @@k'ut @@a'n
Baa lojori kom wi' chaq aportunida.	baa lajori kom wi' chaq aportunida
Ya lq'ori ya, ya, ya kiyeresir	ya lq'ori ya ya ya kiyere @@sir
ya wi' chaq ra pwaq tiye'saj li aldeya.	ya wi' chaq ra pwaq ti @@ye' @@sáj li aldeya
Tichaq b'ijme' taqch ajKobaan,	ti @@chaq b'i @@j @@me' taq @@ch aj @@Kobaan
b'ij me'taqch aj San Pedro Karchaa.	b'ij me' @@taq @@ch aj San Pedro Karchaa
Tichaq b'ijme'taqch ajnaaj q'ojoom,	ti @@chaq b'i @@j @@me' @@taq @@ch aj @@naaj q'ojoom
tichaq toj taq por miil chaq.	ti @@chaq toj taq por miil chaq
I ri' qe ooj niri xqatiik ra dose ketzal qe xqach'ek.	i ri' qe ooj niri x @@qa @@tiik ra dose ketzal qe x @@qa @@ch'ek
Yoos per re qe jun qa, qa, qa aaw tqajaach chi qawch.	Doos per re qe jun qa qa qa aaw t @@qa @@jaach chi qa @@ch
K'exi' xqatij chijb'itik qaldeya.	k'ex @@i' x @@qa @@tij chi @@j @@b'it @@ik q @@aldeya
Niri lojori kepen yaq frofesor kow chaq tijye' rib'aq juntir.	niri lojori ke @@peen yaq frofesor kow chaq ti @@j @@ye' r @@ib' @@aq juntiir
Per qe ooj xqana' luchar bastante.	per qe ooj x @@qa @@na' luchar bastante
Ji'n xqab'it salon,	ji'n x @@qa @@b'it salon
usil xojchaakuni'n juntir.	usil x @@oj @@chaaku @@n @@i'n juntiir
Oor ri' chaq yaq, yaq tijk'iyikaq lq'ori,	oor ri' chaq yaq yaq ti @@j @@k'iy @@ik @@aq lq'ori
wet wee tkuxtaj jwi'laq	wet wee t @@kuxta @@j j @@wi'l @@aq
o ya noo.	o ya noo
Per ooj ya xqab'ita'n,	per ooj ya x @@qa @@b'it @@a'n
lajori ya xqab'ita'n.	lajori ya x @@qa @@b'it @@a'n
Lojori bonit chaq rilik aldeya.	lojori bonit chaq r @@il @@ik aldeya
I wi' chaq lojori chik,	i wi' chaq lojori chik
ya primera Diyoos	ya primera Diyoos
ya xkan qak'ute' jun kitz loke qakapasida laj qaldeya.	ya x @@kan qa @@k'ut @@e' jun kitz loke qa @@kapasida laj q @@aldeya
Pwes ri' li xqa'an ooj.	pwes ri' li x @@qa @@'an ooj
Xoj chaakuni'n,	x @@oj chaak @@un @@i'n
xqana'n,	x @@qa @@na'n
xqana' perder qatiyempo.	x @@qa @@na' perder qa @@tiyemp
Pero ta' xqab'an perder ooj.	pero ta' x @@qa @@b'an perder ooj
xqana' perder.	x @@qa @@na' perder
Per ta' xqab'an perder	per ta' x @@qa @@b'an perder
porke xkani' qak'ute' qakapasida.	porke x @@kan @@i' qa @@k'ut @@e' qa @@kapasida
Ji'n la' wi' ra, ra qupiis,	ji'n la' wi' ra ra q @@upiis
ra wi' ra qaq'ab'.	ra wi' ra qa @@q'aab'
Ra wi' raqakostumbr xqab'ana'n.	ra wi' ra @@qa @@kostumbr x @@qa @@b'an @@a'n
Xqab'ana'n nim q'iij	x @@qa @@b'an @@a'n nim q'iij
i xqana' alegrar,	i x @@qa @@na' alegrar
xqak'uta' tra qakostumbr chuch ék'el.	x @@qa @@k'ut @@a' tra qa @@kostumbr ch @@uch ék'el
I lojori yaq tijin jk'iyikaq,	i lojori yaq tijin j @@k'iy @@ik @@aq
wet tziiti xqab'an tril taq,	wet tzii @@ti x @@qa @@b'an t @@r @@il taq
tijna'tqa' seguir.	ti @@j @@na' @@tq @@a' seguir
Solmente si ta' tzii xqa'an tril taq	solamente si ta' tzii x @@qa @@'an t @@r @@il taq
tijchupa'tqa' li.	ti @@j @@chupa' @@tq @@a' li
Pero ya qe ooj xkani' qane' luchar jb'iti' aldeya,	pero ya qe ooj x @@kan @@i' qa @@ne' luchar j @@b'it @@i' aldeya
lojori chuchaq.	lojori ch @@uch @@aq
I primeramente Diyoos lojori wi' chaq karetera,	i primeramente Dyoos lojori wi' chaq karetera
wi' chaq juntir.	wi' chaq juntir
Ta' chki' k'ex tijtaq, tqa'an qanim q'iij lq'ori.	ta' chk @@i' k'ex ti @@j @@taq t @@qa @@'an qa @@nim q'iij lq'ori
Nim q'iij re Mariya Awsiliyadora,	nim q'iij re Mariya Awsiliyadora
ya titulad chaq.	ya titulad chaq
Ya xna' sonar ondekeraa.	ya x @@na' sonar onde @@keaa
Tichaq pee ajchinaaj chi rilik.	ti @@chaq pee aj @@chi @@naaj chi r @@il @@ik
Wi' chaq,	wi' chaq
ya xnimani'n,	ya x @@nima @@n @@i'n
per k'exi' xqatij kwand xqachol.	per k'ex @@i' x @@qa @@tij kwand x @@qa @@chol
Ra jb'anik ayoos tijb'ij qabesiin aj Pinaal chi qe,	ra j @@b'an @@ik a @@yoos ti @@j @@b'ij qa @@besiin aj Pinaal chi qe
tq'ax taq.	t @@q'ax taq
Ayoos tqa'an ra qalmwers kwand xqachol,	a @@yoos t @@qa @@'an ra q @@almwers kwand x @@qa @@chol
tqa'an ra qalmwers.	t @@qa @@'an ra q @@almwers
A' beloriy li,	a' beloriy li
la' a estan asyendo belorio,	la' a estan asyendo belorio
tcha' taq.	t @@cha' taq
I wi' ra qab'o'j b'a q'aaq',	i wi' ra qa @@b'o'j b'a q'aaq'
qaqaqan ra qalmwers b'atz'aq,	qa @@qa @@q @@an ra q @@almwers b'a @@tz'aq
tqab'an posaa kla'.	t @@qa @@b'an posaa kla'
maa beloriy ta' chki'n.	maa beloriy ta' chk @@i'n
Lojori titulaa chaq nim q'iij,	lojori titulaa chaq nim q'iij
ya xa' kwent chaq sansonar ajsik.	ya x @@ya' kwent chaq s @@an @@sonar ajsik
Tons ri' li ra qáchak xqab'an.	tons ri' li ra qa @@chak x @@qa @@b'an
ajiini' ék'el re'.	aj @@iin @@i' ék'el re
de beyntikwatro,	de beyntikwatro
de beyntisink,	de beyntisink
Niri, niri xoj chakuni'n juntir.	niri niri x @@oj chaku @@n @@i'n juntiir
I primeramente Diyoos chak,	i primeramente Diyoos chak
Tose iin niri xinkub'eri'n,	tos iin niri x @@in @@kub' @@er @@i'n
porke jwi'l inrelijiyon.	porke j @@wi'l inrelijiyon
I jwi'li' chótix	i j @@wi'l @@i' chótix
i jwi'li' taant.	i j @@wi'l @@i' taant
Est lojori pongamos lq'ori ya xnimani' ra qachak.	est lojori pongamos lq'ori ya x @@nima @@n @@i' ra qa @@chaak
Ya xkutuni' ra qachak	ya x @@k'utu @@n @@i' ra qa @@chak
loke xqab'an.	loke x @@qa @@b'an
Entons oor lq'ori yaq, yaq tijin jk'iyikaq.	entons oor lq'ori yaq yaq tijin j @@k'iy @@ik @@aq
Chek wunaq ri ya rechaq,	chek wunaq ri ya rechaq
ya rila'tqa'n wee tzii xqa'an ril taq.	ya r @@il @@a' @@tq @@a'n wee tzii x @@qa @@'an r @@il taq
Tirna'tqa' seguir li, ta', ta', ta' tijchup taq,	ti @@r @@na' @@tq @@a' seguir li ta' ta' ta' t @@j @@chup taq
ta' tijkomsaj taq.	ta' ti @@j @@kom @@sáj taq
De loke tren taq tijb'i taq jwich,	de loke t @@r @@en taq ti @@j @@b'i taq j @@wiich
oor mikita' tzii xqab'an re tril taq.	oor mi @@kita' tzii x @@qa @@b'an re ti @@r @@il taq
Tika' jchupa'tqa' re',	tika' j @@chupa' @@tq @@a' re'
per balemas qe ooj xqatija' jq'iijl.	per bale @@maas qe ooj x @@qa @@tij @@a' j @@q'iij @@l
Xqatija' qachoq'w,	x @@qa @@tij @@a' qa @@choq' @@w
xkan qak'ute'.	x @@kan qa @@k'ut @@e'
chuk' tijyol taq mir pwes qatija' jun ra qatrag.	chuk' ti @@j @@yol taq mir pwes qa @@tij @@a' jun ra qa @@trag
Qatija' jun ra qalmwers,	qa @@tij @@a' jun ra q @@almwers
xya'tqa' jun qadesayun.	x @@ya' @@tq @@a' jun qa @@desayun
I alegre xqab'ena' nim q'iij,	i alegre x @@qa @@b'e @@na' nim q'iij
ji'n.	ji'n
Entonse ya lq'ori ya xkan qatoje',	entonse ya lq'ori ya x @@kan qa @@toj @@e'
es élunik namas qaaj.	es el @@unik namas qaaj
K'omo chawe qaaj Toor.	k'omo ch @@aw @@e qaaj Toor
neen jb'aniik xan k'ex loq'laj uleew chi qawch.	neen j @@b'an @@iik x @@b'an k'ex loq'laj uleew chi qa @@ch
Pero ajki' maas ójor	peer ajki' maas ójor
raaj lajori juun kawunaq junaab' o se'a kwarenta años.	r @@aaj laj'ori juun ka @@wunaq junaab' o' se'a kwarenta año
ki ta' tzaqsáj kaxlaan mees,	ki ta' tzaq @@sáj kaxlaan mees
ta' tib'ansáj juun seb'laj chaak,	ta' ti @@b'an @@sáj jun seb'laj chaak
ta' tik'upsáj uleew tambyeen.	ta' ti @@k'up @@sáj uleew tambyeen
tiq jos taq qaqaaj qachuuch,	tiq jos taq qa @@qaaj qa @@chuuch
y ta' naaj qesaaj taq josiik,	y ta' naaj q @@esaa @@j taq jos @@iik
i tijye' tzilaj taq ab'iix,	i ti @@j @@ye' tzi @@laj taq ab'iix
y nen xk'up ruleew,	y neen x @@k'up r @@uleew
seb'laj nim jaal tijb'it jun junaab'.	seb'laj nim tyo'x ti @@j @@b'it jun junaab'
y seb'laj ka'n chaq laq uleew.	y seb'laj ka'n chaq la @@aq uleew
Pero nen xanow k'ex re uleew,	peer neen x @@b'an @@ow k'ex r @@e uleew
ri lo ke iin tanb'iij	ri lo ke in t @@in @@b'i @@j
o sea tzi kan el grabado,	o' se'a tzi kan el grabar
nen b'i ri re nen b'aniik xan k'ex uleew twil iin.	neen b'i ri re neen b'an @@iik x @@b'an k'ex uleew t @@w @@il in
Komo ke k'is organisasiones relijyosas xanow k'ex re uleew,	koom ke k'is organisasiones relijyosas x @@b'an @@ow k'ex r @@e uleew
ee kwando xisájik ke es mejor tikojsáj abono,	e kwaand x @@b'i @@sáj @@ik ke es mejor ti @@koj @@sáj aboon
xk'amsájch itz'yeq Estados Unidos,	x @@k'am @@sáj @@ch itz'yeq Estados Unidos
xk'amch la Iglesya Katolika,	x @@k'am @@ch la iglesya katolika
xk'amch ritz'iq	x @@k'am @@ch r @@itz'yeq
ee tib'ij taq rechaq re tijt'o taq meb'a'.	e ti @@b'ij taq r @@ech @@aq r @@e ti @@j @@t'o taq meb'a'
Pero em twil i'n me ki ta' xojt'o taq,	peer em ti @@w @@il i'n me ki ta' x @@oj @@t'o taq
si no ke xan taq ke k'ex chi qe.	si' no' ke x @@b'an taq ke k'ex chi q @@e
Xk'am taqch yajeel la maq atz'iyeq,	x @@k'am taq @@ch yaj @@eel la m @@aq itz'yeq
sib'laj k'ii jwiich yajeel xpetik,	sib'laj k'ii j @@wiich yaj @@eel x @@pet @@ik
y k'amolch jwi'l maq atz'iyeq,	y k'am @@ol @@ch j @@wi'l m @@aq itz'yeq
ta' loq' tesaj juruub' ne tach'ej	ta' loq' t @@esa @@j juruub' ne' t @@a @@ch'ej
komo ke k'amolch juun étzel ti'l dyunabees.	koom ke k'am @@ol @@ch juun étzel ti @@i'n @@li dyunabes
Y eem xk'am taqch abono,	y em x @@k'am taq @@ch aboon
xk'am taqch beneno,	x @@k'am taq @@ch beneno
xk'am taqch folyares. Xmajsáj k'exik ri ri ri k'aslemaal loq'laj tiko'n,	x @@k'am taq @@ch folyar x @@maj @@sáj k'ex @@iik ri ri ri k'aslem @@aal loq'laj tiko'n
y ta chi' ta' tijya' loq'laj uleew lijori si mi ta' tiqakoj,	y ta' chi' ta' ti @@j @@ya' loq'laj uleew lijori si' mi ta' ti @@qa @@koj
ta' chi' loq' ojwí'nik.	ta' chi' loq' oj @@wi'n @@ik
Xwil na júnkitz ójor,	x @@w @@il na júnkitz ójor
ri tik'upsáj uleew,	ri ti @@k'up @@sáj uleew
y qap kirtyaan wi' kirneraq,	y qap kirtyaan wi' kirner @@aq
wi' jwakixaq,	wi' j @@wakix @@aq
b'ween taq ab'iix naq b'itaq pero ke kalidad ab'iix en ryalidad.	bween taq ab'iix na @@aq b'it @@aq peer ke kalidad ab'iix en ryalidad
Ri chi ki lajori ta' chi ki i'n si no ke taye' abono,	ri chi ki laj'ori ta' chi ki i'n si' no' ke ta @@ye' aboon
tzurmájch juun monton ka'n ch alaaj,	tzur @@máj @@ch jun montoon ka'n chi alaaj
seb'laj ixpek'peech,	seb'laj ixpek'peech
sib'laj wi' chaq nik'ij tra ka'n chik	sib'laj wi' chaq nik'ij ra ka'n chik
ta' chi ki tiqach'ob' jwich saber nen chi ka'n laal.	ta' chi ki ti @@qa @@ch'ob' j @@wich saber neen chi ka'n laal
y tinaloq' chik juun kúmb'il re tijk'amsáj chik li chik,	y ti @@in @@a @@loq' chik jun kúmb'il r @@e ti @@j @@k'am @@sáj chik li chik
i nojeel q'iij tiqab'aan maas k'ex re uleew.	i nojeel q'iij ti @@qa @@b'an maas k'ex r @@e uleew
Ri ójir tikuxtaaj inwi'l chuch jaa ri qalúwir ooj poqi'n, baa ma kaach' uleew ta'n,	ri ójir ti @@kuxtaa @@j in @@wi'l ch @@uch jaa ri qa @@lúwir ooj pooq @@i'n @@n baa ma kaach' uleew ta'n
em qak'up júnkitz,	em qa @@k'up júnkitz
qaqesaj kinaq' peech k'atzaan inchuuch,	qa @@q @@esa @@j kinaq' peech k'atzaan in @@chuuch
qatik júnkitz qakinaq' qe qe ooj berdad qe chuch jaa.	qa @@tik júnkitz qa @@kinaq' qe q @@e ooj berdad q @@e ch @@uch jaa
Ee qatik keq lu'j	ee qa @@tik keq lu'j
nik'ij keq kinaq' ji' nimaqiil ri' per galaan kinaq' tran oombre,	nik'ij keq kinaq' ji' nim @@aq @@iil r @@i'n peer galaan kinaq' t @@r @@b'an oombre
per ke kinaq' oom, qes tz'eet y y chi tijeem kinaq' li Balo,	peer ke kinaq' oombre qas tz'eet y y chi tij @@eem kinaq' li Waldo
seb'laj simiin chi tijeem,	seb'laj simiin chi tij @@eem
ta' rejwéxik ke lijori tib'ijsáj,	ta' rejwéxik ke lijori ti @@b'ij @@sáj
ke tantzaq ke sopa,	ke t @@in @@tza @@aq ke sopa
ke tatzaq konsome	ke t @@a @@tza @@aq konsomee
no li ta' tib'ansáj ójir,	no' li ta' ti @@b'an @@sáj ójir
en ryalidad xansáj k'ex chi qe fijaat,	en ryalidad x @@b'an @@sáj k'ex chi q @@e fijaat
pi we iin xansáj k'ex chi qe.	pi w @@e in x @@b'an @@sáj k'ex chi q @@e
In maas tantzaq reqle'n la iglesya katolika,	in maas t @@in @@tzaq r @@eqle'n la iglesya katolika
ri li tantzaq reqle'n in,	ri li ta @@in @@tzaq r @@eqle'n iin
por ke xk'am taqch qleen,	por ke x @@k'am taq @@ch qleen
xya' taq jno'j kirtyaan,	x @@ya' taq j @@no'j kirtyaan
raaj ne' tzi li li tzi li tanb'ij iin.	raaj ne' tzi li li tzi li t @@an @@b'ij iin
xan taq juun, juun parte,	x @@b'an taq juun juun paart
pero pi jun lado chik xan taq k'ex chi qe,	peer pi jun laad chik x @@b'an taq k'ex chi q @@e
xan taq k'ex chi qe por ke fijate ke,	x @@b'an taq k'ex chi q @@e por ke fijaat ke
ójor taq tziij b'aniik tanb'iij,	ójor taq tziij b'an @@iik t @@in @@b'i @@j
tatik akinaq',	t @@a @@tik a @@kinaq'
saqweech Oswaldo peer ke saqweech oombre ki ta' beneno xqil,	saqweech Waldo peer ke saqweech oombre ki ta' beneno x @@q @@il
¿nen nen chaq xk'exmaj uuch uleew? ooj xojk'exowik,	neen neen chaq x @@k'ex @@maj uuch uleew ooj x @@oj @@k'ex @@ow @@ik
no'j i'n kirtyaan extranjerb' xpetaq,	no'j i'n kirtyaan extranjerb' x @@pet @@aq
xij taq ke, qakoje' kaxlaan mees laq uleew.	x @@b'ij taq ke qa @@koj @@e' kaxlaan mees li @@aq uleew
Saqweech ójir Balo tijye' saqweech maq ri,	saqweech ójir Waldo ti @@j @@ye' saqweech m @@aq ri
pero rechi' juun saqweech antiwo ma ri ta' re k'is kaxlaan taq wónik.	peer r @@ech @@i'n jun saqweech antiib' ma ri ta' r @@e k'is kaxlaan taq wunaq
che' taq re man saqweech,	che' taq re man saqweech
a pero lujo man saqweech y tatij	a peer lujo man saqweech y ti @@a @@tij
y b'ansáj ra'l pero kalidad boos Balo,	y b'an @@sáj r @@a'l peer kalidad boos Waldo
seb'laj simiin chi' tijeem,	seb'laj simiin chi tij @@eem
tz'et raaj aaw	tz'eet r @@aaj a @@wa
y ta' tika'nob' awee jwi'l,	y ta' ti @@ka'n @@ob' aw @@ee j @@wi'l
ta' tran k'ex awexkolb' jwi'l si,	ta' ti @@r @@b'an k'ex aw @@ixkólb' j @@wi'l si'
re sib'laj rechi' loq'laj uleew pwees.	re sib'laj r @@ech @@i'n loq'laj uleew pwees
Tikuxtaaj inwi'l	ti @@kuxtaa @@j in @@wi'l
wi' juun juun luwar jri ajsik re saqpooq tjb'ij taq,	wi' jun jun luwar jri ajsik r @@e saq @@pooq t @@j @@b'i @@j taq
y inqaaj pwees tikil saqweech jwi'l,	y in @@qaaj pwees tik @@il saqweech j @@wi'l
o telch tra saqweech rik'an,	o ti @@el @@ch ra saqweech r @@ik'an
tikankojsáj jmuul laq ab'ix,	ti @@kan @@koj @@sáj j @@muul li @@aq ab'iix
titaw chik tyempo tijos b'ik,	ti @@taw chik tyeemp ti @@jos b'ik
ji' maq saqweech ri wulman laq uleew fijate,	ji' m @@aq saqweech ri wulman li @@aq uleew fijaat
tawesájch a Dyoos juun gran bida,	t @@aw @@esa @@j @@ch a Dyoos jun graan bida
sib'laj tinojsánik,	seb'laj ti @@nojsa @@n @@ik
y sib'laj galaan chi tijeem.	y sib'laj galaan chi tij @@eem
Baay xij xok li maq maq xpet chik	baa x @@b'i @@j x @@ok li m @@aq m @@aq x @@pet chik
y tambyeen maq gringos, xk'am taqch semiya extranjera,	y tambyeen m @@aq gringos x @@k'am taq @@ch semiya extranjerb'
xk'am taqch juun saqweech juun redondo saqweech,	x @@k'am taq @@ch jun saqweech jun redondo saqweech
xk'am taqch juun lomaan,	x @@k'am taq @@ch jun lomaan
y y sach jb'iij maq saqweech xk'am taqch.	y y sach j @@b'iij m @@aq saqweech x @@k'am taq @@ch
Kla' sach jwich ra qasaqweech ooj fijate.	kla' sach j @@wich ra qa @@saqweech ooj fijaat
Lajori tatik chik ta' chiki' tya',	laj'ori t @@a @@tik chik ta' chik @@i'n ti @@ya'
lajori y kita' chiki' sachi' jwich,	laj'ori y ki @@ta' chik @@i'n sach @@i'n j @@wich
ta' chiki' ma ra ma ra saqweech li ta' chiki'n.	ta' chik @@i'n ma ra ma ra saqweech li ta' chik @@i'n
Tatok ta' chiki' lamaas ti wi' chikwu,	t @@a @@tok ta' chik @@i'n lamaas ti wi' chik @@wu
saber we raaj rik'il k'is Ajkarakol,	saber we raaj r @@ik'il k'is aj @@karakol
Ajsaqja' raj ajwi',	aj @@saqja' ra @@j aj @@wi'
ajwi' pero in tanb'an pensar ta' chiki'n.	aj @@wi' peer in t @@in @@b'an pensar ta' chik @@i'n
Ri li tijb'ij rechaq,	ri li ti @@j @@b'i @@j re @@ch @@aq
eske man saqweech li ta' ta' loq' tak'ayeej,	eske man saqweech li ta' ta' loq' ti @@a @@k'ay @@ee @@j
ta' nim tijye' juun k'aam,	ta' nim ti @@j @@ye' juun k'aam
y tz'et i'n ta' qas nim tijye'w	y tz'eet i'n ta' qas nim ti @@j @@ye' @@wu
tantyado ke tijye'w ra saqweech,	tantyado ke ti @@j @@ye' @@w ra saqweech
per raaj titiksáj juun kib' tzii tikik,	peer raaj ti @@tik @@sáj juun kib' tzii tik @@ik
ri tiye' seguramente,	ri ti @@ye' seguramente
komo ta' xansáj ójor ta' tichikonik,	koom ta' x @@b'an @@sáj ójor ta' ti @@chikon @@ik
y komo ta' rajwu ta' tik'amsáj	y koom ta' r @@ajwu ta' ti @@k'am @@sáj
Rik'an ke telch laq ab'ix,	r @@ik'an ke t @@el @@ch li @@aq ab'iix
Rik'an ke telch laq ab'iix,	r @@ik'an ke ti @@el @@ch li @@aq ab'iix
y y ójor ta' tik'amsájik,	y y ójor ta' ti @@k'am @@sáj @@ik
komo ta' ooj k'ii y ta' ch'iich' tambyeen.	koom ta' ooj k'ii y ta' ch'iich' tambyeen
Entonses nen tijch'ek,	entoons neen ti @@j @@ch'e @@ik
tatik si ta' rajwu,	t @@a @@tik si' ta' r @@ajwu
si at qe attijowik.	si' at q @@e at @@tij @@ow @@ik
Y jwi'l k'u ri ya xu' jno'j k'is kirtyaan,	y j @@wi'l k'u ri ya x @@yu' j @@no'j k'is kirtyaan
tiqab'ij ooj,	ti @@q @@a @@b'ij ooj
xu' qano'j tiqab'ij ooj,	x @@yu' qa @@no'j ti @@iqa @@b'ij ooj
peer xu' qano'j,	peer x @@yu' qa @@no'j
peer qas ta' ji' lo ta'n tanb'ij iin.	peer qas ta' ji' lo ta'n ti @@b'an @@b'ij in
Sach jwich qe ooj,	sach j @@wich q @@e ooj
tambyeen tran nik'ij kamotes qik'il	tambyeen t @@r @@b'an nik'ij kamotes q @@ik'il
wi' juun kamote rosado pero antiwo	wi' jun kamotes rosado peer antiib'
ay Dyoos rik'i ke juun tatij awunke mi kita' áaw.	ay Dyoos r @@ik'il ke juun ta @@tij awunke mi ki @@ta' á @@wa
Wi' tyempo tita' wijaal,	wi' tyeemp ti @@ta' wijaal
kita' pero we wi' kamote awik'il rik'i ke juun,	ki @@ta' peer we wi' kamotes aw @@ik'il r @@ik'il ke jun
wi' juun ra júnkitz amaq'na'	wi' juun ra júnkitz a @@maq'na'
rik'il ya xatnoji'n moos,	r @@ik'il ya x @@at @@noj @@i'n moos
ta' rejwéxik waa.	ta' rejwéxik waa
Seb'laj tawik'aaj,	seb'laj ti @@aw @@ik'aa @@j
tz'et atnoj i'n	tz'eet at @@noj i'n
ki' chi tijeem.	ki' chi tij @@eem
Y ma ma juun chik tike' k'i,	y' ma ma jun chik tik @@e' k'i
si no wi' chiki' juun jtziiil,	si' no' wi' chik @@i'n jun j @@tzi @@iil
komo ke si tinojsáj awanm.	koom ke si' ti @@noj @@sáj aw @@alma
Pero lijori loq' man kamote tatij lajori Oswaldo,	peer lijori loq' man kamotes t @@a @@tij lijori Waldo
ta' chik i'n	ta' chik i'n
Ta' chiki' tzii.	ta' chik @@i'n tzii
No ta' chi ki tzii pur chaq algo laj ja',	no' ta' chi ki tzii puro chaq algo laj ja'
y algo k'a ri maq beneno tib'anow wi' laq uleew.	y' algo k'a ri m @@aq beneno ti @@b'an @@ow wi' li @@aq uleew
Y entonses xi chaq lajori,	y' entoons xi chaq lijori
twil iin,	t @@w @@il iin
ri ajki xb'ansáj k'ex re,	ri ajki' x @@b'an @@sáj k'ex re
pero lo mismo xsachi' jwiich ájij,	peer lo mismo x @@sach @@i'n j @@wiich ájij
ájij ta' ta' b'anool abonar niri,	ájij ta' ta' b'an @@o' @@ol aboon niri
xi chaq juun juun juun tiko'n ri ta' ta' mi ki ta' abono la',	xi chaq jun jun jun tiko'n ri ta' ta' mi ki ta' aboon la
per chaq ta' júnkitz la qab'ix ri la malanga,	peer chaq ta' júnkitz la q @@ab'iix ri la malanga
we taye' kweent re malanga lajori ajsimiin na, Ajsimiin na.	we t @@a @@ye' kweent re malanga lijori aj @@simiin na aj @@simiin na
Ajsimiin tatiij,	aj @@simiin t @@a @@tiij
por ke li ta' qas ta' juun tratamyento b'anol re,	por ke li ta' qas ta' jun tratamyento b'an @@ol re
kan el na jilon ri taqel b'ik.	kan el na jilon ri taq @@el b'ik
telch por ke jgaan telch,	t @@el @@ch por ke j @@gaan t @@el @@ch
per qe ooj ta' tiqaye' maas jq'iij sik' malanga tambyeen.	peer et ooj ta' ti @@q @@ay @@e' maas j @@q'iij sik' malanga tambyeen
Ta' ta' ni juun tikowik,	ta' ta' ni juun tik @@ow @@ik
titik chi bween,	ti @@tik chi bween
ta' ta' tijtik taq kirtyaan,	ta' ta' ti @@j @@tik taq kirtyaan
komo ke mi ta' jganaq y man wuroon seb'laj alimento.	koom ke mi ta' j @@gaan @@aq y' man wuroon seb'laj alimeent
Tonses jilon xan k'ex uleew la abono,	entoons jilon x @@b'an k'ex uleew la aboon
xk'am taqch man abono	x @@k'am taq @@ch man aboon
ya tres sinkwenta juun kintal,	ya tres sinkwenta jun kintal
tres ketzales y medyo juun kintal abono,	tres ketzales y' medyo jun kintal aboon
y man abono xk'am taqch galaan fuersa jchoq'w,	y' man aboon x @@k'am taq @@ch galaan fweers j @@choq'w
xk'ii kijab' junaab',	x @@k'ii kijab' junaab'
raaj kijab' junaab' xk'ii man abono pero bween abono,	raaj kijab' junaab' x @@k'ii man aboon peer bween aboon
usiil xqej jchoq'w,	usiil x @@qej j @@choq'w
xk'ex taq jb'iij,	x @@k'ex taq j @@b'iij
jalaan chaq jb'iij,	jalaan chaq j @@b'iij
y jalaan chaq jb'iij.	y' jalaan chaq j @@b'iij
y xok taq chi' jkojik jb'iij,	y' x @@ok taq chi j @@koj @@ik j @@b'iij
baay ri xtok taq juun juun jb'iij man juun barko bikingo por ejemplo.	baa ri x @@tok taq jun jun j @@b'iij man jun barko bikingo por ejeempl
Xkanjye' taq maas na fwersa man abono,	x @@kan @@j @@ye' taq maas na fwersa man aboon
per seb'laj paqelik,	peer seb'laj paqal @@ik
¿y lijori juruub' rijiil?,	y' lijori juruub' r @@ijiil
ta' chiki' tkwinik juun pobre chi' loq'iik	ta' chik @@i'n ti @@kwin @@ik jun pobre chi' loq' @@iik
pwees juun kintal man man mees li.	pwees juun kintal man man mees li
Y ri ójir xye' taq na a' tres y medyo,	y' ri ójir x @@ye' taq na a' tres y' medyo
xil taq ke xk'omon re qáb'ix,	x @@il taq ke x @@k'omon re q @@ab'iix
y ya xk'omon re qíjaj,	y' ya x @@k'omon re q @@ijaaj
xraq'ansaaj taq rijiil mees.	x @@r @@aq'ansaa @@j taq r @@ijiil mees
Y qe ooj ta' xaq'anik rijiil qixiim, jwi'ch qe,	y' q @@e ooj ta' x @@aq'ansaa @@ik r @@ijiil q @@íxim j @@wi' @@ch q @@e
Jwich qe	j @@wich q @@e
Pero man mees lajori seb'laj karo,	peer man mees lijori seb'laj karo
man man beneno seb'laj karo	man man beneno seb'laj karo
y jq'iij juun ajchak seb'laj karo.	y' j @@q'iij jun aj @@chaak seb'laj karo
O se'a xan taq k'ex chi qe,	o' se'a x @@b'an taq k'ex chi q @@e
re qak'aslemaal ri qas qak'aslemaal oj pwees.	r @@e qa @@k'aslem @@aal ri qas qa @@k'aslem @@aal ooj pwees
Iin xwil na Oswaldo,	iin x @@w @@il na Waldo
xwil na,	x @@w @@il na
raaj xwila' na oxlajuuj qajlojuuj junaab' k'aslemaal seb'laj tzii fijate,	r @@aaj x @@w @@il @@e' na ox @@laj @@uuj qa @@j @@lo @@j @@uu @@j junaab' k'aslem @@aal seb'laj tzii fijaat
tiqej jab' Dyoos attzuqán.	ti @@qej jab' Dyoos at @@tzuq @@án
por ke tel k'is okox re re nab'ee q'alaaj,	por ke t @@el k'is okox r @@e r @@e nab'ee q'alaaj
y wi' yajeel k'amolch loq'laj jab',	y' wi' yaj @@eel k'am @@ol @@ch loq'laj jab'
syempre wi' yajeel tijk'amch,	syempre wi' yaj @@eel ti @@j @@k'am @@ch
pero tambyeen k'amolch kumb'il jwi'l,	peer tambyeen k'am @@ol @@ch kum @@chi' @@il j @@wi'l
telch k'is okox li piniselina i'n pwees,	t @@el @@ch k'is okox li piniselina i'n pwees
antibyotiko tijb'ij maq mosiib',	antibyotiko ti @@j @@b'i @@j m @@aq mosiib'
entonses k'is okox tatij,	entoons k'is okox t @@a @@tij
ya xana' bakunar ayb',	ya x @@b'an @@e' bakunar a @@yb'
ya xe' kunaaj ayb'.	ya x @@e' kunaa @@j a @@yb'
Y telch nab'ee taq,	y' t @@el @@ch nab'ee taq
laj rox jab' uchaq loom li,	laj r @@ox jab' uch @@aq loom li
chi' riij b'i kompisant li lamaas wi' man pista lajori,	chi r @@b'ij @@iij b'i komisaant li lamaas wi' man pista lijori
a' ke beyesa Balo jli' li Kurtyembre tijb'ij taq,	a' ke beyesa Waldo jli' li kurtyembre ti @@j @@b'i @@j taq
qap saq k'im fuerte telch.	qap saq k'im fweert t @@el @@ch
Baay ti'el b'i taq ra ék'il,	baa ti @@el b'ik taq ra ék'il
ta' ojk'ii tambyeen oombre,	ta' oj @@k'ii tambyeen oombre
iin tikuxtaaj inwi'l ma juruub' ta' kirtyaan,	iin ti @@kuxtaa @@j in @@wi'l ma juruub' ta' kirtyaan
tantyado ke kistyan tel taqb'ik aq'ab',	tantyado ke kirtyaan ti @@el taq @@b'ik aq'ab'
wi' ra jchikchaq taq ra ék'il,	wi' ra j @@chikeech @@aq taq ra ék'il
tijmole' taq juun ra chikech.	ti @@j @@mol @@e' taq jun ra chikech
a' baay tzaqsáj i'n,	a' baa tzaq @@sáj i'n
tijsáj i'n juun bween wi'k fijate,	tij @@sáj i'n jun bween wi' @@ik fijaat
ta' rejwéxik ti'nik fijate mejor ke chuch ti'nik,	ta' rejwéxik ti' @@n @@ik fijaat mejor ke chuch ti' @@n @@ik
por ke lijori man poyo por ejemplo	por ke lijori man poyo por ejeempl
nen chwaaj re si re qe juun iik' peech pajník'ij,	neen ch @@w @@aa @@j r @@e si' r @@e q @@e jun iik' peech pajník'ij
ti ti tiren taq ti'nik re.	t @@i t @@i tiren taq ti'nik r @@e
Y qaqaaj qachuuch ójor no rechaq ajri tijtij taq juun eek',	y' qa @@qaaj qa @@chuuch ójor no' re @@ch @@aq aj @@ri ti @@j @@tij taq jun eek'
tib'iij taq	ti @@b'i @@j taq
Qakamsaaj juun qák' per juun chuuch eek',	qa @@kamsaa @@j jun q @@ák' peer jun chuuch eek'
ya xmoloni' jun muul o ka muul.	ya x @@molon @@i'n jun muul o' ka muul
Titijsáj pwees bale la pena pwees.	ti @@tij @@sáj pwees bale la pena pwees
Per lajori juun iik' peech pajnik'ij chaq tin tatiij juun rex ti'nik,	peer laj'ori juun iik' peech pajník'ij chaq ti @@in t @@a @@tij jun rex ti' @@nik
qab'iij pure juun rex ti'nik,	qa @@b'ij puro @@e jun rex ti'nik
ma ta' ta' ta' q'anerselik li,	ma ta' ta' ta' q @@??? @@el @@ik li
puramente saber nen jb'aniik ri titij awajaq,	puramente saber neen j @@b'an @@iik ri ti @@tij awaaj @@aq
tiwux tyo'j lijor k'is awaaj.	ti @@wux tyo'j lajor k'is awaaj
Ójir jilon ta'n telch juun juun la wuron	ójir jilon ta'n t @@el @@ch jun jun la woron
ra ra okox b'ij taq,	ra ra okox b'ij taq
saqk'im che' taq re,	saq @@k'im che' taq r @@e
ri ri nab'e tiko'n re q'alaaj,	ri ri nab'e tiko'n r @@e q'alaaj
rox q'alaaj wi' chaq,	r @@ox q'alaaj wi' chaq
qap kwando ab'ix ji' chaq nimaqiil li,	qap kwaand ab'iix ji' chaq nim @@aq @@iil li
ya chaq k'olk'o'ch chaq ab'iix tiqab'ij,	ya chaq k'olk'o'ch chaq ab'iix ti @@qa @@b'i @@j
tel xaq ab'iix,	t @@el xaq ab'iix
wi' lamaas wi' kirneer,	wi' lamaas wi' kirneer
tel xaq ab'ix,	t @@el xaq ab'iix
wonol xaq ab'iix tik'amsájch,	wonol xaq ab'iix ti @@k'am @@sáj @@ch
per juun bween wiik' Oswaldo	peer jun bween wiik' Waldo
juun bween wiik'.	jun bween wiik'
Y ri li baa ya tok,	y' ri li baa ya ti @@ok
ya b'esel chaq júnkitz jab',	ya b'esel chaq júnkitz jab'
pwees ya oksel chaq júnkitz chi ok jab',	pwees ya oksel chaq júnkitz chi ok jab'
¿Ri ta' chi xawil b'a tyoox?,	ri ta' chi x @@aw @@il b'a tyoox
¿o' xawila' na b'a tyoox?.	o' x @@aw @@il @@e' na b'a tyoox
Ta' chiki' xinwil.	ta' chik @@i'n x @@inw @@il
Juun b'a tyoox juun ra súrsik woroon ji ma ri,	jun b'a tyoox jun ra súrsik woroon ji' ma ri
por eso tib'ij taq jb'a tyoox,	por es @@o' ti @@b'i @@j taq j @@b'a tyoox
jb'aniik juun ra b'a riliik,	j @@b'an @@iik jun ra b'a r @@il @@iik
y ra wíswil tinatunik,	y' ra wíswil ti @@natun @@ik
wi' ra,	wi' ra
wi' ra riij,	wi' ra r @@??? @@iij
tisolsájb'ik,	ti @@sol @@sáj @@b'ik
y tipetik ojor taq kirtyaan,	y' ti @@pet @@ik ójor taq kirtyaan
tijpaq' taq kijab' tresaaj taq b'i,	ti @@j @@paq' taq kijab' ti @@r @@esaa @@j taq b'i
ya ya jganaq chaq nen taq ra taq ra,	ya ya j @@gaan @@aq chaq neen taq ra taq ra
tijpaq' taq.	ti @@j @@paq' taq
ya chaq poq'ow saqmolb' peech re'l,	ya chaq poq'ow saqmolb' peech r @@a'l
tit'oj taq b'i la okox xilij,	ti @@t'oj taq b'ik la okox xílij
a' kalidad bos Balo,	a' kalidad boos Waldo
ri li qas tz'eet k'aslemaal ojor taq tziij.	ri li qas tz'eet k'aslem @@aal ójor taq (tziij)
Lajori ta' chik i'n ma ra woroon ri,	lijori ta' chik i'n ma ra woroon ri
sachi' jwich.	sach @@i'n j @@wich
Sach jwich.	sach j @@wich
¿Nen chaq sach jwich?	neen chaq sach j @@wich
sabeer man ra b'a tyoox ta' chik i'n,	saber man ra b'a tyoox ta' chik i'n
xb'ij juun wunaq chwe,	x @@b'ij jun wunaq ch @@w @@e
raaj juun junaab' lajori,	r @@aa @@j juun junaab' lijori
Ajwi' tye' qik'il li miq'in.	aj @@wi' ti @@ye' q @@ik'il li miq'in
Che',	che'
per iin ta' tankoj	peer iin ta' ti @@in @@koj
sabeer nen chi' woroon tib'ij re,	saber neen chi' woroon ti @@b'i @@j r @@e
por ke b'a tyoox iin tantok a'n y ta' chik i'n nada, nada, nada.	por ke b'a tyoox iin t @@an @@tok i'n y' ta' chik i'n nada nada nada
Ri li k'is nab'e taq okox telch,	ri li k'is nab'e taq okox t @@el @@ch
telch saq k'im,	t @@el @@ch saq k'im
telch nen b'i ri b'a tyoox.	t @@el @@ch neen b'ik ri b'a tyoox
Ajruk' re tel juun chik jb'iij raq' keej,	aj @@ruk' r @@e ti @@el jun chik j @@b'iij r @@aq' keej
che' taq re. Juun ra saq okox wi' ra rusumaal chalaaj	che' taq r @@e jun ra saq okox wi' ra r @@usum @@aal ch @@alaaj
pur b'aniik jun ra raq' awaaj.	puro b'an @@iik jun ra raq' awaaj
Entonses lo mismo juun seb'laj galaan chi' tijeem,	entoons lo mismo jun seb'laj galaan chi tij @@eem
tb'e chik júnkitz re chik,	t @@b'e chik júnkitz re chik
telch sekek,	t @@el @@ch sekek
telch keqiix.	t @@el @@ch keqiix
k'is b'i re woroon re re xaq chaj,	k'is b'i r @@e woroon r @@e r @@e xaq chaj
ajruk' tel chikch nen b'i re q'antzu,	aj @@ruk' ti @@el chik @@ch neen b'i re q'antzu
q'antzu	q'antzu
telch q'antzu	t @@el @@ch q'antzu
a' kalidad ra q'antzu tye' ójor,	a' kalidad ra q'antzu t @@ye' ójor
baa lijori b'aniik qik'il chuch jaa aj tya',	baa lijori b'an @@iik q @@ik'il chuch jaa aj t @@ya'
per k'olán chee' qawi'l,	peer k'ol @@án chee' qa @@wi'l
y tikil chaq q'antzu qawi'l,	y' tik @@il chaq q'antzu qa @@wi'l
lijori ma ta' chiki' telch,	lijori ma ta' chik @@i'n t @@el @@ch
por ke telch jilon li.	por ke t @@el @@ch jilon li
Xu' juun wunaq,	x @@yu' jun wunaq
xb'ij chwe nen nen jtikiik q'antzu	x @@b'ij ch @@w @@e neen neen j @@tik @@iik q'antzu
entonses por eso ta' sachel jwich,	entoons por eso ta' sach @@el j @@wich
xintij i' joob' junaab'	x @@in @@tij i'n joob' junaab'
o raj lajuuj junaab' lajori xinb'an.	o' ra @@j laj @@uuj junaab' laj'ori x @@in @@b'an
Xinb'an juun ensayo re,	x @@in @@b'an jun ensayar r @@e
y tz'eet xelch,	y' tz'eet x @@el @@ch
pero este chi seys años xel wch,	peer este chi seys año x @@el wch
ta' xelch lajor,	ta' x @@el @@ch lajor
ajri xelch nik'ij chik,	aj @@ri x @@el @@ch nik'ij chik
y lajori ajwi' na,	y' laj'ori aj @@wi' na
pero komo li ki ta',	peer koom li ki ta'
ki ta' tiqatzaq mees la',	ki ta' ti @@qa @@tza @@aq mees la
jgaan ke chaq tiqab'an juun juun ra jsemiyero jb'aniik,	j @@gaan ke chaq ti @@qa @@b'an jun jun ra j @@semyero j @@b'an @@iik
Entonses tel chik k'is raq' keej,	entoons t @@el chik k'is r @@aq' keej
ajruk' re tel chikch nen jb'iij ri re maq tra sekek,	aj @@ruk' re t @@el chik @@ch neen j @@b'iij ri re m @@aq ra sekek
tel wi' nik'ij	t @@el wi' nik'ij
tqab'ij taq ra ruuq tz'íkin	t @@qa @@chi' @@iij taq ra r @@uuq tz'íkin
ojche' re.	oj @@che' re
A' per es ke galaan chi tij,	a' peer es ke galaan chi tij
y wi' oombre,	y' wi' oombre
y tel chikch keqiix.	y' t @@el chik @@ch keqiix
Ajruk' tel chikch nik'ij tambyeen taq ra rusuum chi' keej	aj @@ruk' t @@el chik @@ch nik'ij tambyeen taq ra r @@usuum chi' keej
ojche' re,	oj @@che' re
lajori ajwi' na,	lijori aj @@wi' na
baay re ajwi' na li k'ichelaaj,	baa re aj @@wi' na li k'ichelaaj
pi ri k'ichelaaj chaq pero niri laq tilmiit ta' chiki'n.	pi ri k'ichelaaj chaq peer niri li @@aq tilmiit ta' chik @@i'n
Seb'laj Dyoos ojtzuq	seb'laj Dyoos oj @@tzuq
pwees titok a'n	pwees ti @@tok i'n
tiqej q'alaaj.	ti @@qej q'alaaj
juun tiko'n chik oombre este tel maq taq ra saq ichaaj,	jun tiko'n chik oombre este t @@el m @@aq taq ra saq ichaaj
telch maq ra rexkab' tz'i'.	t @@el @@ch m @@aq ra r @@exkab' tz'i'
Atb'e li k'ichelaaj wi' ti attijew,	at @@b'e li k'ichelaaj wi' ti attijew
telch taq ra asaam.	t @@el @@ch taq ra asaam
oseya rikiil ya' li jwi'l la misma naturalesa.	oseey rikiil ya' li j @@wi'l la mismo naturalesa
Pero xpe ri wunaq,	peer x @@pet ri wunaq
xok chi tzaqiik y ooj tiqab'ij,	x @@ok chi tzaq @@iik y' ooj ti @@qa @@b'i @@j
wi' chaq abyones,	wi' chaq abyoon
wi' chaq elikopteros.	wi' chaq elikoptero
¿Nen tijtzaq taq k'is elikopteros li teew pwees?,	neen ti @@j @@tza @@aq taq k'is elikoptero li teew pwees
ooj ta' tiqaye' kwenta kanjt'oje' taq kimikos li li teew.	ooj ta' ti @@qa @@ye' kweent kan @@j @@t'oj @@e' taq kimikos li li teew
tiq'ax maq abyones.	ti @@q'ax m @@aq abyoon
Y ooj tiqab'ij,	y ooj ti @@iqa @@b'iij
Si' man proyekto re gobyerno bweeno.	si' man proyekto re gobyeern bween
Legalmente ta' tzii kanjtzaqe' taq étzel taq qleen la quleew,	legalmente ta' tzii kan @@j @@tza @@aq @@e' taq étzel taq qleen la q @@uleew
y sach jwich,	y sach j @@wich
y lijori tiqej juun juun k'ichelaaj,	y lijori ti @@qej jun jun k'ichelaaj
pongamos tib'ansáj,	pongamos ti @@b'an @@sáj
tib'ansáj wataal,	ti @@b'an @@sáj w @@a @@at @@al
oseya titzaq taq chee' re ab'iix,	oseey ti @@tzaq taq chee' re ab'iix
ta' chi ki telch woron li fijate.	ta' chi ki t @@el @@ch woron li fijaat
Ta' chi ki rexkab' tz'i',	ta' chi ki r @@exkab' tz'i'
ta' chi asaam,	ta' chi asaam
ta' chi qleen,	ta' chi qleen
y wi' chi ki juun juun juun okox re k'ichelaaj tambyeen,	y wi' chi ki jun jun jun okox re k'ichelaaj tambyeen
nim raqen júnkitz chuch man ra itzaab' li ri ri piyeq'okix.	nim r @@aqan júnkitz chuch man ra itza @@ab' li ri ri piyeq'okix
¿xawil a' na o ya no?	x @@a @@w @@il a' na o' ya no'
Ya chiki' xwil iin.	ya chik @@i'n x @@w @@il iin
piyeq'okix che' taq,	piyeq'okix che' taq
solo qe ooj tiqab'ij ra piyeq'okix tiqab'ij,	sol @@o' q @@e ooj ti @@qa @@b'i @@j ra piyeq'okix ti @@qa @@b'i @@j
wi' ju juun nimaq raqan chuch ra itz'ab' ri.	wi' ju juun nim @@aq r @@aqan chuch ra itz'ab' ri
Nen b'i ri titzaqsáj la la kinaq',	neen b'i ri ti @@tzaq @@sáj la la kinaq'
galaan chi tijeem lo mismo okox i'n,	galaan chi tij @@eem lo mismo okox i'n
ya xi chaq takiil i nen xilow,	ya xi chaq takiil i neen x @@il @@ow
nen ta' chi xilow,	neen ta' chi x @@il @@ow
ta' chi loq' tijyol.	ta' chi loq' ti @@j @@yol
Por ke ta' chi ril,	por ke ta' chi r @@il
ta' chiki' sachi' jwich.	ta' chik @@i'n sach @@i'n j @@wich
Tiqab'an li ójir,	ti @@qa @@b'an li ójir
ojpe laq k'ichelaaj,	oj @@pet li @@aq k'ichelaaj
de todo modo b'i qate' haber nen tiqatij pwees,	de todo modo b'i qa @@ta' aber neen ti @@qa @@tij pwees
ri mismo uleew tya'w,	ri mismo uleew t @@ya' @@w
xiq tiqak'am wen wi' qatz'aam ya es ke seguro ojwi'n chi bween.	xiq ti @@qa @@k'am wen wi' q @@atz'aam ya es ke seguro oj @@wi'n chi bween
Seb'laj taq qleen sach jwich,	seb'laj taq qleen sach j @@wich
ra Ja'kub'i' tiqab'ij,	ra Ja'kub'i' ti @@qa @@b'i @@j
ójir wi' puur xilij,	ójir wi' puur xílij
wi' top,	wi' top
wi' k'is ixtuutz',	wi' k'is ixtuutz'
¿nen chawaaj?,	neen ch @@wa @@aa @@j
b'i atoke',	b'i a @@tok @@e'
wi' wi' tatij la' pwees,	wi' wi' ti @@a @@tij la pwees
wi' muuch' tambyeen.	wi' muuch' tambyeen
Baay xojk'iyerik pwees,	baa x @@oj @@k'iy @@er @@ik pwees
xan taq kontaminar ra qa ra qab'ee ja',	x @@b'an taq kontaminar ra qa ra qa @@b'ee ja'
tzaq taq kamnaq qleen,	tzaq taq kamnaq qleen
tit'ojsáj mes,	ti @@t'oj @@sáj mes
lijori ya ta' chi' ta' chi' tarayeej riliik man ra ja',	lijori ya ta' chi ta' chi t @@a @@ray @@ee @@j r @@il @@iik man ra ja'
ke fuerte no'j k'is kristyan lijori,	ke fweert no'j k'is kirtyaan lijori
lamaas wi' jno'jaq,	lamaas wi' j @@no'j @@aq
iin tanta' lamaas wi' jno'jaq por ke ta'n Balo,	iin t @@an @@ta' lamaas wi' j @@no'j @@aq por ke ta'n Waldo
tijril taq juun mees tijt'oje' taq kla',	ti @@j @@r @@il taq jun mees ti @@j @@t'oj @@e' taq kla'
wi' juun jmeesaq tijt'oje' taq kla'.	wi' juun j @@mees @@aq ti @@j @@t'oj @@e' taq kla'
tz'et attzuq a'n tambyeen,	tz'eet at @@tzuq i'n tambyeen
komo saqi' ja' li ójir ta' tz'iil,	koom saq @@i'n ja' li ójir ta' tz'il
ki ta' beneno,	ki ta' beneno
ki ta' tz'il laj taq qleen,	ki ta' tz'il laj taq qleen
ta' kamnaq taq qleen,	ta' kam @@naq taq qleen
por ke ójir wi' k'uch,	por ke ójir wi' k'uch
tikam juun awaaj,	ti @@kam jun awaaj
xtaw i' juun mulaaj k'uch tijiik.	x @@taw i'n jun mul @@aaj k'uch tij @@iik
Ta' ta' titz'ilob' ja',	ta' ta' ti @@tz'il @@ob' ja'
wen xkam juun kwa'y	w @@en x @@kam jun kwa'y
ta' rejwéx tamuq,	ta' r @@ejwéx t @@a @@muq
sik' taq awaaj xok tiqa chi tijik,	sik' taq awaaj x @@ok ti @@qa chi tijik
wi' juun xuman jwaaq kla'.	wi' jun xumaan j @@wa @@aq kla'
Xkam chik juun awaaj juun lado,	x @@kam chik juun awaaj juun laad
xe' taq chiki' kla',	x @@b'e taq chik @@i'n kla'
tijb'itaq b'i tz'iil.	ti @@j @@b'it @@aq b'ik tz'iil
Xpe' mosib',	x @@pet mosiib' @@ib'
xok taq chi' b'aniik benenar k'is awaaj,	x @@ok taq chi' b'an @@iik enbenenar k'is awaaj
xkamsaaj taq k'is tz'i',	x @@kamsaa @@j taq k'is tz'i'
xya' taq beneno,	x @@ye' taq beneno
xpe taq sik' taq k'uch xtij taq,	x @@pet taq sik' taq k'uch x @@tij taq
sach jwichaq.	sach j @@wich @@aq
Nen b'i ri li ri li lo ke iin xwil Oswaldo.	neen b'ik ri li ri li lo ke iin x @@w @@il Waldo
Ri li lo ke iin k'ex laj wanm tambyeen,	ri li lo ke iin k'ex laj w @@anm tambyeen
Nen xan,	neen x @@b'an
nen xan qatilmiit,	neen x @@b'an qa @@tilmiit
por ke li mi ta' tzii tiqab'ij oj tzii'n,	por ke li mi ta' tzii ti @@qa @@b'i @@j ooj tzi @@i'n
pero nen jtziil pwees,	peer neen j @@tzii @@il pwees
ajri chaq lajori xok taq iil,	aj @@ri chaq lijori x @@ok taq iil
tril tob'ol chaq juun kamnaq chuchaq ta' chi nen jchaak.	ti @@r @@il tob'ol chaq jun kam @@naq chuch @@aq ta' chi neen j @@chaak
Entonses lajori tran taq drenaje por todos lados,	entoons lijori ti @@r @@b'an taq drenaje por todo lados
¿lamaas tijtzaqe' taqw tambyeen?	lamaas ti @@j @@tza @@aq @@e' taq @@w tambyeen
Li ja' tijtzqe' taqw	li ja' ti @@j @@ti @@??? @@aq @@e' taq @@w
Li ja' tijtzaqe' taqw,	li ja' ti @@j @@tza @@aq @@e' taq @@w
entonses kla' ma ta' ma juun juun byeen ta' tib'ansáj re qatilmiit.	entoons kla' ma ta' ma juun jun byeen ta' ti @@b'an @@sáj r @@e qa @@tilmiit
Xqamajch chikch chib' loq'laj qixiim,	x @@qa @@ma @@j @@ch chik @@ch chib' loq'laj q @@íxim
kla' xmajmajw,	kla' x @@maj @@ma @@j @@w
xan taq k'ex re qaaw chi qawch,	x @@b'an taq k'ex r @@e qa @@wa chi qa @@ch
ójir tikuxtaaj byeen,	ójir ti @@kuxtaa @@j byeen
byeen inwi'l iin.	byeen in @@wi'l iin
wi' wi' qakirner ójir,	wi' wi' qa @@kirner ójir
tiqak'up lamaas tiwerw kirner	ti @@qa @@k'up lamaas ti @@wer @@w kirner
a' saqk'im qaaj pero tib'uchuwh tisaqer,	a' saq @@k'im qaaj peer ti @@??? @@w @@ch ti @@saq @@er
ta' chi ki ojkwin chi tijik,	ta' chi ki oj @@kwin chi tij @@ik
tz'eet mulan re lajori tak'up,	tz'eet mul @@b'an re laj'ori ti @@a @@k'up
lamaas tiwerw awakix,	lamaas ti @@wer @@w a @@wakix
lamaas tiwa'x akirner,	lamaas ti @@wa'x a @@kirner
ta' chi telch,	ta' chi ti @@el @@ch
xkami'n,	x @@kam @@i'n
¿nen xkamsán?	neen x @@??? @@án
k'is, k'is tra jkaniil wi' laq uleew,	k'is k'is ra j @@kan @@iil wi' li @@aq uleew
ri sachow jwich,	ri sach @@ow j @@wich
por ke mat xkam,	por ke mat x @@kam
ti ni elch por ke maq ra okox li tra ka'n i'n yo'l li uleew.	ti ni el @@ch por ke m @@aq ra okox li ra ka'n i'n yo'l li uleew
Ma woron ta'n no ke li wi' jbida tra ka'n i'n telch,	ma woron ta'n no' ke li wi' j @@bida ra ka'n i'n ti @@el @@ch
por eso telch,	por eso ti @@el @@ch
baay xkam jka'naal tra jka'niil,	baa x @@kam j @@ka'n @@aal ra j @@ka'n @@iil
sach jwich rechaq.	sach j @@wich re @@ch @@aq
Entonses ajruk' re xk'am taq chikch íjij,	entoons aj @@ruk' re x @@k'am taq chik @@ch íjij
xkam taq chikch juun íjij,	x @@kam taq chik @@ch jun íjij
xu' jk'ute' taq nik'ij íjij re ab'iix.	x @@yu' j @@k'ut @@e' taq nik'ij íjij re ab'iix
wi' tikojow íjij li,	wi' ti @@koj @@ow íjij li
wi' tikojow per ta' qas tipax jwich,	wi' ti @@koj @@ow peer ta' qas ti @@pax j @@wich
ki ta' ta' xya' qaaw chi' riij,	ki ta' ta' x @@ye' qa @@wa chi' r @@??? @@iij
wet xe' ra qaaw chi' riij,	w @@et x @@b'e ra qa @@wa chi' r @@??? @@iij
tab'an pensar iin,	ti @@a @@b'an pensar iin
tisach qawch oj lajor.	ti @@sach qa @@ch ooj lajor
Por ke rijaj rechaq re qe juun junaab' tine' b'e aloq'e' chik rik'i'al,	por ke r @@ijaaj re @@ch @@aq re q @@e juun junaab' ti @@ne' b'e a @@loq' @@e' chik r @@???
tiraq'ansaaj taq maas rijil.	ti @@r @@aq'ansaa @@j taq maas r @@ijiil
Pero k'omo re Dyoos kirtyaan ta' ta' xk'am taq,	peer k'omo re Dyoos kirtyaan ta' ta' x @@k'am taq
et qe xu' laj ranmaq kirtyaan.	et q @@e x @@yu' laj r @@anm @@aq kirtyaan
Xu' chik juun padre tikuxtaaj,	x @@yu' chik jun padre ti @@kuxtaa @@j
xu' chik juun padre padre laj chootx,	x @@yu' chik jun padre padre laj chootx
por ke ójir ri ri iglesya katolika ri maas wi'	por ke ójir ri ri iglesya katolika ri maas wi'
wi' jchoq'w pwees jswerte wunaq,	wi' j @@choq'w pwees j @@swerte wunaq
lajori ya no xb'ansáj i' k'ex re,	laj'ori ya no' x @@b'an @@sáj i'n k'ex re
xiij:	x @@b'ij
Lo ke b'anol awi'laq,	lo ke b'an @@ol a @@wi'l @@aq
Iin tinb'ij, chwe chaq ta' tzii tab'an taq.	iin ti @@in @@b'ij ch @@w @@e chaq ta' tzii ti @@a @@b'an taq
Re xan juun miyiij toq'ob',	re x @@b'an jun miyiij toq'ob'
xu' jwa'b'a' júnkitz,	x @@yu' j @@wa' @@b'a' júnkitz
k'amolch man mees,	k'am @@ol @@ch man mees
ya xakamsáj awulewaq,	ya x @@a @@kam @@sáj aw @@uleew @@aq
mejor tok taq juun no'j re.	mejor tok taq jun no'j re
Li ta' ta ojkwin ooj chi b'aniik,	li ta' ta' oj @@kwin ooj chi b'an @@iik
iin xintija' jb'aniik per xinkosi',	iin x @@in @@tij @@e' j @@b'an @@iik peer x @@in @@kos @@i'n
ta' ta' xink'iw	ta' ta' x @@in @@k'iw
xink'iw raaj joob' junaab' ke xink'iwt	x @@in @@k'iw raaj joob' junaab' ke x @@in @@k'iw
o waqaqiib' ke junaab' ke xink'iwtaq.	o' waq @@aq @@ib' ke junaab' ke x @@in @@k'iw
Tankoj mees la' bween ab'iix tran.	ti @@in @@koj mees la bween ab'iix ti @@r @@b'an
Pero jyook eek' tankoj la',	peer j @@yook eek' ti @@in @@koj la
pero bween ab'iix tran,	peer bween ab'iix ti @@r @@b'an
peer k'exi',	peer k'ex @@i'n
k'exi' júnkitz chapiik,	k'ex @@i'n júnkitz chap @@iik
Juntiir qleen tib'ansáj taqch yaq kaxlaan taq wónik,	juntiir qleen ti @@b'an @@sáj taq @@ch yaq kaxlaan taq wunaq
tiqab'ij ooj es la teknolojya abansada,	ti @@qa @@chi' @@ij ooj es la teknolojya abansada
per lo ke pasar ooj qe tran taq jaragaan.	peer lo ke pasar ooj q @@e ti @@r @@b'an taq j @@a @@r @@a @@gaan
Ojwux jaragaan jwi'l ta' chi chiqaaj tiqab'an qleen,	oj @@wux jaragaan j @@wi'l ta' chi (chiqaaj) (tiqab'an) (qleen)
Ooj ojb'anow,	ooj oj @@b'an @@ow
ya ch'iich' chaq b'anownaq,	ya ch'iich' chaq b'an @@ow @@naq
ma jq'ab' ta' chi ki wunaq tib'anow.	ma j @@q'aab' ta' chi ki wunaq tib'anow
ta' chi loq' ojchakunik,	ta' chi loq' oj @@chaak @@un @@ik
a' es ke ta' luus tiqatzaq reqle'n,	a' es ke ta' luus ti @@qa @@tza @@aq r @@eqle'n
por ke jilon li tin tib'ansáj chiqawch,	por ke jilon li ti @@??? @@in ti @@b'an @@sáj chiqa @@w @@ch
ta chi' loq' xq'ataq qawch pwees,	ta' chi' loq' x @@q'at @@aq qa @@ch pwees
la jq'ab'aq chaq wi'w lajori chaak,	la j @@q'ab' @@aq chaq wi' @@w laj'ori chaak
la jq'ab' chaq moosib' wi' taq.	la j @@q'ab' chaq moos @@ib' wi' taq
Ooj tiqab'ij ooj,	ooj tiq @@ab' @@iij ooj
ojkwini' ooj,	oj @@kwin @@i'n ooj
ojkwini' júnkitz,	oj @@kwin @@i'n júnkitz
xqetemaji' por ke tijk'utaq chiqawch.	x @@q @@etama @@ji' por ke ti @@j @@k'ut @@aq chiqa @@w @@ch
Per xqetemaj juun étzel no'j,	peer x @@q @@etama @@j jun étzel no'j
ri jno'j re chaq pi we iin Oswaldo jamas iin ran taq kombenser.	ri j @@no'j re ch @@aq pi w @@e iin Waldo jamaas iin r @@b'an taq kombenser
por ejemplo wi' juun k'itzaan qaqaaj tib'in taq:	por ejeempl wi' jun k'itzaan qa @@qaaj ti @@b'ij taq
ri che'w ya ri'j chaq.	ri che'w ya ri'j chaq
No iin lajori tin tanya' kwenta re ma ri ta' che'w ri'jaal,	no' iin laj'ori ti @@??? @@in ti @@in @@ye' kweent re ma ri ta' che'w ri'j @@aal
sino ke re saqi' la jb'a,	si' @@no' ke re saq @@i'n la j @@b'a
saqi' la jpensar.	saq @@i'n la j @@pensar
Ki ta' tzii lo ke xansáj chi qe,	ki ta' tzii lo ke x @@b'an @@sáj chi q @@e
wat tzii taj nen mach b'anow pwees,	we tzii ta' @@j neen ma @@ch b'an @@ow pwees
lajori seb'laj qleen tib'ij taq chi qe,	laj'ori sib'laj qleen ti @@b'ij taq chi q @@e
pero ya xmaj taq la qaaw,	peer ya x @@maj taq la qa @@wa
sach taq jwich,	sach taq j @@wich
b'aniik tab'ij, sach taq jwich choq'w uleew,	b'an @@iik (tab'ij) sach taq j @@wich choq'w uleew
lajori uleew ya loq'ol chaq,	laj'ori uleew ya loq' @@ol chaq
para ke ojtzuq ooj,	para ke oj @@tzuq ooj
xk'ex taq jwich qijaj mat xu' juun padre li,	x @@k'ex taq j @@wich q @@ijaaj mat x @@yu' jun padre li
xu'jb'ij,	x @@yu' @@j @@chi' @@iij
Ma b'an taq,	ma b'an taq
ma ma ma k'am taq man no'j li ta' tzii.	ma ma ma k'am taq man no'j li ta' tzii
Wa xak'am taq íjij li,	we x @@a @@k'am taq íjij li
ti'n pa wil taq,	ti @@i'n pa w @@il taq
ta' chi ki atwi'n taq pi diyes kinse años.	ta' chi ki at @@wi'n taq pi dyees kinse año
Tichup awchaq,	ti @@chup aw @@chaq
por ke man no'j li kita' tzii,	por ke man no'j li ki @@ta' tzii
man li ri petzel rik'il yaj q'an ch'i'r taq kirtyaan.	man li ri pet @@el r @@ik'il yaj q @@'an ch'i'r taq kirtyaan
Ri raaj rechaq,	ri r @@aa @@j re @@ch @@aq
ke juntiir qleen titaw la jq'aab'.	ke juntiir qleen ti @@taw la j @@q'aab'
por ke ooj tiqaya' luwar.	por ke ooj ti @@qa @@ye' luwar
Juntiir ri ri ri ritz'iqaq	juntiir ri ri ri r @@itz'yeq @@aq
il b'i ri man ra itz'iyeq jmesaq iin kojol inwi'l,	il b'i ri man ra itz'yeq j @@mes @@aq iin koj @@ol in @@wi'l
jmesaq i' re chaq t'ojol chaqb'ik.	j @@mes @@aq i'n re chaq t'oj @@ol chaq @@b'ik
Entonses kwinaq tiqan chi qachapiik taq byeen.	entoons kwin @@aq ti @@q @@b'an chi qa @@chap @@iik taq byeen
Byeen byeen xojchap taq chib' qaaw,	byeen byeen x @@oj @@chap taq chib' qa @@wa
xojchap taq chib' quleew,	x @@oj @@chap taq chib' q @@uleew
xojchap taq laj qatzantzaq'or,	x @@oj @@chap taq laj qa @@tzantzaq'or
koj taq seb'laj k'ii qleen,	koj taq seb'laj k'ii qleen
xmaj taq la la chaak,	x @@maj taq la la chaak
kla' xmaj taqw,	kla' x @@maj taq @@w
kla' xmaj taqw,	kla' x @@maj taq @@w
antonses chib'aanik tanb'ij iin.	antonses chi @@b'an @@ik t @@an @@b'ij iin
qachuuch.	qa @@chuuch
qachuuch.	qa @@chuuch
Tinb'ij iin qaqaaj,	t @@in @@b'ij iin qa @@qaaj
qachuuch,	qa @@chuuch
tinb'ij iin li qamaam ójor taq tziij.	t @@in @@b'ij iin li qa @@maam ójor taq tziij
Tijb'ij taq qamaam qet',	ti @@j @@b'ij taq qa @@maam q @@et'
ójor,	ójor
ójor taq tziij li.	ójor taq tziij li
Ójor,	ójor
cha' kongan chee',	cha' kon @@gaan chee'
kongan sii'.	kon @@gaan sii'
Ri' li tijb'ij taq,	ri' li ti @@j @@b'ij taq
kongan sii',	kon @@gaan sii'
kongana chee' naqaaj.	kon @@gaan chee' naqaaj
Nimaq taq chee',	nimaq taq chee'
entons ri' li tijb'ij taq.	entoons ri' li ti @@j @@b'ij taq
Toos kwand wi' chee',	entoons kwand wi' chee'
cha'.	cha'
Tpeti jaab',	t @@pet @@i' jaab'
cha',	cha'
kwando wi' ta't.	kwaand wi' ta' @@t
Pores tijb'ij taq li ójor taq tziij.	pores ti @@j @@b'ij taq li ójor taq tziij
Kwand ooj,	kwand ooj
xojk'iyk ojb'enaa li sii'.	x @@oj @@k'iy @@ik oj @@b'en @@aa li sii'
Atb'i'tqa' li sii'.	at @@b'i' @@tqa' li sii'
Jataq li sii',	jat @@aq li sii'
per makataq maq ra chee'.	peer m @@a @@kat @@aq maq ra chee'
Porke maq ra chee' nimi' jq'iij.	porke maq ra chee' nim @@i' j @@q'iij
I nosol ma'an taq re maq tra chee'.	i no @@sol ma @@'an taq re maq tra chee'
Makach' taq jwich taq ra chee'.	ma @@kach' taq j @@wiich taq ra chee'
Ri' li atyuter taq lajasok,	ri' li at @@yut @@er taq laj @@a @@sook
ta' t'el awanm atkamk,	ta' t' @@el aw @@anim at @@kam @@k
cha' taq.	cha' taq
Toons ri' li,	entoons ri' li
toos ri' limaq taq chee'.	entoons ri' nim @@aq taq chee'
Toos maa b'ensaj k'ex re chee'.	entoons maa b'an @@sáj k'ex re chee'
Porke chee' re nimi' jq'iij,	porke chee' re nim @@i' j @@q'iij
nimi' jpetiik,	nim @@i' j @@pe @@iik
cha' taq.	cha' taq
Chee' marechtqe,	chee' ma @@r @@ech @@t @@qe
marechtqe kib',	ma @@r @@ech @@t @@qe kib'
uxub' q'iij jwich.	uxub' q'iij j @@wiich
Noke nimi' jq'iij,	noke nim @@i' j @@q'iij
cha' taq.	cha' taq
Ri rere tijya's,	ri re @@re t @@j @@ye' @@si'
tijya' teew,	ti @@j @@ya' teew
cha' taq.	cha' taq
Tijya' teew, teew rech taqajik' qúxb'.	ti @@j @@ya' teew teew r @@ech ta @@qa @@jik q @@úxb'
Lamaas ta' tpew teew.	lamaas ta' t @@pe @@w teew
Noke mism jwi'li' chee',	noke miim j @@wi'l @@i' chee'
tons ri' li tijb'ij taq qamaam qet' ooj ójor taq tziij.	entoons ri' li ti @@j @@b'ij taq qa @@maam q @@et' ooj ójor taq tziij
Tose pwes mxaqtb'ka' ójor taq tziij.	entoons pwees m @@xaq @@t @@b' @@ka' ójor taq tziij
Tambyeen tkojsaj li tzko'ri wi' laqaxo'l.	tambyeen t @@koj @@saj li tz @@ko' @@ri wi' laj @@qa @@xo'l
Li' wetji'noon chi qe,	li wet @@ji'non chi qe
per kom ma jita' chki' non re qíjil qatz'áqt.	per kom ma jita' chki' jilon re q @@ijiil qa @@tz'aqt
Masi' k'is sach taq che'.	mas @@i' k'is sach taq che'
Ta' chki' tijye' taq jq'iij.	ta' chki' ti @@j @@ye' taq j @@q'iij
I chee' tichkoni'n komoo tijb'ij taq pwes.	i chee' ti @@chkon @@i'n koom ti @@j @@b'ij taq pwees
Ay Diyoos miyo tijb'ij taq li tanta'in,	ay Dyoos miyo ti @@j @@b'ij taq li t @@an @@ta @@'in
porke iin pok k'ex lajwanim.	porke iin pok k'ex laj @@w @@anim
Tijb'ij taq re staq chee' komo,	ti @@j @@b'ij taq r @@e staq chee' koom
tijyoq' taq, taq ra jfoot qaqaaj Diyoos.	ti @@j @@yoq' taq taq ra j @@foot qa @@qaaj Dyoos
Neen chki' tab'an taq jq'iij man chee'.	neen chki' t @@a @@b'an taq j @@q'iij man chee'
Chee' ka' li jun k'eer regla ka' li,	chee' ka' li jun k'eer regla ka' li
Porke marita' jcholájl tiyolow taq.	porke ma @@ri @@ta' j @@chola @@j @@l ti @@yol @@ow taq
nimi' jpetik tqayoq' jun chee',	nim @@i' j @@pet @@ik t @@qa @@yoq' jun chee'
nik'i pech jun tziij,	nik' @@i' pech jun tziij
kondo kita' jcholájl ojyolowk.	kondo kita' j @@cholá @@j @@l oj @@yol @@ow @@ik
Tosee qab'iji'n pure aay ta' pixb'likat ooj,	antonses qa @@b'ij @@i'n puro aay ta' pixb' @@lik @@at ooj
cha'.	cha'
Toos jchuchi' jun kistyan tqab'ij b'ijb'ik.	entoons j @@chuch @@i' jun kirtyaan t @@qa @@b'ij b'i @@j @@b'i @@k
li tqayoq'b'ik.	li t @@qa @@yoq' @@b' @@ik
Toos jinon li tqab'ij re chee' ooj,	entoons jilon li t @@qa @@b'ij re chee' ooj
cha' re chee'.	cha' re chee'
Toos ta' moo tqyoq' chee',	entoons ta' moo t @@q @@yoq' chee'
I ri' tyaw quxb',	i ri' t @@ya @@w q @@úxub'
mat wi' chee',	mat wi' chee'
sol q'aaq' chaq sewr ooj jiq' li q'aaq'.	sol q'aaq' chaq seguro ooj jiq' li q'aaq'
Jq'aaq'al qaqaaj q'iij qaqaaj padre etern,	j @@q'aaq' @@al qa @@qaaj q'iij qa @@qaaj padre etern
tijb'ij taq qaqaaj, qamaam qeet'.	ti @@j @@b'i taq qa @@qaaj qa @@maam q @@eet'
Ójor, ójor taq tziij,	ójor ójor taq tziij
toos chee' pwes re ri, ri' tisik'in teew,	entoons chee' pwees re ri ri' ti @@sik' @@in teew
ri' tya'w quxb',	ri' t @@ya' @@w q @@uxiib'
ri' tb'enow respirar qa, qa pulmon.	ri' t @@b'an @@ow respirar qa qe pulmon
Ri' li tb'enow nimi' jq'iij qache'.	ri' li t @@b'en @@ow nim @@i' j @@q'iij qa @@che'
Ri loq'laj taq chee' k'aam tijb'ij taq qaqaaj, qachuuch.	ri loq'laj taq chee' k'aam ti @@j @@b'ij taq qa @@qaaj qa @@chuuch
Jnonli tijb'ij taq.	jilon @@li ti @@j @@b'ij taq
Loq'laj chee' k'aam,	loq'laj chee' k'aam
cha' taq qaqaaj,	cha' taq qa @@qaaj
qachuuch, qamaam,	qa @@chuuch qa @@maam
qeet' u rechaq.	qeet' o r @@ech @@aq
Toos ri tijb'ij taq,	entoons ri ti @@j @@b'ij taq
rem jb'anik rka' tanb'ij iin pwes kee.	r @@e @@m j @@b'an @@ik rka' t @@an @@b'ij iin pwees kee
I li es inportanti'n,	i li es inportant @@i'n
rejwexki' man, man, man, man yoloj li.	rejwex @@i' man man man man yoloj li
Matja'tisach chi qe pwes ke li, li man chee' tqaye' jq'iij chee'.	mat @@ja' @@ti @@sach chi qe pwees ke li li man chee' t @@qa @@ye' j @@q'iij chee'
Kwando wi' jun bween k'ichelaaj,	kwaand wi' jun bween k'iche'laaj
cha',	cha'
galan ja' ta'lex.	galaan ja' ta' @@lex
Chi k'otob',	chi k'otob'
cha' t'oq'ch qe ja' uchaq, uchaq tantaq,	cha' t @@oq' @@ch qe ja' uch @@aq uch @@aq tantaq
cha'.	cha'
Toos t'elch ja',	entoons t @@el @@ch ja'
toose ri' li jb'anik ta'lexch ja'.	entoons ri' li j @@b'an @@ik ta @@'alex @@ch ja'
Per jwi'li' chee',	peer j @@wi'l @@i' chee'
brinda kurason del muntaño,	brinda kurason del muntaño
che' taq.	cha' taq
Ji'n per chijb'anik tanb'ij iin,	ji'n per chi @@j @@b'an @@ik t @@an @@b'ij iin
jinon li.	jilon li
Per kwand chee' tloq'ájk,	per kwand chee' t @@loq'aa @@j @@k
ta' tb'ensaj k'ex re wi' taqra jq'ab',	ta' t @@b'en @@sáj k'ex re wi' taq @@ra j @@q'ab'
taq ra cheqejchaqj.	taq ra cheqej @@chaq
Ri' li tqakoj li q'aaq',	ri' li t @@qa @@koj li q'aaq'
marita' li tqab'an k'ex re chee'.	ma @@rita' li t @@qa @@b'an k'ex re chee'
Nimaq taq chee',	nim @@aq taq chee'
kom chawilka' jb'anik tren taq kirtyan	koom ch @@aw @@il @@ka' j @@b'an @@ik t @@r @@en taq kirtyaan
ori tijin tijqasaj taq nimaq taq chee'.	ori tijin ti @@j @@qasaj taq nimaq taq chee'
Chaj tijin tren taq k'ex re.	chaj tijin t @@r @@en taq k'ex re
Toos ri' li' jb'anik rii jun sib'laj,	entoons ri' li j @@b'an @@ik ri jun sib'laj
jb'anik jun jwert kimik tren taq nojeel q'iij.	j @@b'an @@ik jun jwert kim @@ik t @@r @@en taq nojeel q'iij
Jun jwert sachik tren taq nojeel q'iij.	jun jwert sach @@ik t @@r @@en taq nojeel q'iij
Nin nichek lori,	nin ni @@chek lajori
cha'.	cha'
Ay xpeti' jwerte q'iij,	ay x @@pet @@i' jwerte q'iij
xpeti' jwerte q'iij ooj,	x @@pet @@i' jwerte q'iij ooj
cha'.	cha'
Ta' chki' tk'iisi' q'aaq',	ta' chki' t @@k'is @@i' q'aaq'
ta' chki' tk'isi' qáwj ooj,	ta' chk @@i' t @@k'isi' q @@awaj ooj
cha'.	cha'
Neen chek jq'aaq'al loq'laj qajyúb'la,	neen cheek j @@q'aaq' @@aal loq'laj qa @@juyub'la
qata'j.	qa @@táq'aj
Ri' li tb'enowk,	ri' li t @@b'en @@ow @@ik
porke neen chek ta' chki' chee'.	porke neen chek ta' chiki' chee'
Ta' chki' qelen tisik'in teew.	ta' chk @@i' qleen ti @@sik' @@i'n teew
Toos jwi'l k'u li jinon li tren.	entoons j @@wi'l k'u li jilon li t @@r @@en
Toos lijori qes tijb'iji' li chi qe	entoons lijori qas ti @@j @@b'ij @@i' li chi qe
tqat'o chee'.	t @@qa @@t'o chee'
Chee' pok nim jq'iij,	chee' pok nim j @@q'iij
tichikoni' re qchooch,	ti @@chikon @@i' re q @@ichooch
tchkon tqakoj li q'aaq'.	t @@chikon t @@qa @@koj li q'aaq'
Tichkoni' chi qe re ojwi'n b'a meex.	ti @@chikon @@i' chi q @@e re oj @@wi'n b'a meex
Xaq kom ta' tich'eb'on taq tanb'ij iin.	xaq koom ta' ti @@ch'eb' @@on taq t @@an @@b'ij iin
Ri' rka' jb'anik nemoo tren taq yaq mosib',	ri' rka' j @@b'an @@ik ne @@moo t @@r @@en taq yaq moos @@ib'
sool b'a meex tiwi'ntaqw.	sol b'a meex ti @@wi'n @@taq @@w
Twi'ntaq li b'a meex,	t @@wi'n @@taq li b'a meex
per lamas k'u tpe'w li,	per lamas k'u t @@pe @@w li
ri' mis chee' tijkoj taq.	ri' mis chee' ti @@j @@koj taq
Pwerta ri' mis pwerta.	pwerta ri' mis pwerta
Toos ri' mism,	entoons ri' miim
kaske ooj mas sechelkoj rk'iilaq.	kaske ooj maas sechelk @@oj r @@ik'iil @@aq
Mas sechelkoj,	mas sechel @@k @@oj
mari'ta' jcholájil tiyolow taq.	ma @@ri @@ta' j @@chola @@jil ti @@yol @@ow taq
Mari'ta' nada,	ma @@ri' @@ta' nada
tons iin ri' tanb'ij iin,	entoons iin ri' t @@an @@b'ij iin
qes jcholájl pwes qaloq'aj chee'.	qas j @@chola @@j @@l pwees qa @@loq'a @@j chee'
I qab'ane' wee wi' jun ra nik'aj k'aam qalugar.	i qa @@b'an @@e' we wi' jun ra nik'aj k'aam qa @@luwar
Pwes qaloq'aj taq ra qachee'.	pwes qa @@loq'a @@j taq ra qa @@chee'
Porke iin pok k'ex lajwánm tb'ensaj k'ex re chee'.	porke iin pok k'ex laj @@w @@ánim t @@b'en @@sáj k'ex re chee'
Chee' pok nim jq'iij.	chee' pok nim j @@q'iij
Ta' chi' xawil Linee,	ta' chi' x @@aw @@il linee
este k'is okox xaq' k'ichelaaj.	este k'is okox xaq' k'iche'laaj
Ójor seb'laaj k'ii jwich okox tijya'w,	ójor seb' @@laaj k'ii j @@wiich okox ti @@j @@ya' @@w
kwando wi'naa mas chee'.	kwaand wi'n @@aa maas chee'
A wi'n jinon,	a wi'n jilon
ji'n.	jii'n
cha' taq re.	cha' taq re
Koom kila' wi' jun juul ta' ilanawi'l aat,	koom kila' wi' jun juul ta' il @@an @@a @@wi'l aat
a ta' ilanawi'l.	a ta' il @@an @@a @@wi'l
Aat ta' ilan awi'l,	aat ta' il @@an a @@wi'l
aat ta' jun welt eselkat uchaq loom.	aat ta' jun weelt esel @@k @@at uch @@aq loom
aat b'i wakotchaq.	aat b'ik wakot @@ch @@aq
A' pero iinilan inwi'l,	a' peer iin @@il @@an in @@wi'l
wi' jun juul kla'.	wi' jun juul kla'
I wi' jnoo ajq'iijab' tqej taq xílij.	i wi' jono aj @@q'iij @@ab' t @@qej taq xílij
Wi' ajq'iijb' tqej taq xílij,	wi' aj @@q'iij @@b' t @@qej taq xílij
pero man lugar li.	peer man luwar li
I qask'une' b'anik tanb'ij iin pwes.	i qas @@k'u @@ne' b'an @@ik t @@an @@b'ij iin pwees
Li lwar li qesk'une' tz'et li lwar sagradi' li.	li luwar li qes @@k'u @@ne' tz'et li luwar sagrad @@i' li
Nmoo tib'ij taq re k'aslem jyub'al,	ne @@moo ti @@j @@b'ij taq re k'aslem juyub' @@aal
qes k'uyo'lli'.	qas k'u @@yo'l @@i'
Li yo'l, yo'l,	li yo'l yo'l
yo'l,	yo'l
yo'lk wiitzi'li,	yo'l @@k wiitz @@i' @@li
yo'lk wiitzili.	yo'l @@k wiitz @@li
Tose ri' k'u li pwes tren taq qaqaaj,	entoons ri' k'u li pwees t @@r @@en taq qa @@qaaj
qachuuch ójor taq tziij.	qa @@chuuch ójor taq tziij
Tantayin,	t @@an @@ta @@yin
a' nimi' jyolik ri qaaj nimi' jyolik ri.	a' nim @@i' j @@yol @@ik ri qaaj nim @@i' j @@yol @@ik ri
Tons ri' li tanb'ij iin pwes.	entoons ri' li t @@an @@b'ij iin pwees
li moo kristyan lori pwes tijtika' rab'ixaq,	li mood kirtyaan lajori pwees ti @@j @@tik @@a' r @@ab'ix @@aq
cha'.	cha'
Qatike' na qab'ix,	qa @@tik @@e' na q @@ab'iix
cha' taq.	cha' taq
Tb'e taq li tikij ab'iix.	t @@b'e taq li tik @@ij ab'iix
Xaq b'ij ch'ikch'ij taq,	xaq b'i @@j ch'ikch'ij taq
per ya xch'ikmaji'ch',	peer ya x @@ch'ik @@maj @@i' @@ch
yastw xoktqa' re'.	yastw x @@ok @@tq @@a' re'
A noo kond t'elch woroon chi rij inb'ee jol li chaak chik.	a noo kwand t' @@el @@ch woroon chi r @@ij in @@b'ee jol li chaak chik
Juntir tk'am wasroon iin b'ee jol,	juntiir t @@k'am w @@asroon iin b'ee jol
ooj b'i chakun chik,	ooj b'i chaaku @@n chik
cha' taq.	cha' taq
Pero noo mari' ta' jcholájl li,	peer noo ma @@ri' ta' j @@chola @@j @@l li
ri' qes jcholájl tren taq ójor taq tziij.	ri' qas j @@cholá t @@r @@en taq ójor taq tziij
wi' k'iche'laaj tqasajik.	wi' k'iche'laaj t @@qa @@sáj @@ik
Toos kwand ya t'ok jqasajik k'ichelaaj nab'e tik'am taq b'i poom chi rij ral ulew.	entoons kwand ya t' @@ok j @@qa @@saj @@ik k'iche'laaj nab'e ti @@k'am taq b'i poom chi r @@ij ra uleew
O wi' jun o wi' jun syen kwerd wataal,	o' wi' jun o' wi' jun syen kwerd wataal
u k'ichelaaj tijqasaj taq pwes tijb'ij taq.	u k'ichelaaj ti @@j @@qa @@saj taq pwees ti @@j @@b'ij taq
Tijb'ij taq intiit' ójor,	ti @@j @@b'ij taq in @@tiit' ójor
rii uxub' arob poom tijkoj taq,	ri oxib' arob poom ti @@j @@koj taq
cha'.	cha'
jinon tqab'ij ooj re kandela,	jilon t @@qa @@b'ij ooj re kanteel
kandela ooj,	kanteel ooj
cha' ooj re.	cha' ooj re
Pero qas tijb'ij taq ójor taq tziij.	peer qas ti @@j @@b'ij taq ójor taq tziij
Knteel,	knteel
cha' taq re,	cha' taq re
kandela,	kanteel
kantelaa tijk'am,	kantee ti @@j @@k'am
b'i jkantela tqak'am b'i qakantel,	b'i j @@kantela t @@qa @@k'am b'i qa @@kanteel
cha' taq.	cha' taq
Tijk'am taq b'i poom,	ti @@j @@k'am taq b'i poom
xijpomajtqa' jwich witz.	x @@i @@j @@poma @@j @@tq @@a' j @@wich witz
Xijpomajtqa' jwich,	x @@i @@j @@poma @@j @@tq @@a' j @@wiich
nin lamas lwar tijkoj jchaakaq.	neen lamaas luwar ti @@j @@koj j @@chaak @@aq
Toos ri' k'u li tren taq jinon li,	entoons ri' k'u li t @@r @@en taq jilon li
tren taq.	t @@r @@en taq
Tons tijpomaj taq jwich,	entoons ti @@j @@poma @@j taq j @@wiich
xpomaji' jwich li jwi'laq.	x @@poma @@j @@i' j @@wiich li j @@wi'l @@aq
ri k'u neen li kirtyaan ta' tq'ax iikeej,	ri k'u neen li kirtyaan ta' t @@q'ax iikeej+
ta' tq'ax asron,	ta' t @@q'ax asroon
ta' tq'ax moor uchaq jch'eekaq.	ta' t @@q'ax moor uch @@aq j @@ch'eek @@aq
Ta' tijq'atz,	ta' ti @@j @@q'atz
ta' tijkat ri'b'aq li chaak.	ta' ti @@j @@kat r @@i' @@b'aq li chaak
I xentiji' li,	i x @@en @@tij @@i' li
baay ya xentiji' li.	baa ya x @@en @@tij @@i' li
Toos ya stw li xoktqa' li,	entoons ya stw li x @@ok @@tq @@a' li
li chaak.	li chaak
Xentiji' chaak li,	x @@en @@tij @@i' chaak li
xk'atmaajchiki' jwi'laq.	x @@k'at @@maaj @@chik @@i' j @@wi'l @@aq
Xi' chki' juntir chik,	xi' chk @@i' juntiir chik
xi' chki' jtayik chik,	x @@i' chik @@i' j @@ta @@yik chik
jpoomaaj chik jwich jyub' ta'j.	j @@poomaa @@j chik j @@wiich juyub' táq'aj
Lamaas titikonan taqwi'w,	lamaas ti @@tiko'na @@n taq @@wi'w
toos mism xi' koje'tqa' chiki'n.	entoons miim x @@i' koj @@e' @@tq @@a' chik @@i'n
Lamaas lwar tijtik rab'ixaq.	lamaas luwar ti @@j @@tik r @@ab'iix @@aq
I kla' tijkoje' taq wi'w ri kostumbre.	i kla' ti @@j @@koj @@e' taq wi' @@w ri kostumbre
Baay xpek'u q'ooq' li,	baa x @@pe @@k'u q'ooq' li
cha',	cha'
xpek'u kinaq' li,	x @@pe @@k'u kinaq' li
cha'.	cha'
Xpek'u jaal li bwen taq qelen tijb'itaq,	x @@pe @@k'u jaal li bween taq qleen ti @@j @@b'it @@aq
ri' li trentaq uchaq lom ójor.	ri' li t @@r @@en @@taq uch @@aq loom ójor
O jinon trentaq qamaam,	o' jilon t @@r @@en @@taq qa @@maam
qeet' ójor taq tziij.	q @@eet' ójor taq tziij
Toos ri' li,	entoons ri' li
ri jilon ri, ri rideyaq.	ri jilon ri ri r @@ideey @@aq
Per yokrek iin tanb'ij tz'eti'n.	per yo @@krek iin t @@an @@b'ij tz'et @@i'n
Pero ajwi'na juul tab'an tantiyar aat.	peer aj @@wi' @@na juul t @@a @@b'an tantyar aat
Ajwi'n,	aj @@wi' @@n
ajwi' man juul kla' li yokrek ajwi'n.	aj @@wi' man juul kla' li yo @@krek ajw @@i'n
Porke aay Diyoos ri' b'a pake tinb'ij chawe qaaj Keel,	porke aay Dyoos ri' b'a pake t @@in @@b'ij ??? qaaj keel
lomenos mikita' jun junab'.	lomenos mi @@kita' jun junaab'
ta' jurub'ti junab' ukaa petzelkin kla'.	ta' jurub' @@ti junab' wuka petz @@el @@k @@in kla'
Pent xi' jun oxlajuj junab',	derepeet xi' jun oxlajuuj junaab'
kab'lajuj junab' ri' li ri b'eselkin,	kab'lajuj junaab' ri' li ri b'es @@el @@k @@in
ri petzelkin kla'.	ri petz @@el @@ik @@in kla'
Ji'n xinpetchika'na jun weltchik	jii'n x @@in @@pet @@ch @@ka' @@na jun weelt @@chik
ja' xime' chich insii' chik.	ja' x @@i @@me' chi @@ch in @@sii' chik
Pero mikta' chki' xintaw kla'.	peer mi @@kta' chik x @@in @@taw kla'
Ji'n jun kab'lajuj junab',	jii'n jun kab'lajuj junaab'
o oxlajuj junab'.	o oxlajuj junab'
Kla' li wi'w jun juul kla' li,	kla' li wi' @@w jun juul kla' li
I neen tikojow.	i neen ti @@koj @@ow
juuj chi' qe jun k'otob' qe tqejb'ik,	(juuj) chi' qe jun k'otob' qe t @@qej @@b' @@ik
jchi' jun k'otob' tqejb'ik.	j @@chi' jun k'otob' t @@qej @@b' @@ik
I ya tb'e pwes diseke ya tinyol ri chawe.	i ya t @@b'e pwes dise @@ke ya t @@in @@yol ri ch @@aw @@e
Peer ri' pent awetami'n tanb'ij iin,	peer ri' peent aw @@etam @@i'n t @@an @@b'ij iin
tamtkiti awetam tijb'ij taq li ro'ójor taq tziij,	(tamtkiti) aw @@etam ti @@j @@b'ij taq li r @@(o') @@ójor taq tziij
cha'.	cha'
Kom ójor jb'anik pok sub'laaj jwert naa jmillagr,	koom ójor j @@b'an @@ik pok sub' @@laaj jwert naa j @@millagr
jwert naa dilikaa jb'anik.	jwert naa dilikaa j @@b'an @@ik
Keresir pok niim jpetik wach ulew petzélk.	keersir pok nim j @@pet @@ik wach uleew petz @@el @@ik
Toos ri' li jinon tijb'ij taq,	entoons ri' li jilon ti @@j @@b'ij taq
diske li jwi'li ni'j kristyan ta' jkojb'alaq li,	diske li j @@wi'l @@i' ni'j kirtyaan ta' j @@k'oj @@b'al @@aq li
tijb'ij taq xi' jb'ite' taq paagr laq'ab',	ti @@j @@b'ij taq x @@i' j @@b'it @@e' taq paagr laq'aab'
cha'.	cha'
Tren taq misa.	t @@r @@en taq misa
b'an qamisa ori b'an qamiix ori,	b'an qa @@misa ori b'an qa @@miix ori
cha' taq cha',	cha' taq cha'
re cha'.	re cha'
B'an qamiix ori, ori paagr	b'an qa @@miix ori ori paagr
ori chqaj miix chawe,	ori ch @@qa @@j miix ch @@aw @@e
cha' taq re.	cha' taq re
Pwes ori ma kita' loq'	pwees laj ma kita' loq'
ta' loq' tqa'an miix ori porke ori laq'ab'i'n,	ta' loq' t @@qa @@'an miix ori porke ori laq'aab' @@i'n
cha' paagre cha'.	cha' paagre cha'
Noo b'aan ori,	noo b'an ori
cha' taq re.	cha' taq re
Alajwers tren taq obligar paagre.	alajwers t @@r @@en taq obligar paagre
Toos paagre.	entoons paagre
Eb'an,	e @@b'an
tcha' re.	t @@cha' re
Xen miix,	x @@en miix
cha'.	cha'
Jonon tijyol taq k'etzen intiit' li ójor taq tziij.	jonon ti @@j @@yol taq k'etzen in @@tiit' li ójor taq tziij
Tonse,	entoons
tonse ri' k'u li pwes.	entoons ri' k'u li pwees
Tonse xpenika retzel paagre nika' jb'anik.	entoons x @@pe @@nika' r @@etzel paagre nika' j @@b'an @@ik
Xpe jun retzel re li kom majcholájl ta' tren maq kristyan,	x @@pe jun r @@etzel re li kom ma @@j @@cholaj @@l ta' t @@r @@en maq kirtyaan
maq ójor taq mas, mas maq ante pasa taq chuch qamaam qet'.	maq ójor taq mas mas maq (ante pasa) taq ch @@uch qa @@maam q @@et'
Uk'are' xen taq jinon li.	Uk'are' x @@en taq jilon li
Tosee xen taq li jinon li xen miix li,	antonses x @@en taq li jilon li x @@en miix li
cha'.	cha'
Toos jun li,	entoons jun li
cha',	cha'
toos paagr li xna' miix li laq'ab'.	entoons paagr li x @@n @@a' miix li laq'aab'
Kom ubligadi' rij jwi'l maq kristyan,	kom ubligad @@i' r @@ij j @@wi'l maq kirtyaan
toos xna' miix re li.	entons x @@n @@a' miix re li
Per maa jcholájl ta' xen maq kristyan.	per maa j @@cholaj @@l ta' x @@en maq kirtyaan
Tons re li xen b'anik ri jwich juul li,	entons re li x @@en b'an @@ik ri j @@wiich juul li
ri jwich juul li ri wi',	ri j @@wiich juul li ri wi'
ri wi' Sant Katalina li ji' xlatun Xeljuu',	ri wi' Sant katalina li ji' x @@latun xelju'
cha'.	cha'
Tons ri juul chik ri chik ri ka'	entons ri juul chik ri chik ri ka'
wi' B'axoqoneb' ji' chki' xlatun Kobaan,	wi ba @@xoqoneb' ji' chiki' x @@latun Kobaan
cha'.	cha'
Ri' li jinon jb'anik xlatun jwich juul li ri, ri re man San Katalina.	ri' li jilon j @@b'an @@ik x @@latun j @@wiich juul li ri ri re man San katalina
Ri rikimch B'asaqwech jinon li ji' xlatunch,	ri r @@ikim @@ch b'a @@saqwech jilon li ji' x @@latun
xe'ljuu',	xe'ljuu'
cha'.	cha'
I antons ri' man jun re Kobaan li ri' man rka',	i antonses ri' man jun re kobaan li ri' man rka'
rka' b'alomja'.	rka' b'alom @@a'
B'a B'axoqoneb' xlatunja' Kob'an.	b'a b'a @@xoqoneb' x @@latun @@ja' kob'an
Per jwi'li' ni'j kristyan xijb'ite' taq	per j @@wi'l @@i' nik'ij kirtyaan xi @@j @@b'it @@e' taq
paagr laq'ab',	paagr laq'ab'
b'anik ya xijkoje',	b'an @@ik ya x @@í @@j @@koj @@e'
xijkoje' jchi'aq re paagr.	xí @@j @@koj @@e' j @@chi' @@aq re paagr
Jb'anik xijyaje' taq paagr,	j @@b'an @@ik x @@i @@j @@yaj @@e' taq paagr
xijyaje' taq paagre ke jinon tijb'ij taq.	x @@i @@j @@yaj @@e' taq paagre ke jilon ti @@j @@b'ij taq
Jinon tijb'ij intiit' ójor xijb'ite' taq paagr jwi'l k'u ri ni'j kristyan xojkajrne',	jinon ti @@j @@b'ij in @@tiit' ójor x @@i @@j @@b'it @@e' taq paagr j @@wi'l k'u ri nik'ij kirtyaan x @@oj @@ka @@j @@r @@ne'
xojqej diyunabes li pobril.	x @@oj @@qej diyunabes li pobr @@il
Ta' chki' jcholájk,	ta' chki' j @@chola @@j @@ik
per diyunabes jwi'l ni'j kristyan xen taq jinon li,	per diyunabes j @@wi'l nik'ij kirtyaan x @@en taq jilon li
cha'.	cha'
Toos ji' qe noon li bwen xk'ama' jq'ab' paagre,	entoons ji' qe noon li bwen x @@k'am @@a' j @@q'ab' paagre
xenja' miixa laq'ab'.	x @@en @@ja' miixa laq'ab'
Miixa jb'ij,	miixa j @@b'iij
misa ta'n.	misa ta'n
Miix likastiy li,	miix li @@kastiiy li
noke miixa ri' li xen taq,	noke miixa ri' li x @@en taq
miixa laq'ab'.	miixa laq'ab'
xen li,	x @@en li
cha'.	cha'
Xe' li pobriil qatilmit,	xe' li pobre @@iil qa @@tinmit
ta' ta'chki' qelen naado.	ta' ta' @@chk @@i' qleen naado
Toos jinon li,	entoons jilon li
porke si no ri' tka' ri seb'laaj jwert wi',	porke si no ri' tka' ri seb'laa @@j jwert wi'
wi' jrik'il,	wi' j @@r @@ik'il
cha'.	cha'
Wi' jrik'il ri qatilmit ri,	wi' j @@r @@ik'il ri qa @@tilmit ri
cha'.	cha'
Per kom jwi'li' ri jinon xen ni'j kristyan.	per kom j @@wi'l @@i' ri jinon x @@en nik'ij kirtyaan
Toos ta' chki' jrik'il qatilmit,	entoons ta' chik @@i' j @@rikil qa @@tilmit
cha'.	cha'
I ri witz xawil aat lamas tnatun juul,	i ri witz x @@aw @@il aat lamaas t @@natun juul
jiri o jili.	ji @@ri o ji @@li
Pwes tanwil iin pwes, pwes pajinonli tb'ew tanwil iin.	pwees t @@anw @@il iin pwees pwees pa @@jinon @@li t @@b'e @@w t @@anw @@il iin
Porke jun juul t'ookb'ik, t'ookb'i qas tqejb'ik.	porke jun juul t' @@ook @@b'i @@k t' @@ook @@b'i qas t @@qej @@b'i @@k
Xaq kla',	xaq kla'
qe ya wi'chaq jun jwich tqejb'e pijinon rii.	qe ya wi' @@chaq jun j @@wich t @@qej @@b'e pu @@jinon ri
Ji'n pwes iin tanb'ijin qasori,	jii'n pwes iin t @@an @@b'ij @@in qas @@ori
pwes tanb'ijiin rejwexki' tiye'saj jq'iij juul.	pwes t @@an @@b'ij @@iin rejwex @@k @@i' ti @@ye' @@sáj j @@q'iij juul
Rejwexki' tiye'saj jq'iij uchaqu,	rejwexk @@i' ti @@ye' @@sáj j @@q'iij uchaq @@u
ayisi ke jb'anik,	ayi @@si ke j @@b'an @@ik
chib'anik tinb'ij iin maqra,	chi @@b'an @@ik t @@in @@b'ij iin maq @@ra
maqra witz re.	maq @@ra witz re
nimi' jq'iij jb'anik yo'l witzi'n tqab'ij re.	nim @@i' j @@q'iij j @@b'an @@ik yo'l witz @@i'n t @@qa @@b'ij re
Rojwexki' tqaye' jq'iij,	rojwexk @@i' t @@qa @@ye' j @@q'iij
rojwexki' tqaye' jq'iij li.	rojwexk @@i' t @@qa @@ya @@e' j @@q'iij li
qas nojel tilmit tib'ili.	qas nojel tinmit ti @@b'i @@li
Qes nen mo tijb'ij likastiy,	qas nen mo ti @@j @@b'ij li @@kastiiy
pwes anibel,	pwes anibel
tcha'.	t @@cha'
Pero nojel tinmit qes tanb'ij iin,	peer noj @@el tinmit qas t @@an @@Sb'ij iin
jcholájl li.	j @@chola @@j @@l li
Anibel nasiyonal,	a @@nibel nasiyonal
cha' taq li kastiy.	cha' taq li kastiiy
Pero qes tinb'ijin lajintzijb'el,	peer qas t @@in @@b'ij @@in lajintzijb'el
pwes qas qonojel tinmit.	pwees qas qonojel tinmit
Kones qus tya'saj jq'iij taq ra witz,	kones qus t @@ya' @@sáj j @@q'iij taq ra witz
porke ri' tqak'ut chuchaq ak'alb' tijin tik'iy taq chik.	porke ri' t @@qa @@k'ut ch @@uch @@aq ak'al @@b' tijin ti @@k'iy taq chik
Porke maq ek'el tijin tik'iy taq chik ori.	porke maq ek'el tijin t @@k'iy taq chik laj
Masi' jwert tijin tisach jpensaraq,	mas @@i' jwert tijin ti @@sach j @@pensar @@aq
ketant relijion tijin t'elch.	ke @@tant relijion tijin t @@el @@ch
Wi' pune' karismatika,	wi' pu @@ne' karismatika
cha',	cha'
wi' pune' iglesiy ebangelj,	wi' pu @@ne' iglesiy ebangelj
wi' puu aba biba,	wi' puu aba biba
cha',	cha'
wi' puu jyooba,	wi' puu jyooba
cha'.	cha'
Wi' puu nasaren,	wi' puu nasaren
cha',	cha'
wi' puu iglesy sambley de diyoos.	wi' puu iglsy sambley de Dyoos
Wi' puu iglesiya de diyoos,	wi' puu iglesiya de Dyoos
cha'.	cha'
Wi' puu aay tant jb'ij mokol taq iglesa.	wi' puu aay tant j @@b'iij mokol taq iglesa
Diyoos miy ketant.	Dyoos miy ketaant
Per mari'ta' jcholájk,	per ma @@ri' @@ta' j @@chola @@j @@ik
mari'ta' jcholájk iin qas tanwil iin.	ma @@ri' @@ta' j @@chola @@j @@ik iin qas t @@an @@wil iin
Qes ri' jcholájk qes jinon li,	qas ri' j @@chola @@j @@ik qas jilon li
maaknika' ta' chi' qa,	maak @@nika' ta' chi qa
ta' chi' qa.	ta' chi' qa
Ta' chi qakojb'el,	ta' chi qa @@koj @@b'il
ta' chi' qakoojb' chuch,	ta' chi qa @@kooj @@b' ch @@uch
chuchn qaqaaj Diyoos.	ch @@uch qa @@qaaj Dyoos
ooj moxer,	ooj mox @@er
nojel q'iij.	nojel q'iij
I porke tanwil iin pwes qes jcholáj pwes,	i porke t @@an @@wil iin pwes qas j @@chola @@j pwees
ooji' ka' ooj ajmak.	ooj @@i' ka' ooj aj @@maak
U ooj wi' qamak oojb'e.	u ooj wi' qa @@maak ooj @@b'e
Li jun jalan iglesy chik,	li jun jalan iglesy chik
per kom chib'anik tanb'ij iin.	peer koom chi @@b'an @@ik t @@an @@b'ij iin
Rejwexki' ooj chomrsaan.	rejwexk @@i' ooj chomorsaa @@n
oojchomrsan chi rij qelk'wal.	ooj @@chomorsa @@n chi r @@ij q @@elk'wal
Tqaya' jno'jaq qelk'wal,	t @@qa @@ya' @@a'n j @@no'j @@aq q @@elk'wal
ants ajchaaltqa'n.	ants aj @@chal @@tq @@a'n
Majri'ta'n tqaya' jno'jaq,	m @@aj @@ri' @@ta'n t @@q @@ya @@a'n j @@no'j @@aq
jnoo disiyoch,	jnoo disiyoch
beynt junb'aq.	beynt junb' @@aq
Ta' chki' loq',	ta' chk @@i' loq'
ta' chki' ooj ook lajb'a'aq.	ta' chk @@i' ooj ook la @@j @@b'a' @@aq
Enkamby ajchaaltqa'n pwes tqab'ij rechaq.	enkamby aj @@chal @@tq @@a'n pwes t @@qa @@b'ij rechaq
mojkosk ri' li qadeberili,	m @@oj @@kos @@ik ri' li qa @@deber @@li
jinon tqab'an re qelk'wal li.	jilon t @@qa @@b'an re q @@elk'wal li
I parke kones qus t'ok lajb'a'aq,	i parke kones qus t' @@ok la @@j @@b'a' @@aq
ma'an taq jinon ri,	m @@a @@'an taq jilon ri
ma'an taq jun qlen maa qusta'n.	m @@'a @@an taq jun qleen maa qus @@ta'n
Maa jb'eta'n,	maa j @@b'e @@ta'n
ma jcholájl ta'n ri' li. Toos, toos tanb'ij iin pwes.	ma j @@cholaj @@l ta'n ri' li entoons entoons t @@an @@b'ij iin pwes
I komo ri' li qes jcholájl tanwil iin.	i koom ri' li qas j @@cholaj @@l t @@an @@wil iin
ri' chuwajin pwes ke kita'm,	ri' ch @@waaj @@in pwes ke kita' @@m
kita' chujb'anik tijb'ij taq ójor taq tziij.	kita' chu @@j @@b'an @@ik ti @@j @@b'ij taq ójor taq tziij
Pwes kita' q'atub' tipetk,	pwes kita' q'atub' ti @@pet @@ik
cha' taq.	cha' taq
Ri' li mkita' q'atub',	ri' li m @@kita' q'atub'
kom enkamby li ori jita' chki' noon.	koom enkamby li ori jita' chk @@i' moo
seb'laaj q'etub' tipet,	seb' @@laaj q'etub' ti @@pet
neen chek tpee sub'laj q'etub'.	neen chek t @@pee sub' @@laj q'etub'
Porke oojika' mism ojtokowk,	porke oj @@ika' miim oj @@tok @@ow @@ik
wi' qelk'wal taqeqiil.	wi' q @@elk'wal taq @@e @@q @@il
Kom emoo pech nik'i,	koom e @@moo pech nik' @@i'
tb'ek.	t @@b'ek
K'omo qe li wee laq ab'iix,	k'omo qe li wee laq ab'iix
k'omo qe li wee laq kinaq',	k'omo qe li we laq kinaq'
k'omo qe li wee chuchaq jaa rk'i kristyan xi' okwi'w,	k'omo qe li wee ch @@uch jaa r @@k'i kirtyaan xi' ok @@wi'w
xi' oki'li.	xi' ok @@i' @@li
Neen chak li,	neen chak li
xi' okoq,	xi' ok @@oq
kom ta' tqil.	kom ta' t @@q @@il
Toos jinon jb'anik qelk'waal,	toos jilon j @@b'an @@ik q @@elk'waal
rojwex tqil qelk'waal tqaya' jno'jaq.	rajwex ti @@q @@il q @@elk'waal t @@qa @@ya' j @@no'j @@aq
O si noo taq ra anm,	o' si noo taq ra ánim
taq o taq ra wunaqtqa'n pwes tqaya' jno'jaq tambyeen.	taq o' taq ra wunaq @@tq @@a'n pwes t @@qa @@ya' j @@no'j @@aq tambyeen
Wi' jye'ik jno'j ra anm,	wi' j @@ye' @@ik j @@no'j ra ánim
wi' jye'ik jno'j ra wunaq.	wi' j @@ye' @@ik j @@no'j ra wunaq
Manik'ta'n,	ma @@nik' @@ta'n
jalan jno'j ra anm,	jalan j @@no'j ra ánim
jalan jye'ik,	jalan j @@ye' @@ik
jno'jaq jb'anik jk'astaj jb'a'aq.	j @@no'j @@aq j @@b'an @@ik j @@k'asta @@j j @@b'a' @@aq
Jb'anik rk'i tzitaq chomrsánk,	j @@b'an @@ik r @@k'i tzi @@taq chomorsá @@n @@ik
rk'i tzitaq pensar,	r @@k'i tzi @@taq pensar
t'ok lajb'a'aq.	t' @@ok laj @@b'a' @@aq
Toos ri' li chwaj iin pwes.	toos ri' li ch @@w @@aj iin pwes
Toos lamas tpew q'etub' kita'n.	toos lamaas t @@pe @@w q'etub' kita'n
Pero komo ori ta'chki'n,	peer komo ori ta' @@chk @@i'n
tzi chaq wi' jun kristyan tb'i kamsajoq,	tzi chaq wi' jun kirtyaan t @@b'i kam @@sáj @@oq
tzi chaq.	tzi chaq
O wi' jun anm xpitz'aaj li b'ee,	o' wi' jun ánim x @@pitz' @@aa @@j li b'ee
tzi chaq.	tzi chaq
U xjop taq jwich jun tzik' anm,	u x @@jop taq j @@wiich jun tzik' ánim
b'anik tijb'ij taq qaqaaj,	b'an @@ik ti @@j @@b'ij taq qa @@qaaj
qachuuch ójor.	qa @@chuuch ójor
Toos jinon li,	toos jilon li
non tijb'ij,	non ti @@j @@b'ij
non tijb'ij inmaam wit' ójor.	non ti @@j @@b'ij in @@maam wit' ójor
E majop taq jwich kristyan,	e ma @@jop taq j @@wiich kirtyaan
cha'.	cha'
Toos tzi chaq tb'i jopsaj jwich jun kristyan,	toos tzi chaq t @@b'ik jop @@sáj j @@wiich jun kirtyaan
tzi chaq.	tzi chaq
aay ta' chki' tqata' neen tb'an.	ay ta' chik @@i' t @@qa @@ta' neen t @@b'an
Xpepne' jun qach'ol,	x @@pe @@p @@ne' jun qa @@ch'ool
xpepne' jun qeqa'n,	x @@pe @@p @@ne' jun qe @@qa'n
xpepene' jun qab'a,	x @@pe @@p @@ne' jun qa @@b'a
xpepene' jun wqan.	x @@pe @@pe @@ne' jun w @@aqan
Junojel tiq'oxow chi qe,	(junojel) ti @@q'ox @@ow chi qe
ta' chki' na'l neen k'ex chi qe.	ta' chik @@i' na'l neen k'ex chi qe
A' ri' tqab'ij itzb'ali'n,	a' ri' t @@qa @@b'ij itz @@b'al @@i'n
itzb'ali'n itzb'ali'n ri'.	itz @@b'al @@i'n itza @@b'al @@i'n ri'
Man taal julan li,	man taal julan li
ri' man Mriy.	ri' man mriy
O ri' man Jwana,	o' ri' man Jwana
ri' man Xwa'n,	ri' man xwa'n
o ri' man Tilin.	o ri' man tilin
O ri' man Leen o ri' man qaqaaj Si's,	o' ri' man Leen o ri' man qa @@qaaj Si's
o ri' man, man Si's.	o ri' man man Si's
O ri' man Waan,	o ri' man Waan
o ri' man Teek xenow chwe ooj,	o ri' man Teek x @@en @@ow ch @@we ooj
cha'.	cha'
Per noo mari' ta',	per noo ma @@ri' ta'
jcholáj tqab'ij.	j @@chola @@j t @@qa @@b'ij
ooj mism ojtokowk. I chqaj chaq, jalan chaq.	ooj miim oj @@tok @@ow @@ik i ch @@q @@aj chaq jalan chaq
Aruk' re' ojb'e jol.	a @@ruk' re oj @@b'e jol
Ya ta' chki' tqata' neen tqab'an lajqchoch,	ya ta' chik @@i' t @@qa @@ta' neen t @@qa @@b'an laj @@q @@chooch
ta' chki' tqata'w.	ta' chk @@i' t @@qa @@ta'w
Toos ooj mijor tqab'an	toos ooj mijor t @@qa @@b'an
oojb'e jol ri jun jalan t'iqatoke' riglesaq mosib'.	ooj @@b'e jol r @@i jun jalan t'i @@qa @@tok @@e' r @@igles @@aq mos @@ib'
Porke li riglesyaq rechi' mosib',	porke li r @@iglesy @@aq r @@ech @@i' moos @@ib'
ri maq, maq iglesya	ri maq maq iglesya
Ri ji'n rechi' mosib' li,	ri ji'n r @@ech @@i' moos @@ib' li
ooj b'e jol rk'ilaq.	ooj b'e jol r @@k'il @@aq
A' rechaq tzii triltaq,	a r @@ech @@aq tzii t @@r @@il @@taq
est ri' nemas tijsech.	este ri' nemas ti @@j @@sech
Baay xoktqa' rechaq chi jb'ij taq chi qe.	baa x @@ok @@tq @@a' r @@ech @@aq chi j @@b'ij taq chi qe
Noo li tachak kumb'l,	noo li ta' @@chak kumb'l
ta' chak nadaa.	ta' chak nadaa
Oken taq qik'il,	ok @@en taq qi @@ik'il
oken taq qik'il tqab'an seb'laaj jwert orasiyon chawijaq.	ok @@en taq q @@ik'il t @@qa @@b'an seb'laaj jwert orasiyon ch @@aw @@ij @@aq
Atzib'tqa'n,	a @@tzib' @@tq @@a'n
baay atzib'tqa'n,	baay a @@tzib' @@tq @@a'n
tcha' taq.	t @@cha' taq
Ta' chki' tijye' taq jq'iij wron,	ta' chk @@i' ti @@j @@ye' taq j @@q'iij woron
ta' chki' tijye' taq jq'iij.	ta' chk @@i' ti @@j @@ye' taq j @@q'iij
I qakumb'il kanel jwi'l qaqaaj Diyoos,	i qa @@kumb'il kan @@el j @@wi'l qa @@qaaj Dyoos
wron wi'.	woron wi'
Iin pur wron xintzib'san ójor,	iin pur wron x @@in @@tzib'sa @@n ójor
kwand xinta' inyaj.	kwand x @@in @@ta' in @@yaaj
Xintzib'i'n jwi'l wron,	x @@in @@tzib' @@i'n j @@wi'l woron
tons ji' k'u non li tanb'ijiin pwes.	tons ji' k'u jilon li t @@an @@b'ij @@iin pwees
taq ra wron wi' jchaqejalil.	taq ra woron wi' j @@chaqej @@al @@il
ooj xuker chuch neen tqik'aj neen k'ex chi qe.	ooj xuk @@er ch @@uch neen t @@q @@ik'aj neen k'ex chi qe
Tqatij qe nab'e ojxuker,	t @@q @@ik'aj qe nab'e oj @@xuk @@er
ajruk' re' tqatzek, tqatij jinon li jun welt.	aj @@ruk' re t @@qa @@tzek t @@qa @@tij jilon li jun welt
Per qastz'eti re chijb'anik tanb'ij iin,	per qas @@tz'et @@i' re chi @@j @@b'an @@ik t @@an @@b'ij iin
Petk'unaa q'etuub',	pet @@k'u @@naa q'etuub'
petk'une' jyajaq,	pet @@k'u @@ne' j @@yaaj @@aq
neen jpetik.	neen j @@pet @@ik
Pero ri' li jcholájl chuwaj iin.	pero ri' li j @@cholaj @@l ch @@waaj iin
Pero kom chib'anik tanb'ij iin aaj, aaj ritk'unere' tijya' taq jq'iij chee'.	pero kom chi @@b'an @@ik t @@an @@b'ij iin aaj aaj ri @@t @@k'u @@ne @@re' ti @@j @@ya' taq j @@q'iij chee'
Ajritk'unere' ta' chi tijkoj taq.	aj @@ri @@t @@k'u @@ne @@re' ta' chi ti @@j @@koj taq
Ori yanoo ta' chi tijkoj taq,	ori ya @@noo ta' chi ti @@j @@koj taq
ri' chaq tinwil iin ya masi' sach taq tanwil iin,	ri' chaq t @@in @@wil iin ya mas @@i' sach taq t @@an @@wil iin
inb'ij iin,	in @@b'ij iin
qes tinwil iin xojsach qe rk'ilaq.	qas t @@in @@wil iin x @@oj @@sach qe r @@k'il @@aq
Per iin tanb'ij iin,	per iin t @@an @@b'ij iin
aay iin si ta' chuwaj inb'e li jun jalaan chótix.	aay iin si ta' ch @@waaj in @@b'e li jun jalaan chotx
Qas jun jalaan iglesya chik,	qas jun jalaan iglesya chik
qas jun nab'e chótix.	qas jun nab'e chotx
Jinon tijb'ij taq qaqaaj,	jilon ti @@j @@b'ij taq qa @@qaaj
chuuch ójor re ójor chótix,	chuuch ójor re ójor chotx
cha' taq re.	cha' taq r @@e
Mee qiglesya ta',	mee q @@iglesya ta'
tcha' taq re,	t @@cha' taq r @@e
chótix,	chotx
cha' taq re.	cha' taq r @@e
Ji'n ri chótix ri' qes qachótix,	jii'n ri chotx ri' qas qa @@chotx
qes nim chótix li ri' li kla' li ojb'ew.	qas nim chotx li ri' li kla' li oj @@b'e @@w
Li li la' li iglesya ooj,	li li la' li iglesya ooj
cha' re.	cha' re
Baay ri' li.	baay ri' li
I jinon li qas xin chomorsaj iin,	i jilon li qas x @@iin chomorsa @@j iin
pwes Diyoos pwes iin tijb'iji' lajinwárj.	pwes Dyoos pwes iin ti @@j @@b'ij @@i' laj @@in @@war @@j
Kwand abeses,	kwand abeses
kwando.	kwaand
I neen tinb'an i neen tinb'an Diyoos,	i neen t @@in @@b'an i neen t @@in @@b'an Dyoos
tijya', tijb'iji' chwe qonojeli',	ti @@j @@ya' ti @@j @@b'ij @@i' ch @@we qonojel @@i'
qonojeli' li qonojeli'.	qonojel @@i' li qonojel @@i'
Jtzij Diyoos,	j @@tziij Dyoos
Diyoos wi' qonejel lwar wi'w,	Dyoos wi' qonojel lwar wi' @@w
Qonejel qaluwr li wi'w Diyoos,	qonejel qa @@luwr li wi' @@w Dyoos
wi' li chi q'aaq',	wi' li chi q'aaq'
wi' li lajqasook,	wi' li laj @@qa @@sook
wi' li qonojel li wi'w Diyoos.	wi' li qonojel li wi' @@w Dyoos
Ojchomrsan ooj per ooj chomrsank jurub'tne' tqasolaj jwich,	oj @@chomrsa @@n ooj per ooj chomrsa @@n @@ik jurub' @@t @@ne' t @@qa @@sola @@j j @@wiich
jurub' iglesya.	jurub' iglesya
Per mikita' jcholájl tqa'an,	per mi @@kita' j @@cholaj @@l t @@qa @@b'an
mari'ta' jcholájl.	ma @@ri' @@ta' j @@cholaj @@l
Tons ri' li tanb'ijin qaqaaj,	tons ri' li t @@an @@b'ij @@in qa @@qaaj
ri' li tanyoliin qaqaaj ji'n.	ri' li t @@an @@yol @@iin qa @@qaaj jii'n
Baay toos k'omoo chawe.	baa toos k'omoo ch @@aw @@e
Tosee k'omoo,	tosee k'omoo
k'omo chawe qaqaaj Keel.	k'omo ch @@aw @@e qa @@qaaj keel
Pwes xojyolow ak'il jun, jun q'iij ri pwes.	pwes x @@oj @@yol @@ow a @@k'il jun jun q'iij ri pwees
Iwir xojyolow ák'l ljori xojyolow chik juntir ák'l.	iwir x @@oj @@yol @@ow a @@k'l ljori x @@oj @@yol @@ow chik juntiir a @@k'l
Toos ri' li pwes tanb'ij iin,	toos ri' li pwes t @@an @@b'ij iin
qes ri' li tanyol iin chawe.	qas ri' li t @@an @@yol iin ch @@aw @@e
Rojwexki' tye'saj jq'iij maq ra lwar lamas wi'w taq ra rex k'im.	rojwexk @@i' t @@ye' @@sáj j @@q'iij maq ra lwar lamaas wi' @@w taq ra rex k'im
Porke talexch ja',	porke t @@alex @@ch ja'
tren k'otob'.	t @@r @@en k'otob'
I jinon jyub' ta'j tiye'saj jq'iij chuwaj iin pwes.	i jilon jyub' tá'j ti @@ye' @@sáj j @@q'iij chu @@w @@aj iin pwees
Ooj titawtina b'i na xílij,	ooj ti @@taw @@ti @@na b'i na xílij
pero talbes ojtawi' xílij tanb'ij iin.	pero talbez oj @@taw @@i' xílij t @@an @@b'ij iin
Qes tqakoj qachoq'w,	qas t @@qa @@koj qa @@choq'w'
pwes tz'etaj re' qonojel qatinmit ojchakun.	pwes tz'et @@aj re' qonojel qa @@tilmiit oj @@chaak @@un
Tanb'ij iin ri' li tanb'ij iin,	t @@an @@bij iin ri' li t @@an @@b'ij iin
ri' li tanb'ij iin qaqaaj.	ri' li t @@an @@b'ij iin qa @@qaaj
Ji'n, ji'n.	jii'n jii'n
Tons k'omo chawe qaqaaj.	tons k'omo ch @@aw @@e qa @@qaaj
K'omo chawe aat doña Kata,	k'omo ch @@aw @@e aat doña kata
xa'an jun toq'ob' xaye' jun gran informasyon re jun q'iij lojori.	x @@a @@'an jun toq'ob' x @@a @@ye' jun gran informasyon re jun q'iij lajori
E bweno pwes,	e bweno pwes
neen moo xen pasar rka' kompayre pobre ójor.	neen moo x @@en pasar rka' kompayre pobre ójor
Rk'i jun kompayre riko jun kompayre ójor tant xtij	r @@k'i jun kompayre riko jun kompayre ójor tant x @@tij
Pok jwert chaak tren.	pok jwert chaak t @@r @@en
I re ta' chiki' tikwin chij resaj ráb'ix laq wron.	i r @@e ta' chik @@i' ti @@kwin chi @@j r @@esá @@j r @@ab'iix laq wron
Tose xk'astaj ranm re moskil.	entoons x @@k'asta @@j r @@anm re moos @@k @@il
Tos xe' rk'i' xe' rk'i' jkompayre rik.	tos xe' r @@k'i' xe' r @@k'i' j @@kompayre rik
Tons xk'am b'i jun litr kantin kesaltek,	tons x @@k'am b'i jun litr kantin kesaltek
cha',	cha'
xe' rk'i' jkompayre pobr.	xe' r @@k'i' j @@kompayre pobr
Ichiqaaj,	i @@chiqaaj
cha' re cha'.	cha' r @@e cha'
Ee	ee
cha' kompayre re kompayr rik.	cha' kompayre r @@e kompayr rik
b'an jun kemelal chawch.	b'an jun kemel @@aal chiw @@ch
Kont ta'an jun sant laj toq'ob' chuwe,	kont ta @@'an jun sant laj toq'ob' ch @@we
rka' aat aat ch'aw chuwij.	rka' aat aat ch'aw ch @@uw @@ij
U inqeje' na jun insiyen ketzal chawe,	U in @@qej @@e' na jun in @@syen ketzal ch @@aw @@e
cha' re jkompayre rik.	cha' r @@e j @@kompayre ???
yoos,	yoos
cha' jkompayre rik.	cha' j @@kompayre rik
Xtze'j jwich.	x @@tze' @@j j @@wiich
Aat rili chawaj weyin ta' puwaq uk'ilin iini'.	aat ri @@li ch @@aw @@aj we @@yin ta' pwaq uk'iil @@iin iin @@i'
Jun ya inchaq b'ek ri ch'ekik wixiim chaq' jaa,	jun ya in @@chaq b'e @@k ri ch'ek @@ik w @@íxim chaq' jaa
cha'	cha'
cha'.	cha'
wi' kerner,	wi' kerner
wi' raaq,	wi' r @@aaq
wi' rak',	wi' r @@ak'
wi' jkwa'y	wi' j @@kwa'y
kow laj kwa'y.	kow laj kwa'y
I wi' taq raa kwa'y qe.	i wi' taq raa kwa'y qe
Tosee re ri' riki'n, kom kompayre riki'n,	tosee re ri' rik @@i'n kom kompayre rik @@i'n
oro xij jkompayre re.	oro x @@ij j @@kompayre re
Diyoos kompayre, b'an jun toq'ob' chuwe ombr,	Dyoos kompayre b'an jun toq'ob' ch @@uw @@e ombr
ch'awen chuwij,	ch'aw @@en ch @@uw @@ij
tche'.	ti @@che'
Resajch jun litr kantin,	r @@e @@sá @@j @@ch jun litr kantin
rka' awriyent,	rka' awriyent
cha',	cha'
xya' re.	x @@ya' r @@e
I j kompayre riki'n wi'	i j kompayre rik @@i'n wi'
Wi' awriyent k'olan jwi'l.	wi' awriyent k'ol @@an j @@wi'l
Xek' xi' jqasajch	xek' xi' j @@qe @@sáj @@ch
ko' weyin ri kompayre,	ko' we @@yin ri kompayre
wi' weyin iin.	wi' we @@yin iin
Ta' qelen tchakuj akúmb'il chuwe,	ta' qelen t @@chak @@u @@j a @@kúmb' @@il ch @@uw @@e
tcha'.	t @@cha'
Diyoos kompayre konta' tatij jun asik' pwes,	diyoos kompayre konta' ta @@tij jun asik' pwes
cha' re cha'.	cha' re cha'
Ta' xtij	ta' x @@tij
ta' xk'ul tamb'iyeen,	ta' x @@k'ul tamb'iyeen
iin wi' insik'.	iin wi' in @@sik'
Iinta' qelen trenpalt chuwe,	iin @@ta' qelen t @@r @@en @@palt ch @@uw @@e
cha' jkompayre rik re.	cha' j @@kompayre rik re
Tose tose ruk' ree alg xen kib' ranm.	tose tose ruk' r @@ee alg x @@en kib' r @@anim
No kompayr oombr,	no kompayr oombre
b'an jun santlaj tq'ob' chuwe.	b'an jun santlaj tq'ob' ch @@uw @@e
Xaq ak'l kub'ul inch'ol.	xaq ak'l kub' @@ul in @@ch'ol
Kom non tren jun kintal ink'as ak'l.	kom non t @@r @@en jun kintal in @@k'as ak'l
pero usil li tintoj,	pero usil li t @@in @@toj
wet ti tab'an jun toq'ob' chuwe.	wet ti ti @@b'an jun toq'ob' ch @@uw @@e
Ruk'u' tijb'ij wanm iin.	ruk'u ti @@j @@b'ij wa @@anm iin
pen tch'aw inkompayr chuwij,	pen t @@ch'aw in @@kompayr ch @@uw @@ij
ch'aw chuwij re jun siyen ketzal iin,	ch'aw chuw @@ij re jun siyen ketzal iin
cha' chawe	cha' ch @@aw @@e
per une mikita'n,	per une' mi @@kita'n
Diyoos kompayre	diyoos kompayre
i jun ya inchaq b'ek chaq' jaa.	i jun ya in @@chaq b'ek chaq' jaa
Chij ta'ik ínchik, ch'ekik wixiim,	chii @@j ta' @@ik ín @@chik ch'ek @@ik (wixiim)
ch'ekik impuwaq.	ch'ek @@ik in @@pwaq
Ji' qe lonli mejor kitan	jii' qe lon @@li mejor kitan
i pake oj yolow junj jun aq'ab' kita'n,	i pake oj yolow jun @@j jun aq'ab' kita'n
tche' jkompayr rik re,	t @@che' j @@kompayr rik re
che'.	che'
Aay Diyoos kompayr ta'b'ka're',	aay Dyoos kompayr ta' @@b'ka' @@re'
cha',	cha'
cha'.	cha'
Ta'n deb'ald tatij achoq'ab',	ta' @@n deb'ald t @@a @@tij a @@choq'ab'
aat aat kom ya laq'ab' chaq,	aat aat kom ya laq'ab' chaq
ya xoki' aq'ab'.	ya x @@ok @@i' aq'ab'
I paske jkompayre pobre.	i paske j @@kompayre pobre
Re kila' qe kub'ul ranm.	re kila' qe kub' @@uul r @@anim
Usil,	usiil
jib'akare' kompayre sim kita'n.	ji @@b'aka' @@re' kompayre si @@ma kita'n
Tons tinkoj na b'enam,	tons ti @@iin @@koj na b'en @@am
ticha' kompayre pobre,	ti @@cha' kompayre pobre
che'.	che'
Jkompayr rik,	j @@kompayr rik
che'.	che'
Jaan,	jaan
jkompayr rik re,	j @@kompayr rik re
cha'.	cha'
cha'.	cha'
Xmaj b'i jun ra b'ee, jun ra suk'ul b'ee,	x @@maj b'i jun ra b'ee jun ra suk' @@ul b'ee
cha'.	cha'
Xq'ax jun xoo'l loom,	x @@q'ax jun xoo'l loom
che',	che'
xok chalaj jun pek ab'aj,	x @@ok ch @@alaj jun pek ab'aj
cha'.	cha'
Tons jun pek ab'aj,	tons jun pek ab'aj
cha'.	cha'
Tonse pur ra jaa jb'anik,	tonse pur ra jaa j @@b'an @@ik
ril chi pur saq saq ralaj.	r @@il chi pur saq saq r @@alaaj
I neen k'u jcholajl loq'laj ab'aj ri Diyoos,	i neen k'u j @@cholaj @@l loq'laj ab'aj ri Diyoos
tche',	ti @@che'
cha'.	cha'
Baa Diyoos tijkuxtaj,	baa Diyoos ti @@j @@kuxta @@j
tose usil xuker kla',	tose usil xuk @@er kla'
cha'.	cha'
B'aa usil ya laq'ab' chaq, loke xen xe' wel chij man nim ab'aj.	b'aa usil ya laq'ab' chaq loke x @@en xe' wel ch @@ij man nim ab'aj
Xi' kub'er chij man nim ab'aj,	x @@i' kub' @@er ch @@ij man nim ab'aj
cha'.	cha'
cha'.	cha'
Jicha' chijtaw,	ji @@cha' chi @@j @@ta @@w
cha'.	cha'
Fufufu (silvido), mula,	fufufu (silvido) mula
tcha' maq kib' kistiyan petzel taq,	ti @@cha' maq kib' kirtyaan petz @@el taq
cha'.	cha'
La' jun b'ee,	la' jun b'ee
cha'.	cha'
Tonse usil xq'uq'or kila', xq'uq'or chi rij man ab'aj,	tonse usil x @@(q'uq'or) kla' x @@(q'uq'or) chi r @@i'j man ab'aj
cha'.	cha'
cha' petzel jun linter,	cha' petz @@el jun linter
petzel, petzel, petzel, petzelk,	petz @@el petz @@el petz @@el petz @@el @@ik
cha'.	cha'
Petzel jun q'aaq',	petz @@el jun q'aaq'
cha'.	cha'
Baay xuq, taq xe' ab'aj,	baay x @@uq taq xe' ab'aj
cha'.	cha'
A ljori nab'e taq qasaj reqan man jun,	a ljori nab'e taq qe @@sáj r @@eqan man jun
ruk' re' tqaqasaj chik reqa'n man jun,	ruk' re' t @@qa @@q'a @@sáj chik r @@eqa'n man jun
cha' taq maq kib' kistiyan.	cha' taq maq kib' kirtyaan
Cha' kib' unaq.	cha' kib' unaq
Jaan,	jaan
cha' re man jun,	cha' re man jun
xqasaj taq nab'e reqa'n man jun kwa'y,	x @@qa @@sáj taq nab'e r @@iqa'n man jun kwa'y
cha'.	cha'
Jujun kuxtar re chaq.	jujun k'uxtar r @@e chaq
Xqasaj taq chi rij maq kwa'y,	x @@qa @@sáj taq chi r @@ij maq kwa'y
cha' kib' kwa'y.	cha' kib' kwa'y
E xqasaj taq jun,	e x @@qe @@sáj taq jun
che' xqasaj taq reqa'n man jun.	che' x @@qa @@sáj taq r @@iqa'n man jun
Usil xqasaj taq chik reqa'n man jun.	usil x @@qa @@sáj taq chik r @@iqa'n man jun
I maq kwa'y li xoktqa' li chichjem.	i maq kwa'y li x @@ok @@tq @@a' li ch @@ichj @@em
Baay ruk' re'.	baay ruk' r @@'e
Tons list xikn re,	tons list xikn re
cha',	cha'
tayel juwil neen jtzijaq tijb'ij taq,	ta @@yel ju @@wil neen j @@tzij @@aq ti @@j @@b'ij taq
cha'.	cha'
Tonse xtor taq man,	entoons x @@tor taq man
xok taq chi' puwert li,	x @@ok taq chi' puwert li
cha',	cha'
abre la puwerta chula,	abre la puwerta chula
cha'.	cha'
Abre frijil,	abre frijil
tche' taq	t @@che' taq
cha'.	cha'
Ree biyeen xta' jcholajl,	r @@ee biyeen x @@ta' j @@cholaj @@l
xkaj ne' grabar,	x @@ka @@j ne' grabar
cha'.	cha'
Baay xtor rib' puwert chuchaq,	baay x @@tor ri @@b' puwert ch @@uch @@aq
cha'.	cha'
Tqitz'itz' man chi' puwert,	ti @@qitz'itz' man chi' puwert
per pur ab'aj.	per pur ab'aj
Baay xok taq b'i ladentre,	baay x @@ok taq b'i la @@dentre
ruk' re' xij ye' taq jun kuxtar re chaq ladentr.	ruk' re' xílij ye' taq jun k'uxtar re chaq la @@dentr
Baay usil xe'l taq chich xqasaj taq chik.	baay usil x @@e'l taq chich x @@qa @@sáj taq chik
Si pwes qasal chaq eqa'n, jwi'laq,	si pwes qa @@sal chaq eqa'n j @@wi'l @@aq
xk'am taq chik jun kuxtar xij ye' taq chik ladentr.	x @@k'am taq chik jun kuxtar x @@i @@j ye' taq chik la @@dentr
Baay xkan yamaj jwi'laq ladentr,	baay x @@kan ya @@maj j @@wi'l @@aq la @@dentr
xeltaqch.	x @@el @@taq @@ch
siyera frijil,	siyera frijil
ticha' taq,	ti @@cha' taq
cha',	cha'
siyera la puwerta chula,	siyera la puwerta chula
cha' taq.	cha' taq
jaan,	jaan
tcha' puwert mism tqitz'itz' man puwert,	t @@cha' puwert mism t @@qitz'itz' man puwert
per pur ab'aj xtz'apij rib',	per pur ab'aj x @@tz'api @@j r @@ib'
cha'.	cha'
Baay xkan yamaj li jwi'laq	baay x @@kan ya @@maj li j @@wi'l @@aq
xenjuwa'x jkolb'aq,	x @@en @@j @@wa'x j @@kolb' @@aq
che'.	cha'
Ajchajal jwi'l kompayre pobre,	aj @@chaja @@l j @@wi'l kompayre pobre
che',	che'
xel taq b'ik	x @@el taq b'ik
B'aay sach taq b'ik,	b'aay sach taq b'ik
cha'.	cha'
Tons re usil, xqejch b'aa ab'aj,	tons re usil x @@qej @@ch b'aa ab'aj
cha',	cha'
xqejch b'aa ab'aj,	x @@qej @@ch b'aa ab'aj
cha'.	cha'
Tonse xuker,	tonse xuk @@er
cha',	cha'
qes mas lamas wi' chij chi' puwert,	qas mas lamas wi' chi @@j chi' puwerty
cha'.	cha'
Chi' puwert nikare' lamas wi' ab'aj,	chi' puwert nika @@re' lamas wi' ab'aj
cha'.	cha'
cha'.	cha'
Aay Diyoos miyo,	aay Diyoos miyo
cha',	cha'
kontk'u insuwert ri tata, xawqan aq'ow.	kon @@t @@k'u in @@suwert ri tata x @@aw @@qan a @@q'ow
I tikawila'n, tikata'n,	i tik @@aw @@il @@a'n tik @@a @@ta'n
aat qajyub'al	aat qa @@j @@yub' @@al
qataqjal,	qa @@taqj @@al
aat prinsipal mund,	aat prinsipal mund
aat benta munde.	aat benta munde
Taat kuy inmak	taat kuy in @@maak
raj iin jaragan kare',	raj iin jaragan kare'
rajka' ta' ta' inkwin chi b'anik trab'aj inbid.	r @@aj @@ka' ta' ta' in @@kwin chi b'an @@ik trab'aj in @@bid
Ta' inkun tino'jaj	ta' in @@kwin ti @@no'j @@aj
per ajri' lori ya' chuwe taat,	per aj @@ri' ljori ya' ch @@uw @@e taat
jurub' aboluntad,	jurub' a @@boluntad
tcha'.	t @@cha'
Jaan,	jaan
tiche' ab'aj re	ti @@che' ab'aj re
cha'.	cha'
Santil ab'aj,	Sant @@il ab'aj
cha',	cha'
usil rka' xen jun kitz orasiyon,	usil rka' x @@en jun kiitz orasiyon
che'.	che'
Re rorasiyon qamaam qatiit',	re r @@orasiyon qa @@maam qa @@tiit'
cha',	cha'
usil rka' xok chij tiik,	usiil rka' x @@ok chi @@j (tiik)
cha',	cha'
xok chij tayik toq'ob'.	x @@ok chi @@j ta @@yik toq'ob'
Taat b'an jun sant laj toq'ob' chuwe,	taat b'an jun sant laj toq'ob' ch @@uw @@e
taat akl ta' re taat.	taat akl ta' re taat
Taye' b'i aq'o chimb'	ta @@ye' b'i aq'o ch @@im @@b'
aata re' taat,	aat @@a' re' taat
ch'aw rka' a tzij chimb',	ch'aw rka' a tzij ch @@im @@b'
tikawila'	tik @@aw @@il @@a'
tikata'n,	tik @@a @@ta'n
ya xinkosi' laq chaak.	ya x @@in @@kos @@i' laq chaak
Jwi'l pobril xinpe rk'i kompayr rik,	j @@wi'l pobre @@il x @@in @@pe r @@ki' kompayr rik
per nad ta' xch'aw ranm chuwij.	per nad ta' x @@ch'aw r @@anm chuw @@ij
Olori taat kuy inmak.	olori taat kuy in @@maak
Abra la puwerta chula,	abra la puwert chula
tcha',	t @@cha'
cha',	cha'
abre frijil,	abre frijil
tcha',	t @@cha'
cha' jiqenon li.	cha' jiqe @@non li
Xteb'a' rib' puwert chuch,	x @@te @@b'a' r @@ib' puwert ch @@uch
cha',	cha'
per re xok b'i liyadentre.	per re x @@ok b'i li @@yadentre
Ta' ta' xcha' re,	ta' ta' x @@cha' re
re kuxtar ri nimaq jpam.	r @@e kuxtar ri nimaq j @@pam
No re xaq xok b'ik.	no r @@e xaq x @@ok b'ik
I xcha' resajch jun re.	i x @@cha' r @@esa @@j @@ch jun re
I xelch.	i xel @@ch
Tons xuq jye' chi' puwerte.	tons x @@uq j @@ye' chi' puwerte
Tosee,	tosee
tons titne' xkir jb'a kuxtar no.	tons tit @@ne' x @@kir j @@b'a kuxtar no
O purament xaq xijuraj man kuxtar ladentr.	o purament xaq x @@i @@jura @@j man kuxtar la @@dentre
Per xkanrile' ri ri la dentr,	per x @@kan @@il @@e' ri ri la dentr
juwert jatiyad rka' kuxtar,	juwert jatiyad rka' kuxtar
k'is tusul kuxtar	k'is tus @@uul kuxtaar
pur bonit rilik.	pur bonit r @@il @@ik
Wi' luus ladentr re ab'aj,	wi' luus ladentr re ab'aj
baa xelch xii xkub'a jun kuxtar,	baa x @@el @@ch x @@ii x @@kub' @@a' jun kuxtar
rka' uch uchab'aj.	rka' uch uch @@ab'a'j
B'aay siyere el frijil chula,	b'aay siyere el frijil chula
siyere el puwerte chula,	siyere el puwerte chula'
tcha'.	t @@cha'
Jaan,	jaan
tcha' puwert,	t @@cha' puwert
xteb'a rib' chuch.	x @@teb'a ri @@b' ch @@uch
Baay xyuq	baay x @@yu'
xpe re xelch li li ab'aj.	x @@pet re x @@el @@ch li li ab'aj
Tons xtz'apij rib' ab'aj,	tons x @@tz'api @@j r @@ib' ab'aj
tche',	t @@che'
per diske tinta iin pwes,	per diske t @@in @@ta iin pwes
jtakil tijyol taq qamaam qatiit' ójor.	j @@tak @@il ti @@j @@yol taq qa @@maam qa @@tiit' ójor
Rka' kan wiqili' jchoch jwi'l	rka' kan wiqi @@l @@i' j @@chooch j @@wi'l
kan wiqili' rchoch jwi'l.	kan wiq @@l @@i' r @@chooch j @@wi'l
I xkan jb'ij re rxóqil,	i x @@kan j @@b'ij re r @@xóqil
si en kas tich'aw ranm qa kopayr rik chuwij.	si en kas ti @@ch'aw r @@anim qa kopayr rik ch @@uw @@ij
Tons qaxukb'a' ri qib' chuch jun siyen ketzal inyuq.	tons qa @@xuk @@b'a' ri q @@ib' ch @@uch jun siyen ketzal in @@yuq
I (taa) aat list list jun kitz qamaq'na' awi'l,	i (taa) aat list list jun kiitz qa @@maq'na' a @@wi'l
tcha'.	t @@cha'
Jaan,	jaan
tcha',	t @@cha'
list kafe jwi'l chuchu',	list kafe j @@wi'l chuchu'
b'eselchaq aq'ab' xtaw rtaa',	b'e @@sel @@chaq aq'ab' x @@taw (rtaa)
cha',	cha'
ya b'eselchaq aq'ab' xtaw ri.	ya b'e @@sel @@chaq aq'ab' x @@taw ri
Ri chuch qajw nik'are'	ri chuch qajw nikar @@e'
Tons ri' k'ure,	tons ri' k'u @@re
che',	che'
kwand xel b'i li.	kwand x @@el b'i li
Wi' kand ril chi resajch xkuni' chi resajch jun kuxtar	wi' kand r @@il chi r @@esá @@j @@ch x @@kun @@i' chi r @@esá @@j @@ch jun kuxtar
Li li bentan ab'aj,	li li bentan ab'aj
cha'.	cha'
Baay xkan xukeroq,	baay x @@kan xuk @@er @@oq
cha',	cha'
taat kuy inmak. Inpetchina' xe' rqan aq'w,	taat kuy in @@maak in @@pet @@chi @@na xe' r @@qan aq'w
taq yuq ink'anwaj tiyuqin tiyuqin.	taq yuq in @@k'amowa @@j ti @@yuq @@iin ti @@yuq @@iin
Jun rqan inluusi xawqan aq'w,	jun r @@aqan in @@luus x @@aw @@aqan aq'w
kuy inmak tinkoj na b'enam,	kuy in @@maak t @@iin @@koj na b'en @@am
che',	cha'
che'.	cha'
Xkoj q'ab' reqa'n,	x @@koj q'ab' r @@eqa'n
xe'k'.	x @@e @@k'
cha'.	cha'
Xtaw chuch jaa,	x @@taw ch @@uch jaa
cha'.	cha'
tcha' re rxóqil,	t @@cha' re r @@xóqil
cha'.	cha'
xatpetin.	x @@at @@pet @@in
Xinpetin.	x @@in @@pet @@in
Ayoos neen xataw xat b'oymaj,	ayoos neen x @@a @@taw x @@at b'ay @@maj
ta' xatq'ab'erk,	ta' x @@at @@q'ab'er @@k
tcha' re cha'.	t @@cha' re cha'
Noo,	noo
tche',	t @@che'
no ast xb'itchiri xb'itch anm li.	no ast x @@b'it @@chi @@ri x @@b'it @@ch anm li
Rajojaa,	rajo @@jaa
che',	cha'
xb'itch xkub'er taq uch tiyoox,	x @@b'it @@ch x @@kub' @@er taq uch tyóox
cha'.	cha'
Diyoos pok uqa'n ri xinte'ch',	diyoos pok uqa'n ri x @@in @@te' @@ch
cha' re rxóqil,	cha' re r @@xóqil
cha'.	cha'
Per ta' xteb'a taq re'.	per ta' x @@teb'a taq re'
Kuwand xaq tene' xtaw re la jaa, xteb'a taq,	kuwand xaq tan @@e' x @@taw re la jaa x @@teb'a taq
xkir taq chib' rka' xkir taq jchi' kuxtar.	x @@kir taq chib' rka' x @@kir taq j @@chi' kuxtaar
Noo xkoj taq na wen kandel deya ketzal,	noo x @@koj taq na wen kandel deya ketzal
wi' insiyens,	wi' insiyens
wi' poom,	wi' poom
che'.	cha'
Wi' kixlanwa,	wi' kixlanwa
che',	cha'
wi' asukr,	wi' asukr
che',	cha'
wi' kanel,	wi' kanel
wi' chikolat,	wi' chikolat
cha',	cha'
wi' paan,	wi' paan
cha'.	cha'
Wi' jun ra jk'olb'aq	wi' jun ra j @@k'olb' @@aq
re rka' re poom nikare'.	re rka' re poom nika @@re'
Baay sut xen taq jun raj krus,	baay sut x @@en taq jun ra j @@krus
cha',	cha'
Wi' li kuxtar,	wi' li kuxtar
cha',	cha'
xen taq jun ra jkrus,	x @@en taq jun ra j @@krus
cha',	cha'
xen krus re chaq a'.	x @@en krus re chaq a'
B'aa Diyoos tijkuxtaj taq,	b'aa diyoos ti @@j @@kuxta @@j taq
cha',	cha'
aay Diyoos neen k'ure' xyach' qaqaaj Diyoos chi qe.	aay Dyoos neen k'u @@re' x @@ya @@ch' qa @@qaaj Diyoos chi qe
Loq'laj qa jyub'al	loq'laj qa juyub' @@al
qataq'jal,	qa @@taq'ja @@l
loq'laj general mund,	loq'laj general mund
prinsipal mund,	prinsipal mund
bentan mund.	bentan mund
Taat kuy qamak,	taat kuy qa @@maak
ri' ri jun raqa qakútz'ij tqaya' xawáqan aq'wq.	ri' ri jun ra @@qa qa @@kútz'ij ti @@qa @@ya' x @@aw @@aqan a @@q'wq
ajkorti'l i'n,	aj @@koprti'l i'n
lori ajki' tqil.	lori ajki' t @@q @@il
Pero me'r korti'l kare',	pero me'r korti'l kare'
neen tk'ure',	neen t @@k'ur @@e'
tche' tata'.	ti @@che' tata'
I jinon chuchu',	i jilnon chuchu'
cha'.	cha'
B'aay xkojmaj wen kandel diyaketzal jwilaq,	baay x @@koj @@maj wen kandel diy @@a @@ketzal j @@wil @@aq
poom insiyens,	poom insiyens
cha'.	cha'
Baay ruk're' siq taq,	baay ruk' siq taq
che'.	cha'
Xen jwichaq siq taq rka' man kuxtar,	x @@en j @@wiich @@aq siq taq rka' man kuxtar
che'.	cha'
Nojsol jpam,	noj @@sa @@l j @@pam
b'aay ruk're' xkir taq jb'a,	b'aay ruk' @@re' x @@kir taq j @@b'a
ri' chaq tril taq.	ri' chaq t @@r @@il taq
Yoos loq'laj me'r korti'l wi' xilj,	yoos loq'laj me'r korti'l wi' xílj
che'.	che'
B'aay ji' qe non li usil, usil, usil, usil ta' resaj taq jtakil.	b'aay ji' qe non li usil usil usil usil ta' r @@esá @@j taq j @@tak @@il
xtaa jtakil ulew,	x @@taa j @@tak @@il uleew
konta' ulew tk'ayajk rkompayre pobr,	kon @@ta uleew t @@k'aya @@j @@ik r @@kompayre pobr
cha'.	cha'
Tons rkomagre pobr tamiyeen,	tons r @@komagre pobr tamiyeen
rka' neen wi' moo tqa'an re,	rka' neen wi' moo t @@qa @@'an re
atcha' aat,	at @@cha' aat
che' taq chyuchaq,	cha' taq chy @@uch @@aq
che'.	cha'
Neen taj ne neent rjil qatz'aqt,	neen ta @@j ne neen @@t r @@j @@il qa @@tz'aqt
re ma rechta' q'ab'rik ri puwaq xqaa xamech'.	re ma r @@echt @@a' q'ab'r @@ik ri puwaq x @@qaa x @@a @@me @@ch'
Me'r korti'l aay Diyoos, loq'laj mund	me'r korti'l ay Diyoos loq'laj mund
saber nech q'iij laal ojb'ek,	saber ne @@ch q'iij laal oj @@b'e @@k
b'iqaxuke' na qib'.	b'i @@qa @@xuk na qib'
B'i qa maje' na qib' chuch las xame'wch,	b'i qa maj @@e' na q @@ib' ch @@uch las x @@a @@me' @@w @@ch
tche' rkomayr pobr re,	t @@che' r @@komayr pobr re
che'.	cha'
Oor rkmayr rik, ta' xch'ab'ej .rjkompayr pobr,	oor r @@kmayr rik ta' x @@ch'ab'e @@j r @@j @@kompayr pobr
cha',	cha'
ta' xch'ab'ej li xtaw.	ta' x @@ch'ab'e @@j li x @@taw
Xaq kompayr rik xch'ab'ej li, xtaw.	xaq kompayr rik x @@ch'ab'e @@j li x @@taw
Tons ruk' re' kuwando ril taq,	tons ruk' r @@e kuwando r @@il taq
wi' puwaqi' me'r korti'l wi' xilj kuxtar li.	wi' puwaq @@i' me'r kortil wi' xílij kuxtar li
B'aay ruk're' xchomsaj taq li,	b'aay ruk' @@re' x @@chomorsa @@sáj taq li
che'.	cha'
Yoos xen taq xchomsaj taq,	yoos x @@en taq x @@chomorsa @@sáj taq
neench q'iij laal tb'ijye' taq jun regal.	neen @@ch q'iij laal t @@b'i @@j taq jun regalo
Rka' chuch loq'laj bentan mund	rka' ch @@uch loq'laj bentan mund
las xijmech' puwaq.	las x @@i @@j @@me @@ch' puwaq
Re kompayr pobr,	re kompayr pobr
cha'.	cha'
B'aay xtaw taq li.	b'aay x @@taw taq li
Si puwes xloq' taq ulew,	si pwes x @@loq' taq uleew
che'.	cha'
I xloq' taq ulew	i x @@loq' taq uleew
xloq' taq kib',	x @@loq' taq kib'
xloq' taq uxub',	x @@loq' taq oxib'
xloq' taq kijab',	x @@loq' taq kijab'
pedas,	pedas
cha',	cha'
ulew.	uleew
Baay man kompayr rik, ree kom ta' mas naj wi'w re chaq,	baay man kompayr rik r @@ee kom ta' mas naj wi' @@w r @@e chaq
Tiyent trila'n nemoo tren taq, juntir.	??? t @@r @@il @@a'n ne @@moo t @@r @@en taq juntiir
Baay xloq' ulew,	baay x @@loq' uleew
cha',	cha'
xloq' wákix,	x @@loq' wakix
cha'.	cha'
Xloq' kwa'y,	x @@loq' kwa'y
xloq' kowlaj kwa'y,	x @@loq' kow @@laj kwa'y
xloq' xloq' kirner,	x @@loq' x @@loq' kirner
cha',	cha'
xloq' aaq,	x @@loq' aaq
cha'.	cha'
I xloq' ajtzoo',	i x @@loq' ajtzoo'
taq ra eek',	taq ra eek'
taq re ixtux,	taq re ixtuux
taq ra eek' juntir xloq'.	taq ra eek' juntiir x @@loq'
Ya usil ttzib',	ya usiil t @@tzib'
ya stuw.	ya stuw
Jun junab' xtij rka' man kompayr rik,	jun junab' x @@tij rka' man kompayr rik
usil xk'astajch ranm re ril chi yaa tzichaq jb'anik,	usil x @@k'asta @@j @@ch r @@anm re r @@il chi yaa tzi @@chaq j @@b'an @@ik
jkompayr rik.	j @@kompayr rik
Si puwes jkompayr pobr.	si puwes j @@kompayr pobr
Tons rilch man kompayr rik xpet,	tons r @@il @@ch man kompayr rik x @@pet
cha'.	cha'
Tons xk'amch jun litr awriyent kantin.	tons x @@k'am @@ch jun litr awriyent kantin
I xk'amch jun kajetiy sik' mism.	i x @@k'am @@ch jun kajetiy sik' mism
Tons kom bonitos moo xokch,	tons kom bonitosi moo x @@ok @@ch
xok chi xok chij ch'ab'ej jkompayir pobre,	x @@ok chi x @@ok chij ch'ab'e @@j j @@kompayir pobre
cha'.	cha'
Ketal kompayre tzine' awch,	ketal kompayre tzi @@ne' aw @@ch
cha' re.	cha' re
Xuq,	x @@uq
cha'.	cha'
cha' re cha'.	cha' re cha'
Aay Diyoos neen xataw ta' chiki' ataw uk'il,	aay Diyoos neen x @@a @@taw ta' chik @@i' a @@taw ik'iil
re chaak,	re chaak
jitka non ta'an li.	ji @@ta'ka' non t @@a @@'an li
Ta'an trat rka' jurub' k'am chaak uk'il,	t @@a @@'an trat rka' jurub' k'am chaak uk'iil
Mejor b'in ch'ab'ej na,	mejor b' @@in ch'ab'ee @@j na
porke ilb'ali jun kintal ixiim jk'as uk'il,	porke il @@b'a @@li jun kintal íxim j @@k'as ik'iil
xtaq qe jyiki iin,	x @@taq qe j @@(yiki) iin
cha' chawe.	cha' ch @@aw @@e
Ji'n kompayr,	ji'n kompayr
aay Diyoos ta' chiki inb'antajk,	aay Dyoos ta' chki' in @@b'anta @@j @@ik
ri' tinwil taq ra qelen we.	ri' t @@in @@w @@il taq ra qleen w @@e
I no palt tinb'an,	i no palt t @@in @@b'an
tche',	t @@cha'
cha',	cha'
tcha' kompayr pobr,	t @@cha' kompayr pobr
re kompayr rik,	re kompayr rik
cha'.	cha'
Yoos kompayr b'insolaj na inkompayr pobr,	yoos kompayr b' @@in @@sola @@j na in @@kompayr pobr
incha' chawe.	in @@cha' ch @@aw @@e
Ak're Diyoos kompayre kosolkat li laq chaak,	ak' @@re Diyoos kompayre kos @@olk @@at li laq chaak
kont ku tatij jun ra kitz akúmb'il uk'il,	kon @@t k'u t @@a @@tij jun ra kitz a @@kumb'il uk'il
tcha' re cha'.	t @@cha' re cha'
Tcha' kompayr rik re kompayr pobr,	t @@cha' kompayr rik re kompayr pobr
cha'.	cha'
Diyoos kompayr woni' rtzil awanm k'omol awi'l,	Dyoos kompayr won @@i' r @@tzi @@il aw @@anm k'om @@ol a @@wi'l
cha'.	cha'
wi',	wi'
cha',	cha'
ayoos tons qatije' b'en.	a @@Dyoos tons qa @@tij @@e' b'en
I per parej tqatij jino awe aat,	i per parej t @@qa @@tij jino aw @@e aat
jinon weyin,	jilon we @@yin
tcha' jkompayr rik re,	t @@cha' j @@kompayr rik re
jkompayr pobr,	j @@kompayr pobre
re jkompayr rik,	re j @@kompayr rik
cha'.	cha'
Tawen,	tawen
tcha' kompayr rik,	t @@cha' kompayr rik
cha'.	cha'
Aruk' re ta' tnooj mas kristal tren,	aruk' r @@e ta' t @@nooj mas kristal t @@r @@en
cha',	cha'
ta' tnoj mas jk'olb' tren,	ta' t @@noj mas j @@k'ol @@b' t @@r @@en
cha'.	cha'
Ri' jkompayr pobr qes biyeen tijnojsaj,	ri' j @@kompayr pobr qas biyeen ti @@j @@noj @@sáj
rka' rka' raj bas raj,	rka' rka' ra @@j bas ra @@j
jkolb' kare' tren tijye' re jkompayr pobr, tijpaj.	j @@kol @@b' kare' t @@r @@en ti @@j @@ye' re j @@kompayr pobre ti @@j @@paj
Baay ruk' re',	baay ruk' re'
che',	cha'
xtij nab'e trag rka' jkompayre pobr,	x @@tij nab'e trag rka' j @@kompayre pobr
cha'.	cha'
Ruk' awe aat kompayr,	ruk' aw @@e aat kompayr
tzaq jun awe.	tzaq jun aw @@e
Per parej ya xinb'ij chawe mir,	per parej ya x @@in @@b'ij ch @@aw @@e mir
u wi' rutzil awanm parej tqatij inchi ya' chawe.	u wi' r @@utz @@il aw @@anm parej t @@qa @@tij in @@chi ya' ch @@aw @@e
Per rik'uli wee ta ta tzaq awe,	per ri @@k'u @@li we ta' ta tzaq aw @@e
tzaq,	tzaq
cha' re cha'.	cha' re cha'
Jaan,	jaan
tcha' jkompayr riko.	t @@cha' j @@kompayr rik
Per ta' tnoj mas jk'olb' tren ree.	per ta' t @@noj mas j @@k'ol @@b' t @@r @@en r @@ee
Baay usil xe' jun trag,	baay usiil xe' jun trag
xe' kib' trag,	xe' kib' trag
xe' uxub' trag,	xe' oxib' trag
cha'.	cha'
Baay usil rka' kom kompayr rik.	baay usiil rka' kom kompayr rik
Wi' chomsal laj ranm jwi'l,	wi' chomsa @@l laj r @@anm j @@wi'l
tren ri' raj re tren komo xen,	t @@r @@en ri' raj re t @@r @@en komo x @@en
cha'.	cha'
Baay ji' qe non li	baay ji' qe non li
rka' xe' man pajnij awriyen jwi'laq,	rka' xe' man pajnij awriyen j @@wi'l @@aq
che'.	che'
Rik'u jkomayr pobr kompayr,	rik'u j @@komayr pobr kompayr
rik re xkola' jun kitz re,	rik re x @@kol @@a' jun kitz re
cha' re,	cha' re
ta' tijtij juwert, cha'.	ta' ti @@j @@tij juwert cha'
Ri'k'u' kompayr pobr re re kom,	ri' @@k'u kompayr pobr re re kom
kosol laq chaak xye' gan re xtij jurub' k'omol jwi'l jkompayr rik,	kos @@ol laq chaak x @@ye' gan re x @@tij jurub' k'om @@ol j @@wi'l j @@kompayr rik
cha'.	cha'
Rka' usil	rka' usiil
cha'	cha'
i xpe.	i x @@pe
I xpe jq'ab'erk rka' kompayr pobr,	i x @@pet j @@q'ab'er @@ik rka' kompayr pobr
cha'.	cha'
Baay	baay
i jinon man kompayr rik tamiyeen,	i jilon man kompayr rik tamiyeen
ya chaq miq'in ya chaq miq'ow re,	ya chaq miq'in ya chaq miq' @@ow re
cha'.	cha'
B'aa usil,	baa usiil
cha'.	cha'
Yoos kompayr xinpe ak'l,	yoos kompayr x @@in @@pe ák'l
neen moo xab'an xab'it ayb',	neen moo x @@a @@b'an x @@a @@b'it ay @@b'
ne moo xab'an	ne moo x @@a @@b'an
rka' tzichaq ab'anik lori twil iin.	rka' tzi @@chaq a @@b'an @@ik lori t @@w @@il iin
Taq wilch,	taq wil @@ch
taq intach,	taq in @@ta @@ch
ri' kuli ta' xkub'er wanm.	ri' k'u @@li ta' x @@kub' @@er w @@anm
Aat qe inwilch noke mejor xinpe ak'l,	aat qe in @@w @@il @@ch noque mejor x @@in @@pe ak'l
nemoo xataw nemoo,	ne @@moo x @@a @@taw ne @@moo
xa'an, xab'an trab'ajar abid.	x @@a @@b'an xab'an trab'ajar a @@bida
I xawil jcholajl nemoo xab'an.	i x @@aw @@il j @@cholaj @@l ne @@moo x @@a @@b'an
Per li aswerti' kompayr,	per li a @@swert @@i' kompayr
tcha' man kompayr rik re jkompayr pobr,	t @@cha' man kompayr rik re j @@kompayr pobr
cha'.	cha'
Jin kompayr,	jin kompayr
yoos kompayr, kom iin xintaw ak'l.	yoos kompayr kom iin x @@in @@taw ak'l
Jit chuwaj iin pwes xinb'ij iin la jwanm,	jit ch @@waaj iin pwes x @@in @@b'ij iin la j @@w @@anm
atch'awi' chuwij per kom tan.	at @@ch'aw @@i' ch @@uw @@ij per kom tan
I no palt Diyoos xk'am b'i inb'ee,	i no palt Diyoos x @@k'am b'i in @@b'ee
xinb'e jun luwar.	x @@in @@b'e jun luwar
I usil jinon li xinb'an,	i usil jinon li x @@in @@b'an
cha' re cha'.	cha' re cha'
Aay Diyoos yoos tziyin xab'an kompayr.	aay Diyoos yoos tziyin x @@a @@b'an kompayr
I tziyin xib'an chawe ta' qlen xinya' b'i chawe,	i tzi @@yi'n x @@in @@b'an ch @@aw @@e ta' qleen x @@in @@ya' b'i ch @@aw @@e
ilb'a li tzichaq ab'anik lq'ori.	il @@b'a li tzi @@chaq a @@b'an @@ik lq'ori
Ri la jq'ab' Diyoos i'n kompayr,	ri la j @@q'ab' Diyoos i'n kompayr
tcha' kompayr rik re kompayr pobr,	ti @@cha' kompayr rik re kompayr pobr
cha'.	cha'
Ji'n kompayr	ji'n kompayr
Diyoos lq'ori por la grasiyas, a Diyoos tzichaq inb'anik,	Diyoos lq'ori por la grasiyas a Diyoos tzi @@chaq in @@b'an @@ik
cha',	cha'
cha'.	cha'
Aay Diyoos tqatzaqe' chik jun kompayr,	aay Diyoos t @@qa @@tzaq @@e' chik jun kompayr
cha' kompayr rik re kompayr pobr,	cha' kompayr rik re kompayr pobr
che'.	cha'
A ajwonin,	a aj @@won @@i'n
cha'.	cha'
Ajwi' na ra kitz,	aj @@wi' na ra kitz
cha'.	cha'
Aay tons qatzaqe' re.	aay tons qa @@tzaq @@e' re
Baay usil xtij taq chik jun trag.	baa usiil x @@tij taq chik jun trag
Baay xpe jmiq'ikaq	baay x @@pe j @@miq' @@ik @@aq
biyeen biyeen, ya kas kom q'ab'rel taq chaq.	biyeen biyeen ya kas kom q'ab'r @@el taq chaq
B'aay usil baay,	b'aay usil baay
nemoo xab'an kompayr,	ne @@moo x @@a @@b'an kompayr
xatb'ek,	x @@at @@b'ek
cha'.	cha'
Neen taj li kompayr	neen taj li kompaadre
xinel b'i li ak'l chawchoch,	x @@in @@el b'i li ak'el ch @@aw @@choch
xinmaj b'i jun ral inb'ee.	x @@in @@maj b'i jun ra in @@b'ee
xintaw ralaj jun ab'aj.	x @@in @@taw r @@alaj jun ab'aj
Ri' chaq twil saq alk ralaj man ab'aj,	ri' chaq t @@w @@il saq alk r @@alaj man ab'aj
pur ra jaa jb'anik.	pur ra jaa j @@b'an @@ik
Ruk' weyin inatun jili,	ruk' we @@yin in @@atun jili
inatun jili.	in @@atun jili
Petzel kib' kistiyan k'omol kib' kwa'y jwi'laq,	petz @@el kib' kirtyaan k'am @@ol kib' kwa'y j @@wi'l @@aq
kib' kistiyan.	kib' kirtyaan
I kib' kwa'y petzelk	i kib' kwa'y petz @@el @@k
k'omolch jwi'laq,	k'om @@ol @@ch j @@wi'l @@aq
Ree reqa'n kwa'y,	ree r @@eqa'n kwa'y
kib' maq kwa'y kijab' kuxtar xij ye' taq.	kib' maq kwa'y kijab' kuxtar x @@í @@j ye' taq
xinwa'x b'aa ab'aj xinta'ch chi,	x @@in @@wa'x b'aa ab'aj x @@in @@ta' @@ch chi
neen jtzijaq,	neen j @@tzij @@aq
neen neen jtzijaq tijtor taq.	neen neen j @@tziij @@aq ti @@j @@tor taq
Ab'aj neen jtzijaq tijtzapij taq ab'aj,	ab'aj neen j @@tziij @@aq ti @@j @@tz'ap @@ij taq ab'aj
che' kompagr pobr re,	cha' kompagr pobr re
cha',	cha'
cha' re kompayr rik,	cha' re kompayr rik
cha'.	cha'
tose neench q'iij laal inb'ee iin,	tose neen @@ch q'iij laal in @@b'ee iin
kompayre chuwaj tink'ise' wanm.	kompayre ch @@waaj ti @@in @@k'is @@e' wa @@anm
I inb'ek kontku tiyesajli kompayre,	i in @@b'e @@k kon @@tku ti @@ye @@saj @@li kompayre
tche' kompayr rik re kompayr pobr,	t @@che' kompayr rik re kompayr pobr
cha'.	cha'
A saber kompayr aat atiluk wee, tak'ise' awanm	a saber kompayr aat at @@l @@uk wee t @@a @@k'is @@e' aw @@anm
aat ka' atilu re'.	aat ka' at @@il @@u re'
Per weyin jinon xinb'an,	per we @@yin jilon x @@in @@b'an
tcha' jkompayr pobr re a'.	t @@cha' j @@kompayr pobr re a'
Ji'n aay yoos kompayr	ji'n aay yoos kompayr
we jinon li xa'an,	we jilon li x @@a @@'an
tos xaq li intajkil ak'l kompayre,	tos xaq li in @@tajkil ak'l kompayre
tcha',	t @@cha'
tinkoj na b'enam	ti @@in @@koj na b'en @@am
e kompayre,	e kompayre
xcha' kompayr pobr re kompayr rik.	x @@cha' kompayr pobr re kompayr rik
Xe' man kompayr rik li xelb'ik,	xe' man kompayr rik li x @@el @@b'ik
xek' suwr xtaw chi rchoch.	xek' suwr x @@taw chi r @@choch
Xyole' re re komayr rik.	x @@yol @@e' re re komayr rik
Baay xe'k' rajne',	baay xe'k' r @@aj @@ne'
la jkab' q'iij o la jrox q'iij xe'k'.	la j @@kab' q'iij o la j @@r @@ox q'iij xe'k'
Xij ne' aprobar re,	x @@i @@j ne' aprobar re
cha',	cha'
xjte' rka' jaa, ab'aj	x @@j @@te' rka' jaa ab'aj
rka' bentan ab'aj,	rka' bentan ab'aj
cha'.	cha'
Baay xtaw li rka' ta' ajbiyaj petzelk ta' nad,	baay x @@taw li rka' ta' aj @@biyaj petz @@el @@ik ta' nada
xnatun jili natun jili mism.	x @@natun jili natun jili mism
Laq'ab' xtaw re	laq'ab' x @@taw re
tok ya chaq t'ok t'ok maay xtaw li luwar li.	tok ya chaq t'ok t'ok maay x @@taw li luwar li
Xwa'x na jun rat kla'	x @@wa'x na jun rato kla'
ta' qelen ta' qlen petzel.	ta' qleen ta' qleen petz @@el
Tons loke xen,	tons loke x @@en
b'aneri xkun chij torik abre	b'aneri x @@kwin chij tor @@ik abre
la puwert chula,	la puwert chula
cha'.	cha'
che'.	cha'
Xta' toq'ob' xta miyij,	x @@ta toq'ob' x @@ta miyij
cha',	cha'
che'.	cha'
Xta kemelal (pinal) xij,	x @@ta kemel @@al (pinal) x @@ij
cha'.	cha'
Baay entons xokchik chij torik ab'aj,	baay entons x @@ok @@chik chi @@j tor @@ik ab'aj
che'.	cha'
Abre la puwerte chula,	abre la puwert chula
che'.	cha'
Abre el frijil,	abre el frijil
che',	che'
che'.	che'
B'aa jiqenon li xteb'a rib' puwert chuch,	b'aa ji @@qe @@non li x @@teb'a ri @@b' puwert ch @@uch
che'.	che'
Ruk' ree kuwand ril ke xteb'a rib' puwert chuch a'.	ruk' ree kwaand r @@il ke x @@teb'a ri @@b' puwerta ch @@uch a'
Natun relaj ab'aj	natun r @@elaj ab'aj
wi' luus,	wi' luus
che'.	cha'
Wi' juntir,	wi' juntir
che'.	cha'
Ri' chaq tril juwert,	ri' chaq t @@r @@il juwert
tunil rka' tunil kuxtar liyadentr,	tun @@il rka' tunil kuxtar li @@yadentr
cha'.	cha'
cha'.	cha'
B'aa re,	b'aa re
cha',	cha'
xcha' na,	x @@cha' na
xcha' na,	x @@cha' na
xcha' na.	x @@cha' na
Neen lamas wi' limaq re koxtar,	neen lamas wi' lim @@aq re koxtar
cha' ri'traj re puwes.	cha' ri' @@t @@raj re puwes
Rka' tijchach jun re rka' qes mas nijsochi na,	rka' ti @@j @@cha' @@ch jun re rka' qes mas nijsochi na
chuch los demas,	ch @@uch los demas
cha' pij,	cha' (pij)
chayik rka' kuxtar,	cha @@yik rka' kuxtar
Neen chiki' ta' chiki' tijtaw neen, tijb'ij	neen chik @@i' ta' chik @@i' ti @@j @@taw neen ti @@j @@b'ij
sach re neen moo jtorik ab'aj,	sach re neen moo j @@tor @@ik ab'aj
en luwar tijtor ab'aj.	en luwar ti @@j @@tor ab'aj
Rka' tijb'ij re ta' chiki' tkun chij torik.	rka' ti @@j @@b'ij re ta' chik @@i' t @@kwin chi @@j tor @@ik
Ta' chiki' nad ta' chiki' tyuq la jb'a,	ta' chik @@i' nad ta' chik @@i' t @@yuq la j @@b'a
cha' nad nada nada,	cha' nada nada nada
ta' chiki' tikuxtaj re.	ta' chik @@i' ti @@kuxta @@j re
I ta' chiki' tyuq laj rka' la jmemory,	i ta' chik @@i' t @@yuq laj rka' la j @@memory
ta' chiki' tiyuq neen jb'ij.	ta' chik @@i' (tiyuq) neen j @@b'iij
Rka' jtorik ab'aj,	rka' j @@tor @@ik ab'aj
che' neen moo nad,	cha' neen moo nad
che'.	cha'
Loke xen mejor diyunabes sach la jb'aa.	loke x @@en mejor diyunabes sach la j @@b'aa
Neen moo jtorik ab'aj.	neen moo j @@tor @@ik ab'aj
Baay loke xen rka' xkan el xo'l maq koxtar,	baay loke x @@en rka' x @@kan el xo'l maq k'uxtar
che'.	cha'
Per ma kuxtar ta' qe wi' kila',	per ma kuxtar ta' qe wi' kla'
maxaq ta' me'r kortil wi' kila'.	ma @@xaq ta' me'r kortil wi' kla'
Noo wi' nij rtziq xojoj,	noo wi' nij r @@tziq xojoj
che',	cha'
wi' rtz'iq konkist,	wi' r @@tz'iq konkist
wi' atz'iq re mexikan,	wi' itz'yeq re mexikan
wi' atz'iq re xjoj msat,	wi' atz'iq re xjoj msat
che',	che'
wi' atz'iq re bayltor,	wi' atz'iq re bayltor
che'.	cha'
I tnatun uchaq xaan,	i t @@natun u @@chaq xaan
che',	cha'
ritraj re tiyuq jb'ij rka'.	ri't @@r @@aj re ti @@yuq j @@b'ij rka'
Neen jb'ij rka'	neen j @@b'ij rka'
tor b'i puwert chiwch laj b'aa,	tor b'i puwert chi @@wch laj b'aa
che'.	cha'
Naad ta' chiki' kuxtel jwi'l,	naad ta' chik @@i' kuxtel j @@wi'l
naad, naad, naad,	naad naad naad
cha'.	cha'
Sachi' re dyunabes,	sach @@i' re dyunabes
cha',	cha'
loke xen naq rka' xtukxij jpam maq atz'iq li.	loke x @@en naq rka' x @@tukxij j @@pam maq atz'iq li
I tose xkan wer xilj maq atz'iq,	i tose x @@kan wer xílj maq atz'iq
che'.	cha'
Rtz'iq xjoj,	r @@tz'iq xjoj
che'.	cha'
Baay laj kas uxub' q'iij xwa'x kla',	baay laj kas uxib' q'iij x @@wa'x kla'
cha',	cha'
uxub' q'iij xwa'x kla'.	uxib' q'iij x @@wa'x kla'
Kom kada tres diy,	kom kada tres diy
taw taq ri aj ya'l taq me'r koti'l li.	taw taq ri aj ya' @@l taq me'r korti'l li
Li mund,	li mund
che'.	cha'
Baay tons xtitz' rib' ralaj maq atz'iq,	baay tons x @@titz' r @@ib' r @@alaj maq atz'iq
che'.	che'
Xtitz' rib' laq atz'iq,	x @@titz' r @@ib' laq atz'iq
komo xen tz'i' u xen ch'oo,	komo x @@en tz'i' u x @@en ch'oo
cha'.	cha'
Baay ajruk' re' xtaw taq,	baay aj @@ruk' re' x @@taw taq
rk'il aj ya'l taq puwaq li,	r @@k'il aj ya' @@l taq puwaq li
che'.	che'
Xtaw jun q'iij li,	x @@taw jun q'iij li
puwes xtaw jun b'esel q'iij li.	puwes x @@taw jun b'e @@sel q'iij li
Xtaw taq aj ya'l taq puwaq,	x @@taw taq aj ya' @@l taq puwaq
cha'.	cha'
Tos ri xok taq nab'e welt,	tos ri x @@ok taq nab'e welt
k'omol jun kuxtar jwi'l,	k'am @@ol jun kuxtar j @@wi'l
aj ya'l taq puwaq,	aj ya' @@l taq pwaq
cha'.	cha'
Tons man jun ta' qelen tijnab'ej,	tons man jun ta' qelen ti @@j @@nab'ej
che'.	cha'
Ri k'u man jun,	ri k'u man jun
che',	cha'
natun uchaq xaq' ab'aj,	natun uch @@aq xaq' ab'aj
natun uchaq ab'aj,	natun uch @@aq ab'aj
che' a'.	cha' a'
Per niri,	per niri
boos neri boos,	boos neri boos
cha' re ma jpech,	cha' re ma j @@pech
che',	che'
neri wi' jun ch'oo boos,	niri wi' jun ch'oo boos
che'.	cha'
Wintik.	w @@intik
Wi' xaq tasiq rux,	wi' xaq t @@a @@siq r @@ux
cha' man jun,	cha' man jun
jnon tre man jun ri jun qe re chaq,	jnon (tre) man jun ri jun qe re chaq
aj ya'l taq puwaq,	aj ya' @@l taq pwaq
che'.	cha'
A pent ka' re' jo qame'nach qiqa'n chik.	a pent ka' re' jo qa @@me' @@na @@ch q @@iqa'n chik
I ajri jun biyaj tijkoj taq b'i lab'aj,	i aj @@ri jun biyaj ti @@j @@koj taq b'i l @@ab'aj
cha',	cha'
tqamechi jun qe.	t @@qa @@me @@chi jun qe
Baay ajruk' re' tqab'an aberiwar,	baay aj @@ruk' re' t @@qa @@b'an aberiwar
tche' man jun.	t @@che' man jun
Jaan,	jaan
tche' man jun,	t @@che' man jun
ya apenad chaq,	ya apenad chaq
che',	cha'
ya olb'el chaq jwi'l.	ya olb'el chaq j @@wi'l
Neen tb'ensaj ree,	neen t @@b'an @@sáj ree
baay xijme'taqch jun kuxtar, re aj ya'l taq puwaq li.	baay x @@i @@j @@me' @@taq @@ch jun kuxtar re aj ya' @@l taq pwaq li
B'aay ruk' re',	baay ruk' re'
che',	cha'
xok taq b'ik,	x @@ok taq b'ik
qatoke' nik'a' neen k'u' xtukxin jpam atziq.	qa @@tok @@e' nik'a' neen k'u x @@tuk j @@pam atziq
Ri porke maq atz'iq ri tzii jb'anik b'enol jwi'l	ri porke maq atz'iq ri tzii j @@b'an @@ik b'en @@ol j @@wi'l
b'enol qawi'l.	b'an @@ol qa @@wi'l
Ri b'iyen tunuli'n.	ri b'iyen tunu @@l @@i'n
Per lori k'is tukxil chaq jpam ri',	per lajori k'is tuk @@xil chaq j @@pam ri'
wi' qate' qatoke' nika',	wi' qa @@te' qa @@tok @@e' nika'
ri tqata'n,	ri t @@qa @@ta'n
tche' man jun.	t @@che' man jun
Jaan,	jaan
tr tix tche' xtok taq,	??? ??? t @@che' x @@tok taq
che',	cha'
ri' chaq tril taq kompayr rik.	ri' chaq t @@r @@il taq kompayr rik
Rka' wi' xilj maq atz'iq re xjooj,	rka' wi' xílij maq itz'yeq re xjooj
cha'.	cha'
Buwen aat, neen tatok niri,	buwen aat neen t @@a @@tok niri
che' taq re.	cha' taq re
Aat at komayr rik,	aat aat komayr rik
Taq ree iin, in,	taq ree iin iin
tche'.	t @@che'
Per neen k'u chawaj aat, aat wi' apuwaq,	per neen k'u ch @@aw @@aj aat aat wi' a @@pwaq
wi' qelen awe juntir.	wi' qelen aw @@e juntiir
Aat mas chawaj	aat mas ch @@aw @@aj
neen tyuq atoke' niri,	neen ti @@yuq a @@tok @@e' niri
tche' taq ree	ti @@che' taq ree
ta' chiki' tijta'w neen tren.	ta' chik @@i' (tijta'w) neen t @@r @@en
Xtzq	x @@tzq
i xtzach jch'ol,	i x @@tzach j @@ch'ool
che'.	cha'
I sach ranm,	i sach r @@anm
cha'.	cha'
B'aay ri' aat asiyari' rii chawaj,	b'aay ri' aat asiyar @@i' rii ch @@aw @@aj
che' taq ree,	cha' taq ree
cha'.	cha'
Xijme'taqch jun asiyar,	x @@i @@j @@me' @@taq @@ch jun asiyar
che'.	che'
Tons per maa asiyar ta'n,	tons per maa asiyar ta'n
Ri ri rka' rajw mund,	ri ri rka' r @@ajw mund
cha',	cha'
xijmetaqch jun luwar,	x @@i @@j @@me @@taq @@ch jun luwar
jun xik'aay.	jun xik'aay
Komo jun xik'ay komo jun asiyar,	komo jun xik'a'y komo jun asiyar
cha'.	cha'
Jun kumetz xij me' taq,	jun kumetz x @@i @@j me' taq
cha'.	cha'
cha',	cha'
sek'on man jun,	sek' @@on man jun
sek'on man jun,	sek' @@on man jun
che'.	cha'
che'.	che'
A' rwnaq rkompayr rik,	a' r @@wnaq r @@kompayr rik
ta' chiki' tij ta' neen tren.	ta' chik @@i' ti @@j ta' neen t @@r @@en
Usil rka' xta' toq'ob' chuchaq,	usiil rka' x @@ta toq'ob' ch @@uch @@aq
cha'.	cha'
Diyoos kont k'u takuy taq inmaq,	Diyoos konta' k'u t @@a @@kuy taq in @@maq
tz'eti' inmak xuqintzaqe' inq'o,	tz'et @@i' in @@maak x @@uq @@in @@tzaq @@e' in @@q'o
jb'anik.	j @@b'an @@ik
Per kuy taq inmak oombr	per kuy taq in @@mak oombr
yoos,	yoos
che' taq chaq,	cha' taq chaq
che' kompayr rik re,	cha' kompayr rik re
kib' unaq li,	kib' unaq li
che'.	cha'
Baay aat mas chawaj,	baay aat mas ch @@aw @@aj
aat wi' qelen awe,	aat wi' qleen aw @@e
Jeqomi' komayr rik,	jeqom @@i' komayr rik
aat chijb'anik ta'n akomayr pobr,	aat chi @@j @@b'anik t @@a'n a @@komayr pobr
xqaye' b'i xye'saj b'i re.	x @@qa @@ye' b'i x @@ye' @@saj b'i re
Porke ree jswert jportuni'n,	porke ree j @@swert j @@portun @@i'n
tz'eti'n pobrin.	tz'eti'n pobr @@in
Nesidad loq'laj qaqaaj Diyoos kuxtaj,	nesedad loq'laj qa @@qaaj Diyoos kuxta @@j
Pores xye'sajb'i re.	pores x @@ye' @@b'i re
Pobre ta' tqaye'w	pobre ta' t @@qa @@ye' @@w
aat aat komayr rik,	aat aat comayr rik
mas chawaj.	mas ch @@aw @@aj
Olori k'am b'i jun awe.	olori k'am b'i jun aw @@e
I jat,	i jat
cha' taq re.	cha' taq r @@e
Jaan,	jaan
che',	cha'
resajch jun kuxtar re.	r @@esá @@j @@ch jun kuxtar re
I usil per xtijaan pwen taq chikot,	i usiil per x @@ti @@jaan pwen taq chikot
per ma tz'eta' chikot.	per ma tz'eet @@a' chikot
Noke kometzi' xkojsaj re.	noke kometz @@i' x @@koj @@sáj re
rka' reqa'n li,	rka' r @@iqa'n li
xk'amch xye'sajch jun reqa'n.	x @@k'am @@ch x @@ye' @@saj @@ch jun r @@eqa'n
Baay xkojch jq'ab'	baay x @@koj @@ch j @@q'ab'
i xpetk.	i x @@pet @@k
Baay usil rka'i xil taq kib' unaq nonli.	baay usil rka' @@i x @@il taq kib' unaq non @@li
Tons xelch re chaq rka',	tons x @@el @@ch re chaq rka'
I miyetras xelch komayr rik li,	i miyetras x @@el @@ch komayr rik li
xmaj jb'ee,	x @@maj j @@b'ee
xpet.	x @@pet
per ya chaq q'oxow,	per ya chaq q'oxow
che',	cha'
ya rik'aji' diyunabes chi k'exi' xtaq man asiyar re li.	ya r @@ika @@j @@i' diyunabes chi k'ex @@i' x @@taq man asiyar re li
Per ma tz'eta' asiyar,	per ma tz'eet asiyar
noke kometz'i' xkojsajre.	noke kometz' @@i' x @@koj @@saj @@re
Baay xpetk,	baay x @@pet @@ik
xyuq chi rchooch,	x @@yuq chi r @@chooch
xyuq chi rchoch.	x @@yuq chi r @@ichooch
Neen xataw ajri' xatpe ljori,	neen x @@a @@taw oj @@ri' x @@at @@pe lijori
tcha' rxóqil re,	t @@cha' r @@xóaqil re
komar rik,	komar rik
cha'.	cha'
Neen taj weyin jnon,	neen taj we @@yin jilon
ri jnon ri jnon ri,	ri jilon ri jilon ri
xinb'an xinok la' b'aj.	x @@in @@b'an x @@iin @@ok la' b'aj
B'ane' xinkun chij torik loq'laj puwert li.	b'ane' x @@iin @@kun chi @@j tor @@ik loq'laj puwert li
Pero loke pasa weyin sach chuwe,	pero loke pasa we @@yin sach ch @@uw @@e
neen moo rka' neen moo jtorik puwerte.	neen mod rka' neen mod j @@tor @@ik puwerte
Neen moo tkan intzapij,	neen moo ti @@kan in @@tz'api @@j
neen moo tintor.	neen moo t @@in @@tor
I neen moo tkan itz'apij,	i neen moo t @@kan in @@tz'ap @@ij
cha' re rxóqil.	cha' re r @@xóqil
Anyo's tan yunabes k'u sach chawe,	anyo's tan yunabes k'u sach ch @@aw @@e
sewr aat	sewr aat
sewr xcha na lamas wi' agan,	sewr x @@cha na lamaas wi' a @@gan
tcha' rxóqil re.	t @@cha' r @@xóqil re
Ji'n jikulon li xinb'an,	jii'n ji @@ku @@lon li x @@in @@b'an
tche'.	ti @@cha'
Xaqt xa juraj ombre,	xaq @@t x @@a juraj ombre
xinta iin xen qakompayr rik,	x @@in @@ta' iin x @@en qa @@kompayr rik
nopuwes xen qakompayr pobr,	no @@puwes x @@en qa @@kompayr pobr
xaq xokb'ik xjurajch jun re.	xaq x @@ok @@b'i @@k x @@jura @@j @@ch jun re
Ta' cha'w	ta' cha' @@w
jitnon xab'an aat.	ji @@t @@non x @@a @@b'an aat
Tons tzii at'elk,	tons tzii at @@el @@ik
tche' rxóqil re.	ti @@che' r @@xóqil re
Ji'n oombr per ruk' re' xinb'anin,	ji'n oombr per ruk' re x @@in @@b'an @@in
per lori saber neen tintaw,	per lori saber neen t @@in @@taw
saber neen tinb'an	saber neen ti @@in @@b'an
xinsek'sajich',	x @@in @@sek' @@saj @@i @@ch'
tcha' re rxóqil.	t @@cha' re r @@xóqil
Xatsek'saji'n,	x @@at @@sek' @@saj @@i'n
per maa tz'eta' xik'aay ni asiyar, ta'n	per maa tz'et @@a' xik'aay ni asiyar ta'n
no ke kometz xkojsaj chuwe.	no ke kometz x @@koj @@sáj ch @@uw @@e
Saber neen moo tinb'an,	saber neen moo t @@in @@b'an
tcha' re rxóqil a'.	t @@cha' re r @@xóqil a'
Resaj rtz'iq ril xilsaj,	r @@esá @@j r @@tz'yiq r @@il x @@il @@sáj
aayyoos xen moorad laq ra',	aayyoos x @@en moorad laq ra'
chelaq rij juntir,	che @@laq r @@ij juntir
cha'.	cha'
b'ane' xukertqa'n pech rxóqil,	b'ane' xuk @@er @@tq @@a'n pech r @@xóqil
cha',	cha'
xkojja' jkandelaq,	x @@koj @@a' j @@kandel @@aq
xkoja' rinsiyensy,	x @@koj @@a' r @@insiyensy
jpoomaq,	j @@poom @@aq
xkuxtaqa'.	x @@kuxtaq @@a'
Diyoos chub' loq'laj mer kortil.	Diyoos chib' loq'laj mer kortil
I rila'tqa' chi puwaq wi' xilj man kuxtar li.	i r @@il @@a' @@tq @@a' chi pwaq wi' xílij man kuxtar li
B'aay ne' xtij chi na jun,	b'aay ne' x @@tij chi na jun
xtij chi na jun kitz utz'il,	x @@tij chi na jun kitz utz @@il
cha'.	cha'
B'aay usil, usil, usil, usil	b'aay usiil usiil usiil usiil
xe' jun q'iij,	xe' jun q'iij
xe' kib' q'iij,	xe' kib' q'iij
xe' uxub' q'iij.	xe' uxib' q'iij
Xe' jun xuman,	xe' jun xuman
xe' kib' xuman,	xe' kib' xuman
cha'.	cha'
Xe' jun tres,	xe' jun tres
kwatro mes,	kwatro mes
cha'.	cha'
cha',	cha'
rka' yaa xnik'jer seys mes,	rka' yaa x @@nikjer seys mes
cha'.	cha'
B'aay usil ya trik'aj tpe jyaj,	b'aay usil ya t @@r @@ik'a @@j t @@pet j @@yaaj
cha',	cha'
ya ta' chiki' tijta' neen tren,	ya ta' chik @@i' ti @@j @@ta' neen t @@r @@en
cha',	cha'
usil xpe rij rqan,	usiil x @@pe r @@i'j r @@qan
xpe rij chi'.	x @@pe r @@ij chi'
I xpe jchi'.	i x @@pe j @@chi'
I xpe rij rqan,	i x @@pe r @@i'j naj
usil sola'tin rij juntir,	usil sol @@atin r @@ij juntiir
cha'.	cha'
Tons xpe jchi',	tons x @@pet j @@chi'
xpe rij rqan,	x @@pe r @@ij naj
usil xkamk,	usil x @@kam @@k
cha'.	cha'
re xkan eli'	re x @@kan el @@i'
ri' chaq re xk'is ranm chub',	ri' chaq re x @@k'is r @@anm chib'
rka' puwaq li	rka' puwaq li
lokes kompayr rik xkamin.	lokes kompayr rik x @@kam @@in
Jnonli rka' xen	jnon @@li rka' x @@en
xqata jtakil oj puwes ójor taq tzij.	x @@qa @@ta j @@tak @@il oj puwes ójor taq tzij
Jnon li xen chuuch qajw	jnon li x @@en chuuch qa @@ajw
jun komayr rik,	jun komayr rik
jun kompayr rik.	jun kompayr rik
Rka' kompayr rik ta' tijkuxtaj taq Diyoos,	rka' kompayr rik ta' ti @@j @@kuxta @@j taq Diyoos
ta' tijto' biyeen jmosaq.	ta' ti @@j @@to' biyeen j @@mos @@aq
Ta' t'el ranm re jmosaq.	ta' t' @@el r @@anm re j @@moos @@aq
Per wi' qaqil qamaam qatit' ójor,	per wi (qaqil) qa @@maam qa @@tiit' ójor
wi' mkita' tijkoj taq.	wi' m @@kita' ti @@j @@koj taq
wi' kistyan t'el ranm re jmosaq.	wi' kistyan t @@el r @@anm re j @@mos @@aq
I wi' kistyan ta' t'el ranm re mosaq.	i wi' kirtyan ta' t @@el r @@anm re mos @@aq
Per es una istorya,	per es una istorya
ri' li xink'is tink'is jyolik lori.	ri' li x @@in @@k'is t @@in @@k'is j @@yol @@ik lori
Rka' listory may.	rka' listory may
Ataq wech'elxiik tanyol chawe chaq jun istorya re jun anm étzel anm.	ataq w @@ech'elxiik t @@in @@yol ch @@aw @@e chaq jun istorya r @@e jun ánim étzel ánim
Wi' jun étzel aanm	wi' jun étzel ánim
xen jun ra jkoorl chuch jaa	x @@b'an jun ra j @@koorl chuch jaa
xen tra q'et'+.	x @@b'an tra q'éet'
Xtik tra íchij napx oj cha' oj re,	x @@tik tra ichaaj napx ooj cha' ooj r @@e
li kastiy nabo cha' taq re.	li kastiiy nabo cha' taq r @@e
Xtik tra' íchij li.	x @@tik tra ichaaj li
B'a xelch tra íchij	baa x @@el @@ch ra ichaaj
qus rilik chaq tra íchij.	qus r @@il @@ik chaq ra ichaaj
I tijchakuj.	i ti @@j @@chaku @@j
Entons wi' jun sik' wunaq,	entoons wi' jun sik' wunaq
re, re tichakun chup,	re re ti @@chaak @@un chap
kyere desir tichakun	keer desir ti @@chaak @@un
i ta' tran ra rijil ree.	i ta' ti @@r @@b'an ra r @@ijiil r @@e
Lo ke tijch'ek re tijloq' ra qlen re ra rixóqil la jaa i re familya juntir.	lo ke tijch'ek r @@e ti @@j @@loq' ra q @@li @@en r @@e ra r @@ixóqil la jaa i r @@e familya juntiir
I entonses ree lo ke tren,	i entoons r @@e lo ke tren
lo ke pas ke sik' rixóqil ya yob' anm chaq.	lo ke depaso ke sik' r @@ixóqil ya yóob' ánim chaq
sik' wunaq chi jnaqaj richoch xen jkorl man anm li.	sik' wunaq chi j @@naqaaj r @@ichoch x @@b'an j @@koraal man ánim li
Toons tril qus tra íchij	entoons tril qus tra ichaaj
tril sik wunaq,	tril sik' wunaq
tons tijb'ij sik' anm.	entoons tijb'ij sik' anim
neen tqab'an lojori	neen ti @@qa @@b'an lajori
tz'eet tikam waanm	tz'eet ti @@kam wa @@anm
lojori kita neen tantij	lajori kita neen tantij
i jor tinrayaj maq íchij li.	i jor tinrayaj maq ichaaj li
cha' sik' anm sik' rixóqil sik' wunaq,	cha' sik' ánim sik' rixóqil sik' wunaq
cha'.	cha'
Aa, wile' na	aa wile' na
neen mod tanb'an tantz'onaj kib' wee ree man anm li	neen mood ti @@in @@b'an tantz'onaj kiib' w @@e r @@e man ánim esa@mujer
pent tijk'ayaj jun kitz wee.	peent tijk'ayaj jun kiitz w @@e
Ticha' sik' wunaq,	t @@cha' sik' wunaq
cha'.	cha'
Ntons xpe sik' wunaq	entoons x @@pet sik' wunaq
xtz'onaj ree man anm.	xtz'onaj r @@e man ánim
Xpee man anm	x @@pet man ánim
chi yoq'on xk'ul sik' wunaq	chi yoq' @@on x @@k'ul sik' wunaq
ta' raj tijye' ree,	ta raj t @@j @@ye' r @@e
cha'.	cha'
Aa, ta' k'u wunaq pwes ma tatik awe	aa ta' k'u wunaq pwees ma ti @@tik aw @@e
neen chak li ta' aat chakun.	neen chaak li ta' aat chaak @@un
In qe anm iin	iin qe anm iin
i xintika ne' wíchaj in,	i xintika ne' wíchaj iin
in qe anm,	iin qe ánim
i wi' aq'aaq' tichakujk+ (i wi' áq'ab' chi jchakújik)	i wi' a @@q'aaq' ti @@chaku @@j @@ik i wi' a @@q'aab' chi jchakújik
neen mod ta' tatik awee.	neen mood ta' ti @@tik aw @@e
Or wi' rejwex ch awee	a'ora wi' rejwex ch aw @@e
ri chawaj aat in inya'w awichaaj	ri chawaj aat iin in @@ya' @@w aw @@ichaaj
i loq'an xtz'onaj tzik' wunaq ree,	i loq'an xtz'onaj sik' wunaq r @@e
cha'.	cha'
Ta' raj tijye' ree,	ta' raj ti @@j @@ye' r @@e
tons loke xen sik' wunaq xij ree.	entoons loke x @@b'an sik' wunaq xílij r @@e
neen mod tanb'an ree,	neen mood ti @@in @@b'an r @@e
pent la q'aab' inok na la jkorl.	peent la q'aab' in @@ok na laj j @@koraal
En tos modo wi' rejwex chi qee,	en entoons modo wi' rejwex chi q @@e
raj sikyer tinwesaj ra kib', uxub' raqan qee,	raj sikeer tinwesaj ra kiib' oxib' sik' @@aqan q @@e
tatzek,	ti @@tzak
tatij	ti @@tij
i on li kere desir kita' qelen tata'w.	i on li keer desir kita' qleen tata'w
Ticha' ree sik' rixóqil,	t @@cha' r @@e sik' r @@ixóqil
jaan,	jaan
ticha' sik' rixóqil,	t @@cha' sik' r @@ixóqil
kom kita' tijye'w tijtz'onaj ree	koom kita' t @@j @@ye' @@w tijtz'onaj r @@e
mejor tresaj sik' wunaq.	mejor tresaj sik' wunaq
Usiil xpe jun b'esel q'iij,	usiil x @@pet jun b'esel q'iij
xchejej man anm kita' la jkorl.	x @@chajá @@j man ánim kita' la j @@koraal
Xe' sik' wunaq chi jresaj kib' ree,	xe' sik' wunaq chi jresaj kib' r @@e
b'esel q'iij,	b'esel q'iij
cha'	cha'
xijye' ree sik' anm ree xtzek	xijye' r @@e sik' anim r @@e x @@tzak
i ke la jkab' q'iij	i ke laj j @@kab' q'iij
xtaw man étzel anm	x @@taw man étzel anim
xijrile' man richaj, ri' chaq tril tokol chaq tra íchaj,	xijrile' man r @@ichaj ri' chaq tril tok @@ol chaq tra ichaaj
cha'.	cha'
Neen k'u tokow tra wichaj ri,	neen k'u tok @@ow tra w @@ichaj ri
xok chi jyajik,	x @@ok chi j @@yej @@ik
kom pur étzel aanm,	koom puro étzel ánim
neen titokow maq tra íchaj ri,	neen ti @@tok @@ow maq tra ichaaj ri
kristyan xok niri	kirtyaan x @@ok niri
alq'omb' xok niri uk'il,	alq'oom @@ab' x @@ok niri ik'iil
aber ma ri ta' man wunaq xok niri,	aber ma ri ta' man wunaq x @@ok niri
ticha'	t @@cha'
pyoor yob' anm ma jrixóqil li,	piyor yóob' ánim man jrixóqil li
tikam man ranm li,	ti @@kam man ranm li
aber neen, neen, li ri' xu'tokowoq,	aber neen neen li ri' xu'tokowoq
per inchajaj na.	peer in @@chaja @@j na
Xchajaj man richaj nika' li,	x @@chaja @@j man r @@ichaj nika' li
entons sik wunaq xen seguir chaak	entoons sik wunaq x @@b'an seguir chaak
kom xya'	koom x @@ye'
sik' anm ta' chiki' peen nik'are,	sik' anim ta' chik @@i' pena nik'are
ri' chaq qleen tijtaw sik' anm.	ri' chaq qleen tijtaw sik' anim
Ntons xok li chak.	entoons x @@ok li chaak
I kom trila' jun sik' anm	i koom ??? jun sik' ánim
kom sewr kita' mas qleen neen ti jtij taq.	koom seguro kita' maas qleen neen ??? j @@tij taq
Tikam sik' ranm sewr,	ti @@kam sik' r @@anm seguro
xtaw chik ni'j q'iij chik,	??? chik nik'ij q'iij chik
kont atwin chik chi jresaj chik kib', uxub' qee chik	??? at @@wi'n chik chi ??? chik kiib' oxib' q @@e chik
kita' ka' qelen xij man anm chi qee.	kita' ka' qleen ??? man ánim chi q @@e
Ton ta' atkwin chik, chi jresaj jun chik, qee chik,	??? ta' at @@kwin chik chi ??? jun chik q @@e chik
cha' ree, cha'.	cha' r @@e cha'
Wi'le' na	??? na
a aber neen mod tanb'an.	??? aber neen mood ti @@in @@b'an
Xq'ax q'iij chik	x @@q'ax q'iij chik
i kita' mas tren anm sik' wunaq,	i kita' maas ??? anm sik' wunaq
tib'e resaj chik	t @@??? ??? chik
kom retaami'n ke man anm pur étzel anm.	koom r @@etaam @@i'n ke man ánim puro étzel ánim
Usil jaan b'an,	usiil jaan b'an
xcha' sik' wunaq.	??? sik' wunaq
ba tikam sik' rixóqil,	baa ti @@kam sik' r @@ixóqil
xijte' chik ree,	??? chik r @@e
cha'	cha'
ne jb'ij ree,	neen j @@b'ij r @@e
xij te' chik ree	??? ??? chik r @@e
naad raj man anm tijyaw.	nada ??? man ánim t @@j @@ya' @@w
Iil b'a li xtzaaqi' wichaaj	??? ??? li ??? w @@ichaaj
i aat xatb'enow sewr.	i aat ??? seguro
No, iin kita' neen b'enol inwi'l,	noo iin ??? neen b'en @@ol in @@wi'l
por es tiwinte' ch awee.	por eso ??? ch aw @@e
No, in ma reech ta' k'ay wichaj li,	noo iin ma r @@áchij ta' k'aay w @@ichaaj li
tikil inwi'l	tik @@il in @@wi'l
wee qe iin,	w @@e qe iin
asi ke awnke chawaj,	así ke awunke ???
awnke pwaq nada ta' tanye'w.	awunke pwaq nada ta' ti @@in @@ye' @@w
Jaan b'an,	jaan ???
xcha' sik' wunaq.	x @@cha' sik' wunaq
Xok chik b'asal q'iij,	x @@ok chik b'esel q'iij
xok chik la' ra jkorl man anm,	x @@ok chik la' ra j @@koraal man ánim
tijb'ij ree	??? r @@e
ke si kabal wi', chi jch'upik kwand, xpe man étzel anm,	ke si kabaal wi' chi' j @@ch'up @@ik kwand x @@pet man étzel ánim
kabal Xijq'iye' sik' wunaq,	kabaal ??? sik' wunaq
cha'	cha'
b'uji qe rij chi chee' xen,	b'uj @@i' qe ??? chi chee' x @@b'an
cha'.	cha'
Lo ke xen sik' wunaq,	lo ke x @@b'an sik' wunaq
cha'	cha'
xchep jchee' man ri'j laj anm chuch,	x @@chap j @@chee' man ri'j laj ánim chuch
cha'	cha'
xchep jchee' man ra anm.	x @@chap j @@chee' man ra ánim
Kuy inmak	kuy in @@maak
jwi'l qe sik' wixóqil ke raj tijtij ra íchij,	j @@wi'l qe sik' ??? ke ??? ??? ra ichaaj
pwes kom ti'ntz'onaji' chawe,	pwees koom ??? ???
kom kita' chawaj taye'w.	koom ??? ??? ti @@ye' @@w
Ntons in wi' rejwex chwe ree ra íchij	entoons iin wi' rejwex ??? r @@e ra ichaaj
por es xintoke ra kib' jxaq	por eso ??? ra kiib' j @@xaq
ma juntir ta'nbwen tank'am b'ik.	ma juntiir ??? ti @@in @@k'am b'ik
No ke ra kitz qe.	noo ke ra kiitz qe
Kee, ta' chiki' neen mod ta'an k'ex ree in tiko'n	ke ta' chik @@i' neen mood ti @@b'an k'ex r @@e iin tiko'n
kom wechi iin ri,	koom ??? iin ri
neen chek ta' tatik awee pwes.	neen cheek ta' ti @@tik aw @@e pwees
Entons aat atb'enow k'ex ree, ra wichaj neri,	entoons aat at @@b'an @@ow k'ex r @@e ra w @@ichaaj niri
ori xatqeeji'n,	laj ???
bay jori atinkomsaj.	baa lajori ???
Ta' chiki' la' atb'e'w,	ta' chik @@i' la' at @@b'ee @@w
cha' ree,	cha' r @@e
cha'.	cha'
Tons xpe tzik' wunaq	entoons x @@pet sik' wunaq
txuker chuch,	t @@xuk @@er chuch
xta' kuyb'el jmak chuch, jwi'l qe rejwex.	??? kuy @@b'il j @@maak chuch j @@wi'l qe rejwex
qane' jun,	qa @@b'an @@e' jun
we chawaj qane' jun trat lajori	we ??? qa @@b'an @@e' jun traat lajori
kyere desir jun kompromiso nikare'	??? desir jun kompromiis ???
mejor tinya' juntir ra íchij ch awee,	mejor t @@in @@ye' juntiir ra ichaaj ch aw @@e
juntir íchij lo ke wi',	juntiir ichaaj lo ke wi'
pero kwand xtzib' a wixóqil ra lék'el wechi iin,	peer kwand x @@tzib' a w @@ixóqil ra ??? ??? iin
cha',	cha'
cha'.	cha'
xaq tik'isi'	xaq ti @@k'isi'
tank'am la jq'oor,	ti @@in @@k'am la ???
in chaq i'n iluw ree	iin chaq ??? ??? r @@e
ree ta' jkwent jchuch triil,	r @@e ta' j @@kwent j @@chuch ???
cha'.	che'
O taye' ra l ék'el on li,	o' ti @@ye' ra la ák'el ??? li
tons wi' a derecho tib'a toke' ra íchaj,	entoons wi' a derecho t @@b'a tok @@e' ra ichaaj
cha' ree,	cha' r @@e
cha'.	cha'
Ta toke' juntir tra íchaj,	ta tok @@e' juntiir tra ichaaj
awechi'n juntir lo ke wi'	aw @@ech @@i'n juntiir lo ke wi'
tak'am b'ik,	ti @@k'am b'ik
taye' ree tijtij,	ti @@ye' r @@e ???
loke raj tijtij,	loke ??? ???
cha'	cha'
ree, per dyunabes jun kondisyon	r @@e per dyunabes jun kondisyon
kyer desir ra l ék'el wee chi íin	keer desir ra la ák'el w @@e chi iin
xaq tik'isi' tank'am.	xaq ti @@k'isi' ti @@in @@k'om
Tons sik' wunaq xi'j.	entoons sik' wunaq ???
Aay neen mod tanya' chawe,	??? neen mood ??? ???
kwand juun, k'ex ree la jranm juun tijye' ra relk'wal ree kristyan, tik'isi'	kwand juun k'ex r @@e la ??? jun ti @@j @@ye' ra ??? r @@e kirtyaan ti @@k'isi'
kwaand tijchep rarm jun, tijye' jun relk'wal ree jun kristyan chik.	kwaand ti @@j @@chap ??? jun t @@j @@ye' jun ??? r @@e jun kirtyaan chik
Ticha' sik' wunaq ree, cha'.	t @@cha' sik' wunaq r @@e cha'
pwes si ta' chawaj jilon li,	pwees si ta' ??? jilon li
niri si kita' chiki' atb'ek,	niri si kita' chik @@i' ???
xcha',	x @@cha'
cha'.	cha'
Si ta' chawaj tikan man kombenyo li,	si ta' ??? ti @@kan man kombenyo li
tons tawen,	entoons tawen
si m kita'n niri atkan,	si ma kita'n niri at @@kan
cha' ree,	cha' r @@e
cha'.	cha'
Si m kita' atkaan neri	si ma ??? at @@kan niri
atin taq b'ik	atin taq b'ik
ya uka b'esel q'iij tinkoj jun iitz chawe.	ya ??? b'esel q'iij ??? jun iitz ???
Ya uka b'esel q'iij aat kamnaq chaq,	ya ??? b'esel q'iij aat kamnaq chaq
xcha'	x @@cha'
ree,	r @@e
cha'.	cha'
Entons sewuur sik' wunaq juwi'l tzoqomch'olal,	entoons seguro sik' wunaq j @@wi'l ???
xi'j ree,	??? r @@e
tzi'b'a li pwe tinya' ral ék'el chawe xaq tik'isi',	??? li pwees ti @@in @@ya' ra ák'el ??? xaq ti @@k'isi'
ntons bali jwi'l qe sik' anm tikam	entoons ??? j @@wi'l qe sik' ánim ti @@kam
Pwes, cha' ree,	pwees cha' r @@e
cha'.	cha'
Tons ljori wi' alibertad tib'a toke' juntir tra' íchij,	entoons lajori wi' a @@libertad t @@b'a tok @@e' juntiir ??? ichaaj
cha',	cha'
cha'.	cha'
Tons kwando chejeel ral ék'el jwi'l sik' anm	entoons kwaand chaja @@eel ra ák'el j @@wi'l sik' ánim
jwi'l neen or tik'isi ral ék'el,	j @@wi'l neen a'ora ti @@k'isi' ra ák'el
cha'.	cha'
I sik' wunaq xen segir chaak	i sik' wunaq x @@b'an seguir chaak
tichaakun,	t @@chaak @@un
titaw olb'el q'iij jwi'l	??? ??? q'iij j @@wi'l
neen or titaw q'iij ree titzib' sik' rixóqil.	neen a'ora ti @@taw q'iij r @@e ti @@tzib' sik' r @@ixóqil
Repent qe xtaw q'iij xtzib' sik' rixóqil	derepeet qe x @@taw q'iij x @@tzib' sik' r @@ixóqil
xtaw man anm chajal sik' anm jwi'l,	x @@taw man ánim chaj @@il sik' ánim j @@wi'l
kwand xta' ke xtzib' tzik' anm	kwand x @@ta' ke x @@tzib' sik' ánim
jol xek',	jol xeek'
cha'.	cha'
K'isi' chaq,	k'isi' chaq
xch'ajsaj rij ral ék'el juntir,	x @@ch'aj @@sáj ??? ra ák'el juntiir
xpis taq li atz'iq.	x @@pis taq li itz'yeq
Dyunabes xk'am	dyunabes x @@k'am
ta' chiki' raaj xkajye',	ta' chik @@i' raaj x @@kan @@ye'
cha'	cha'
i kom étzel anmi'n	i koom étzel ánim @@i'n
wi' nika li neen retam	wi' ni @@ka' li neen r @@etaam
xkwini'n chi jyo'rsaj ral ék'el,	x @@kwin @@i'n chi j @@yo'r @@sáj ra ák'el
cha'.	cha'
Xk'am ch ral ék'el,	x @@k'am ch ra ák'el
xkan tzik' jqaaj jchuuch sin ék'el.	x @@kan sik' j @@qaaj j @@chuuch sin ák'el
Nada xaq xk'isi' ral ék'el	nada xaq x @@k'isi' ra ák'el
xk'amch man anm	x @@k'am @@ch man ánim
i xkan taq tzik' jqaaj jchuuchaq.	i x @@kan taq sik' j @@qaaj j @@chuuch @@aq
Tib'ison tzik' jchuuch	ti @@b'is @@on sik' j @@chuuch
chaq oq'xkaan la jsook nikare'	chaq oq' @@x @@kan la j @@sook ???
ki'ta' chiki' neen tril.	ki'ta' chik @@i' neen ???
I xpe man anm li,	i x @@pet man ánim li
xik'iysaaj ral ék'el,	x @@in @@k'iy @@sik' @@aaj ra ák'el
cha'	cha'
ruk' sik' jqaaj jchuuch tijsik'ij taq kwand xk'i' tzik' ral ék'el.	ruk' sik' j @@qaaj j @@chuuch ??? taq kwand x @@k'iy sik' ra ák'el
Tijsik'ij taq ral ék'el ra qalk'wal,	??? taq ra ák'el ra q @@alk'waal
cha' taq.	cha' taq
Tijsik'ij taq ral ék'el kom naqaj qe wi' rechaq,	??? taq ra ák'el koom naqaaj qe wi' rechaq
ral ék'el, ni kaas tran rechaq,	ra ák'el ni kaas ti @@r @@b'an rechaq
kom relk'ul taq ta'n,	koom ??? taq ta'n
ni tijye' kwet we jqaqj o jchuuch in,	ni ti @@j @@ye' kweent we ??? o' j @@chuuch ???
xk'y ral ék'el,	x @@k'iy ra ák'el
xtaw ra nim chaq,	x @@taw ra nim chaq
cha'+.	cha'
Ntons xpe man anm,	entoons x @@pet man ánim
ta' chiki' tijye' lwar rre ti'el b'ik	ta' chik @@i' ti @@j @@ye' luwar r @@re ti' @@el b'ik
tib'e jchajaj	ti @@b'e j @@chaja @@j
ta' k'ex tijmaj taq b'ik,	ta' k'ex van taq b'ik
tijk'am taq b'ik ch'qaat.	t @@j @@k'am taq b'ik ???
Ta' k'ex ti jmuq taq b'ik,	ta' k'ex ??? j @@muq taq b'ik
ticha' man étzel anm,	ti @@cha' man étzel anm
cha'.	cha'
Chejel ral ék'el jwi'l,	chaja @@el ra ák'el j @@wi'l
cha'	cha'
ya kwand xan q'opoj anm ral ék'el ra anm la jq'ab' man anm li.	ya kwand x @@b'an q'opooj anm ra ák'el ra anm la j @@q'ab' man anm li
Xpet	x @@pet
xk'am b'ik,	x @@k'am b'ik
xk'am b'ik chub' jun nim,	x @@k'am b'ik chib' jun nim
wi' ka' maq ti jb'ij taq li kasteyan maq torre,	wi' ka' maq ??? j @@b'ij taq li kasteyano maq torre
tren taq.	??? taq
Wi' jun jaa,	wi' juun jaa
wi' chub',	wi' chib'
cha'.	cha'
Entons kila' xij titze' ral ék'el ra anm li jun jaa,	entoons kla' ??? titz' @@e' ra ák'el ra anm li jun jaa
cha'	cha'
kila' xtz'apijw	kla' ???
kita' timajsaj ree,	??? ti @@maj @@sáj r @@e
cha'.	cha'
Entons tipet	entoons t @@pet
tijye' jwa' ral ék'el ra aanm kla', kila'	ti @@j @@ye' j @@waa ra ák'el ra ánim kla' kla'
cha'	cha'
dyunabes tzapil kila' jwi'l	dyunabes ??? kla' j @@wi'l
xaq tijye' rtz'iq juntir.	xaq ti @@j @@ye' r @@itz'yeq juntiir
wee neen tijb'ij ra anm tankoj,	w @@e neen ??? ra anm ???
kom ne bire ra anm ri in wichaji' xtij	koom neen ??? ra anm ri iin w @@ichaaj @@i' x @@tij
i nejb'ij ree,	i ??? r @@e
kom nab jb'ij, man ra íchaj li mejor tankoj jb'ij ra anm li,	koom naab j @@b'ij man ra ichaaj li mejor tan @@koj j @@b'ij ra anm li
nabit	nabit
incha' ree.	in @@cha' r @@e
Jb'ij ra íchij xkoj ree ra anm,	j @@b'ij ra ichaaj x @@koj r @@e ra anm
cha'.	cha'
Kom ra aanmi'n jinon tikan inkoje' jb'ij,	koom ra ánim @@i'n jilon ti @@kan ??? j @@b'ij
xcha' ree.	x @@cha' r @@e
Xokoj jb'ij ra anm pi Nabit,	??? j @@b'ij ra anm pi nabit
cha'.	cha'
Ntons, kwand ya taaq'an li man torre	entoons kwand ya ti @@aq'an li man torre
t'ijye' jwa ra anm.	t @@j @@ye' j @@wa' ra anm
Ri' chaq triil,	ri' chaq ???
cha'.	cha'
Pok xk'i' jb'aa, pok nim jb'aa xqej la jrqan	pok x @@k'iy j @@b'aa pok nim j @@b'aa x @@qej la j @@naj
tisutiin na jb'aa na,	ti @@sutín na j @@b'aa na
cha'.	cha'
Ntons xpe ree.	entoons x @@pet r @@e
Pach'uj man ab'a	pach'u @@j man ???
lomejor m kita loq' in yaq'an in,	??? ma kita looq' iin ??? iin
kita mod in yaq'an chub' man ab'aj li lékej.	kita mood iin aq'an chib' man ab'aj li lékej
I la' jsumal ab' inajuraj,	i la' j @@sumal ??? ???
xcha' ree, ra anm,	x @@cha' r @@e ra anm
cha'.	cha'
ntons tzi li,	entoons tzi li
xcha' ra anm,	x @@cha' ra anm
xpe man étzel anm	x @@pet man étzel anm
xpach'uj jb'a ra anm,	x @@pach'u @@j j @@b'a ra anm
cha'.	cha'
Nim rqan jb'a ra anm xpach'uj,	nim naj j @@b'a ra anm x @@pach'u @@j
xen jun trens ree,	x @@b'an jun treens r @@e
cha'.	cha'
Ya kwand titaw chij ye'ik jwa ra anm	ya kwand ti @@taw ch'ij ye' @@ik j @@wa' ra anm
tijch'ab'ej b'ik.	??? b'ik
Nabit, Nabit,	nabit nabit
ticha' ree,	t @@cha' r @@e
cha'.	cha'
T'oojch man trens ree in yaq'an,	??? man treens r @@e iin aq'an
ticha' ree.	t @@cha' r @@e
Jaan,	jaan
ticha' ra anm,	t @@cha' ra anm
tijt'ojch ma jsumal jb'a,	??? man j @@sumal j @@b'a
cha'.	cha'
La' jrusumal jb'a tikoker taq'an b'ik	la' ??? j @@b'a ti @@kok @@er ??? b'ik
titaw rik'il lékej,	ti @@taw r @@ik'iil lékej
cha'.	cha'
Jilon li taq b'i jtzuqe',	jilon li taq b'ik ???
per kwidad, mat ch'ejej	per kwidaad mat ch'eje @@j
neri kwalkyer kirtyan titaw,	niri kwalkyer kirtyaan ???
si tijtaw taq	si ??? taq
entons kwalkyer kristyan atijtaw,	entoons kwalkyer kirtyaan ???
xcha' ree,	x @@cha' r @@e
cha'.	cha'
Si tijtaa taq atjyu'qasaj taq,	si ??? taq ??? taq
inkan iin sin nada,	in @@kan iin ??? nada
jaan	jaan
cha',	cha'
wi' nika' li ne jchakuj jwi'l tijtz'apij ra anm.	wi' ni @@ka' li neen j @@chaku @@j j @@wi'l ??? ra anm
I sol jiloon traan,	i sol jilon ti @@r @@b'an
cha'.	cha'
I repent qe xpe jun ra wunaq	i derepeet qe x @@pet jun ra wunaq
xq'ax chi rij kwa'y.	x @@q'ax chi ??? kwa'y
I tijta' pok jun ra kant tren o jun ra b'iix tran, tren	i ??? pok jun ra kaant ??? o' jun ra b'iix t @@r @@b'an ???
ra anm lékej,	ra anm lékej
cha'.	cha'
Pok qus jun ra b'iix tren,	??? qus jun ra b'iix ???
cha'.	cha'
Entons tipe man wunaq	entoons t @@pet man wunaq
xwab'a' jkwa'y ta'iik,	??? j @@kwa'y ta' @@ik
cha'.	cha'
Las chiki', wi' ra anm, trench ra jb'ix lékej.	lamaas chik @@i' wi' ra anm ??? ra ??? lékej
xcha',	x @@cha'
tz'et qe tib'ixan	tz'et qe ???
ntons, xpe man wunaq	entoons x @@pet man wunaq
xta qe.	x @@ta qe
I xchajaj qe	i x @@chaja @@j qe
xe' kib', uxub', bwelt ta'ik,	xe' kiib' oxib' bweelt ta' @@ik
sol jiloon tren.	sol jilon ???
Per kita' tita'wn neen mod taq'an.	per kita' ??? neen mood t @@aq'an
Kom pur ch'uch'j man ab'aj,	koom puro ch'u @@ch @@j man ab'aj
cha'.	cha'
Entonse xchajaj ri' chaq tril.	entoons x @@chaja @@j ri' chaq ???
Xtaw man étzel anm chi jralaj,	x @@taw man étzel anm chi ???
cha'.	cha'
Ri' chaq ta' ree,	ri' chaq ta' r @@e
cha',	cha'
wi' ree chi jrilik,	wi' r @@e chi ???
cha'	cha'
ri' chaq ta ree.	ri' chaq ta r @@e
Nabita, Nabita, tiráme la trensa	nabit nabit tiráme la treens
xcha' ree,	x @@cha' r @@e
cha'.	cha'
Jaan,	jaan
xcha' man ra anm.	x @@cha' man ra anm
Xt'ojch jun trens chi rij e man, man étzel anm	x @@t'oj @@ch jun treens chi ??? e man man étzel anm
xkooker la'	??? la'
trakun, trakun xaq'an chub' jtrens jsumal jb'a ra anm,	??? ??? ??? chib' j @@treens j @@sumal j @@b'a ra anm
xaq'an lékej,	x @@aq'an lékej
cha'.	cha'
I ruk' man wunaq ril qe	i ruk' man wunaq ??? qe
ra k'ojool wunaq ril qe neen mod tren man étzel anm titaw.	ra k'ojol wunaq ??? qe neen mood ??? man étzel anm ti @@taw
I entons on li tren man anm.	i entoons ??? li ??? man anm
I entons on li tinb'an in chweq',	i entoons ??? li ti @@in @@b'an iin ???
entons xaq tinwil neen or	entoons xaq ??? neen a'ora
kom lori xwila'n nench or lal man tipet	koom lajori x @@wi'l @@a'n nen @@ch a'ora ??? man t @@pet
i chweq' inpe alg aq'ab'	i chweeq' in @@pet algo aq'ab'
i in inaq'an ants ke man tipe ree,	i iin in @@aq'an ants ke man t @@pet r @@e
xcha',	x @@cha'
cha'.	cha'
Jaan	jaan
ticha' ti'nk'acha' la jranm ree,	t @@cha' ??? la ??? r @@e
xeek',	xeek'
cha'.	cha'
I la jkab' q'iij xpet aq'ab'	i la j @@kab' q'iij x @@pet aq'ab'
jor nika' tikam,	mejor ??? ti @@kam
kom tijta ke jun ra q'opoj aanmi'n tib'ixaan b'aq ab'aj.	koom ??? ke jun ra q'opooj ánim @@i'n ??? b'aq ab'aj
Xpe aq'ab',	x @@pet aq'ab'
xpe aq'ab'	x @@pet aq'ab'
ril qe kita' nad man anm	??? qe ??? nada man ánim
ta' man étzel anm,	ta' man étzel anm
xaq'an ku ta' ree nad	x @@aq'an k'u ta' r @@e nada
entons xi'j ree,	entoons ??? r @@e
cha'.	cha'
Nabita, Nabita,	nabit nabit
cha' ree,	cha' r @@e
cha'	cha'
tirame la trensa,	tiráme la treens
cha' chik ree,	cha' chik r @@e
cha'.	cha'
jaan,	jaan
xcha' ra anm	x @@cha' ra anm
xt'ojch.	x @@t'oj @@ch
Ke si ri ta' k'u ne' man anm o man étzel anm,	ke si ri ta' k'u ne' man anm o' man étzel anm
no ke ri' ra k'ojool wunaq,	noo ke ri' ra k'ojol wunaq
cha'.	cha'
Xpe ree	x @@pet r @@e
kwando ril ree xt'oojch man li	kwaand ??? r @@e x @@t'oj @@ch man li
xaq'an	x @@aq'an
xkoker chirij man	x @@kok @@er ??? man
ra jb'a ra anm xaq'an lékej	ra j @@b'a ra anm x @@aq'an lékej
xtaw rik'il ra anm,	x @@taw r @@ik'iil ra anm
man li, xpe ra anm	man li x @@pet ra anm
xjura'j man li rk'il	??? man li r @@k'il
xtaw rik'il,	x @@taw r @@ik'iil
cha'	cha'
ri' chaq tril xtaw ra k'ojol wunaq rik'il,	ri' chaq ??? x @@taw ra k'ojol wunaq r @@ik'iil
cha'.	cha'
Ntons ril ke bonit jun ra anm	entoons ??? ke boniit jun ra anm
wi',	wi'
wi' chub' jun ab'aj.	wi' chib' jun ab'aj
Xok chi jb'ochijk,	x @@ok chi ???
cha'	cha'
ba tijb'ochij chaq ra anm,	??? ??? chaq ra anm
cha'.	cha'
Usil ra anm xk'am rib' jwich chi riij,	usiil ra anm x @@k'am ??? j @@wiich ??? ???
kom tz'apil,	koom ???
per neen mod tiqejch,	per neen mood ti @@qej @@ch
tz'apili' kila'.	??? kla'
Per neen mod tiqejch	per neen mood ti @@qej @@ch
saber,	saber
per neen mod tiqejch	per neen mood ti @@qej @@ch
neen k'u la' tikokerw ree ta' la neen tikokerw	neen k'u la' ti @@kok @@er @@w r @@e ta' la neen ti @@kok @@er @@w
kom ri' ree tikoker man anm rik'il	koom ri' r @@e ti @@kok @@er man anm r @@ik'iil
i ree tiqejch	i r @@e ti @@qej @@ch
kita' neen tikoker ra anm nad.	kita' neen ti @@kok @@er ra anm nada
Entonses xpe man wunaq	entoons x @@pet man wunaq
ya tijye' retaal	ya ti @@j @@ye' ???
ya titaw man anm	ya ti @@taw man anm
xqejch, xe' chik chi jrichooch,	x @@qej @@ch xe' chik chi ???
cha'.	cha'
Ya xk'omon ree man wunaq	ya x @@k'omon r @@e man wunaq
wi' ra anm kila',	wi' ra anm kla'
cha'.	cha'
Titaw q'iij,	ti @@taw q'iij
q'iij, titaw	q'iij ti @@taw
tijsolaajk ra anm	??? ra anm
on li tren tiaq'an,	??? li ??? ti @@aq'an
cha'	cha'
ya ra anm retam chaq tambyen per tintran kontrolar tambyen,	ya ra anm r @@etaam chaq tambyeen per ??? kontrolar tambyeen
neen titaw nab'e,	neen ti @@taw nab'e
titaw man étzel anm	ti @@taw man étzel anm
o ra wunaq titaw.	o' ra wunaq ti @@taw
I sol chaq titaw rik'il,	i sol chaq ti @@taw r @@ik'iil
usil xnimaaj ra anm ree	usiil x @@nim @@aaj ra anm r @@e
ra k'ojool wunaq.	ra k'ojol wunaq
Ntos xpe ra k'ojool wunaq	entoons x @@pet ra k'ojol wunaq
xtaw chik	x @@taw chik
ya xe' alg tyemp ree tijb'ochij.	ya ??? algo tyeemp r @@e ???
Entons xpe chik ra k'ojol wunaq	entoons x @@pet chik ra k'ojol wunaq
xe' chik juntir	xe' chik juntiir
i xaq'an chik	i x @@aq'an chik
mism or xaq'an.	miim a'ora x @@aq'an
Ke si ke kabal sewr kom ya xq'ane' b'i'n	ke si ke kabaal seguro koom ya x @@q'an @@e' ???
kabal wi rik'il man ra q'opoj anm,	kabaal wi' r @@ik'iil man ra q'opooj anm
cha'.	cha'
Kwand xta'w man étzel anm,	kwand x @@ta' @@w man étzel anm
cha'	cha'
xaq'an rik'il b'a ab'aj lékej,	x @@aq'an r @@ik'iil b'a ab'aj lékej
cha'.	cha'
Kwando xtaw	kwaand x @@taw
ri' chaq triil	ri' chaq ???
wi' man ra k'ojool wunaq rik'il ra q'opoj anm.	wi' man ra k'ojol wunaq r @@ik'iil ra q'opooj anm
I xchep man étzel anm,	i x @@chap man étzel anm
cha'	cha'
xe' rumumujch ra k'ojool wunaq,	??? ??? ra k'ojol wunaq
xchep chi jsumal jb'a,	x @@chap chi j @@sumal j @@b'a
rumumujch li, li lékej	??? li li lékej
xt'oojch ra wunaq,	x @@t'oj @@ch ra wunaq
cha',	cha'
kita' mod tijkoj jq'ab' ree kom anmi'n,	??? mood ??? j @@q'ab' r @@e koom anm @@i'n
xpe rumumujch ra wunaq.	x @@pet ??? ra wunaq
Ay dyoos xpe ra wunaq	ay Dyoos x @@pet ra wunaq
chub' man ab'aj, tijupup xuqej laq k'iix, laq chee'	chib' man ab'aj ti @@jupup ??? laq k'iix laq chee'
cha' xna' golpear rib' algo,	cha' x @@na' golpear ??? algo
ta' dyoos kare' xkolow ree	ta' Dyoos ??? x @@kol @@ow r @@e
kita' qleen xtaw,	kita' qleen x @@taw
cha'.	cha'
Ta' mas neen xta'w jor chaq ti'oq' xek',	ta' maas neen x @@ta' @@w jor chaq t @@oq' xeek'
cha'.	cha'
xtzaqch chub' man ab'aj,	??? chib' man ab'aj
cha'	cha'
i xek'.	i xeek'
I ntons xpe man anm	i entoons x @@pet man ánim
xyaj ra anm, cha'.	x @@yaj ra ánim cha'
Neen tijtok man wunaq ák'al,	neen ??? man wunaq ???
lamas xpe'w man wunaq li,	lamaas x @@pet @@w man wunaq li
neri' k'achelaji'n, lamas xpew,	??? k'iche @@i'n lamaas x @@pet @@w
por es ta' chuwaj nad t'ook awik'il	por eso ta' ch @@waaj nada ??? aw @@ik'il
or wi' man wunaq awik'il,	a'ora wi' man wunaq aw @@ik'il
neen mod xatjyuq jte'.	neen mood ??? j @@ta'
Kom nari k'iche'laji'n	koom niri ???
kom k'iche'lajin.	koom ???
Entons, xpe chi ra wunaq	entoons x @@pet chi ra wunaq
tib'ison,	ti @@b'is @@on
xijresaj ra anm kila'	??? ra anm kla'
man étzel anm,	man étzel anm
ta' chiki ra anm kla',	ta' chik @@i' ra anm kla'
cha'.	cha'
Ma resaj kib' q'iij, uxub' q'iij,	ma ??? kiib' q'iij oxib' q'iij
resaj ra anm kla',	??? ra anm kla'
cha'.	cha'
Usil ril chik jilon li	usiil ??? chik jilon li
mejor xijye' chik juntir,	mejor ??? chik juntiir
cha'.	cha'
Xtaw ra wunaq	x @@taw ra wunaq
te' jch'ab'ej chik,	??? j @@ch'ab'e @@j chik
nad wi' chik, kita' chikin neen tit'ojowch trens ree nad,	nada wi' chik ??? chik @@i'n neen ti @@t'oj @@ow @@ch treens r @@e nada
cha'.	cha'
Pok chaq tib'ison,	pok chaq ti @@b'is @@on
cha'	cha'
i nesy tijrile' na,	i nesy ??? na
awnke sey xtij jun bwen golp,	awunke se'a x @@tij jun bween golpear
syempr tijb'ij rile',	syempre ??? ???
usil, usil ri' chaq tril	usiil usiil ri' chaq ???
wi' chaq chik juntir.	wi' chaq chik juntiir
Ntons, jilon we xtaw chik chi jch'ab'ej	entoons jilon we x @@taw chik chi j @@ch'ab'e @@j
wi',	wi'
xaq'an rik'il.	x @@aq'an r @@ik'il
A, jo' dyunabes	??? jo' dyunabes
xk'amb'ik,	x @@k'am @@b' @@ik
cha'.	cha'
Xqejsajch,	x @@qej @@sáj @@ch
cha'	cha'
kabalit k'omol jun kolob' jwi'l,	kabaal k'am @@ol jun kolob' j @@wi'l
xjet' jun kolob',	x @@jet' jun kolob'
k'omol jun kolob'	k'am @@ool jun kolob'
xkoker taq la'	x @@kok @@er taq la'
xqej taqch,	x @@qej taq @@ch
cha',	cha'
xk'am b'i ra anm,	x @@k'am b'ik ra anm
cha'.	cha'
Ntonse xpe man ri'j laj anm	entoons x @@pet man ri'j laj anm
xij rile' kita' chiki',	??? ??? kita' chik @@i'
ya kwand xij rile' chik	ya kwand ??? ??? chik
ri' chaq tril,	ri' chaq ???
ne b'i ree, ra anm ya k'omol chaq b'ik.	neen b'iij r @@e ra anm ya k'am @@ol chaq b'ik
Ta' chiki', ta' chiki la jlwar la jwárb'al	ta' chik @@i' ta' chik @@i' la j @@luwar laj ???
ika' li las xijye'w,	??? li las x @@in @@j @@ye' @@w
jlon qe li xen gnar ra wunaq,	jaw @@l @@on qe li x @@b'an ganar ra wunaq
joor k'ex tijtij ra aanm rik'il,	??? k'ex ??? ra ánim r @@ik'il
cha'.	cha'
Kwand xink'uli'k',	kwand x @@in @@k'uli' @@ik
re ójr taq tziij in ák'el na.	re ójor taq tziij in ák'el na
Tos re kond xink'uli' b'ik, de katorse yaañ,	entoons re kwand x @@in @@k'uli' b'ik de katorse año
kond xink'uli'k'	kwand x @@in @@k'uli' @@ik
i xinb'ee rik'i wálb'.	i ??? r @@ik'il wa @@ál @@ib'
Xinb'ee rik'i w álb',	(xinb'ee) r @@ik'il w álib'
antons wálb' xinj xij taq taq laj laq yuuq',	antonses ??? x @@in @@j x @@??? taq taq laj laq yuuq'
xijtaq taq lamaas,	x @@in @@j @@taq @@aq taq lamaas
i xinb'ana' kumpliir.	i x @@in @@b'an @@a' kumpliir
Xinkojooni' chuchaq,	x @@in @@koj @@oon @@i' chuch @@aq
bay tos ri xinb'e chik	baa entoons ri (xinb'e) chik
Xintijooj wib' re taq poop,	x @@in @@tijo @@j w @@ib' re taq poop
xintijooj wib' re jun opiisyo,	x @@in @@tijoj w @@ib' re jun opiis
juntiir wetaami'n.	juntiir w @@etaam @@i'n
Wetaam poop,	w @@etaam poop
wetaam,	w @@etaam
juntiir xinb'an.	juntiir x @@in @@b'an
Xinwa'x rk'i wálb' ójr,	(xinwa'x) r @@k'i álib' ójor
i dyes aañ xinwá'x la jrchooch wálb',	i dyees año x @@in @@wá'x la jri @@ichooch wálb'
dyes aañ xinwa'x rk'ilaq,	dyees año ??? r @@???
tos wálb', re xijchwe,	entoons wálb' re x @@???
ke tinb'an qus,	ke t @@in @@b'an qus
i tinb'an utziil.	i t @@in @@b'an utz @@iil
Bay xinb'an kumpliir,	baa x @@in @@b'an kumpliir
xinb'an kumpliir,	x @@in @@b'an kumpliir
I ri' li re re rb'anal inwi'liin ójr	i ri' li re re r @@b'an @@aal (inwi'liin) ójor
kond xojk'iiy,	kwand x @@oj @@k'iy
rk'i qaqaaj qachuuch,	r @@k'i q @@??? qa @@???
mas k'ax xqatiij tamb'yeen,	maas k'ex x @@ttiij tambyeen
i k'axi' xqatiij	i k'ex @@i'n x @@ttiij
per ke remedye, peer xqab'ana' kumpliir.	peer ke remedyee peer x @@qa @@b'an kumpliir
Re xojkojoni'n,	re x @@oj @@kojó @@i'n
xojkojoni'n,	x @@oj @@kojó @@ni @@i'n
antose ri' k'uli qaaj.	antonses ri' k'u @@li qaaj
Ri xink'uli' chik b'iik,	ri x @@in @@k'uli' chik b'ik
i lajori ya mucho tyemp chaq,	i lijori ya muucho tyeemp chaq
ri in k'ulnaq ni k' re',	ri in k'ul @@naq ni ka' re
porke ya xinkaan chi re malkani'roq ri il,	porke ya x @@in @@kan chi re (malkani'roq) ri il
syempre tqab'ana' sufrir aalgo,	syempre t @@qa @@b'an @@a' sufrir algo
tqa'an sufrir alg,	t @@qa @@b'an sufrir algo
tos ri k'u li' qaaj,	entoons ri k'u li qaaj
re xinb'an ójr,	re x @@in @@b'an ójor
xinpee jno chriij kirneera,	x @@in @@pet @@e jono chi @@ri karneero
jno pe meq'iin.	jono pet miq'iin
xin k'axi' xinij,	??? k'ex @@i'n ???
xinwa'x rk'il aq tzan taq wálb' ójr.	x @@??? ??? a @@aq k'atzaan taq ??? ójor
I tandas xinb'an aprender b'aniik poop,	i taant x @@in @@b'an aprender neen poop
wetemaaj treens,	w @@etama @@j treens
xwetamaaj jb'aniik b'o'j,	x @@wat @@am @@aaj j @@b'an @@iik b'o'j
juntiir,	juntiir
juntiir wetami'n.	juntiir w @@etam @@i'n
Lajori tob'iy wetami'n,	lijori tob'iiy w @@etam @@i'n
wet skeere inkwint na chi jb'aniik.	wat sikeer in @@kwin @@ta' na chi j @@b'an @@iik
Per ta' ch inkwínik,	peer ta' chi in @@kwin @@ik
ta' chi' tinch'iij.	ta' chi (tinch'iij)
¿Ta' chi' atz'aqónik?	ta' chi (atz'aqónik)
¡Ya noo!	ya no'
ta' ch intz'aqónik qaaj,	ta' chi in @@taq qaaj
ta' chi' intz'aqónik,	ta' chi in @@taq
lajori ta' chi (ki') tinch'ij,	lijori ta' chi ki' t @@tch'ij
pwers chaq ri tinkoj jwaa maq ák'l,	pwers chaq ri t @@in @@koj j @@waa maq ék'il
tiwi'lb'ej taq maq ák'el li,	(tiwi'lb'ej) taq maq ák'el li
ri ójr taq tziij ta' peen.	re ójor taq tziij ta' pena
Xinpe baq loom,	x @@in @@pet b'aq loom
ximpe juntiir luwar,	xim @@pu juntiir luwar
xinpe jno Ch'anuuj,	x @@in @@pet jono Ch'anuuj
xinpe lomas luwar,	x @@in @@pet lamaas luwar
jluwuraq wálb',	j @@luwar @@aq wálb'
kom k'is wi' jluwraq,	koom k'is wi' j @@luwar @@aq
k'is wi' jbyenaq,	k'is wi' j @@byeen @@aq
ontikeer laad xinpe'w,	ontikeer laad x @@in @@pet @@w
ontikeer laad xinpe'w.	ontikeer laad x @@in @@pet @@w
Bay jiloon li qaaj	baa jilon li qaaj
re xinch'ekb'eej sik' qleen we re',	re (xinch'ekb'eej) sik' qleen we re
xinélk,	x @@in @@el @@ik
xin tantas xinb'an.	x @@iin tantas x @@in @@b'an
Syempre xojkojooni'n,	syempre x @@oj @@kojón @@i'n
xojkojooni'n,	x @@oj @@kojón @@i'n
xojkojoon chuuh qaqaj qachuwch.	x @@oj @@??? chiwch @@uu qa @@qaaj qa @@chuwch
Naq xinkoja' inqaaj inchuuch,	naq x @@in @@koj @@a' in @@qaaj in @@chuuch
naq xinkojoon chuuchaq.	naq x @@in @@koj @@o' @@on chuuch @@aq
I jilon chik rk'i wálb' chik,	i jilon chik r @@k'i wálb' chik
mism naq xinkoja'n	miim naq x @@in @@koj @@i'n
loke nen naq xiij taq,	loke neen naq xiij taq
xinkoja'n lo ke nen xtaqontáwi',	x @@in @@koj @@a'n lo ke neen x @@taq @@on @@a @@q @@???
ri' li qaaj,	ri' li qaaj
ri naq xinb'an in,	ri naq x @@in @@b'an in
e ri lojori ya xi' tyeemp re	ee ri lajor @@ri ya xi' tyeemp re
re k'itzilkiin nikre'.	re (k'itzilkiin) (nikre')
Perk ya xi' alg intyemp.	peer @@ke ya xi' algo in @@tyeemp
ri' k'u li re lojorii pwes,	ri' k'u li re laj'ori @@i pwees
e per ya xi'tyemp ri kanalkiin	e peer ya x @@i' @@tyeemp ri (kanalkiin)
lajo' ri chik ri.	lajo' ri chik ri
Syempre tqatija' k'ex,	syempre t @@??? k'ex
qab'ana' sufrir	qa @@b'an sufrir
re qanesida,	re qa @@nesesidad
per nen tqab'an,	peer neen t @@qa @@b'an
nen tqab'an qaaj.	neen t @@qa @@b'an qaaj
Porke wi' rajwexk,	porke wi' rajwéxik
wi' rejwexik loke nen teqab'an,	wi' rajwéxik @@ik loke neen t @@qa @@b'an
wi' rejewaxik,	wi' rajwéxik @@ik
nesesida oj chakúnik,	nesesidad oj chaak @@un @@ik
porke ri' teb'a qus teqachep elaq',	porke ri' teb'a qus t @@qa @@chap elaq'
riteb'a' qus teqa tuk' qíjil qatz'áqt lamas,	(riteb'a') qus t @@qa tuk' q @@ijiil qa @@tz'áqat lamaas
noo ta' qus qaaj.	noo ta' qus qaaj
Ri' tzi oj chakúnik,	ri' tzi oj chaak @@un @@ik
ri' tzi oj chapónik,	ri' tzi oj chap @@on @@ik
ri' tzi oj eel taata,	ri' tzi oj el taat
ri' li ri enjeemple we in qaaj,	ri' li ri ejeempl we in qaaj
ri' li ri enjempl	ri' li ri ejeempl
inqaaj in chuuch.	iin @@qaaj in chuuch
Enjempl re tzan taq wálb' tamb'yen,	ejeempl re k'atzaan taq wálb' tambyeen
juntiir li xkan jb'iij taq li chiqe,	juntiir li x @@kan j @@b'ij taq li chi @@q @@e
¿Nen jb'iij a wálb' áanm?	neen j @@b'iij a wálb' ánim
Wálb' ánm,	wálb' ánim
Katarina Kalaam,	Katarina Kalaam
Katarina Kalaam b'iij wálb' ánm,	Katarina Kalaam b'iij wálb' ánim
ri' wálb' wunaq Miguel Méndez,	ri' wálb' wunaq Miguel Méndez
Miguel Méndez López jb'iij wálb' wunaq,	Miguel Méndez López j @@b'iij wálb' wunaq
ri wálb' ánm	ri wálb' ánim
Katarina Kalaam jb'iij	Katarina Kalaam j @@b'iij
ri' li wálb',	ri' li wi @@álib'
rí ka' li qaaj,	??? ka' li qaaj
ri' li.	ri' li
¿I niri xatyu' li alb'ixiik	i niri x @@at @@yu' li al @@b'ik @@x @@iik
diyunab'es kwando xatk'uli'?	??? kwaand xa
No ma neri ta'n taat,	no' ma niri ta'n taat
ji xin alib'ix rij kub'i',	ji' x @@in alib' @@ix ri @@iij kub'i'
kla' xinalib'íxwu',	kla' (xinalib'íxwu')
kla' xinalib'íxwu',	kla' (xinalib'íxwu')
dyes aañ xinwa'x kla',	dyees año x @@in @@wa'x kla'
dyes aañ xinb'an rij rij kub'i' li.	dyees año x @@in @@b'an ri ri kub'i' li
Ruk' re xoj xoj eel na,	ruk' re xoj xoj el na
xoj xojresaj taq k'atzan wálb',	xoj (xojresaj) taq k'atzaan wálb'
si no ji' wooj riij kub'i'y,	si' no' ji' w @@ooj ri kub'i'
riij kub'i'y wooj wu',	r @@iij kub'i' w @@ooj wu'
kla' wooj taat.	kla' w @@ooj taat
Naji' li xoj wa'x kla',	naj @@i' li xoj wá'x kla'
xojwa'xi'n,	xoj @@wa'x @@i'n
ay dyoos kla' lomism naj xojwa'x,	ay Dyoos kla' lo @@miim naj ???
Ch'anuuj naaj xojwa'x,	Ch'anuuj naj ???
Ch'anuuj kaad por temporaad,	Ch'anuuj kaada por temporaad
oj el b'i neri Ch'anuuj.	oj el b'ik niri Ch'anuuj
Oj aq'an chik b'a loom,	oj aq'an chik b'a loom
che re.	che' r @@e
Jmm' xinwa'xi'n,	??? x @@in @@wa'x @@i'n
Xansaj wuchooch,	x @@b'an @@saa @@j w @@ichooch
xinwa'xi' kla'.	x @@in @@wá'x @@i'n kla'
¿Lamas t'i'ame' taq ja'	lamaas ti @@k'am @@e' taq ja'
re xatwá'x taq kla'?	r @@e ??? taq kla'
Qame' ja'	q @@k'am ja'
est xe' k'eche'laaj,	asta xe' k'ichelaaj
b'i jili b'ik,	b'ik jili b'ik
qame' ja' kla',	q @@k'am ja' kla'
kla' tpe'w qája'.	kla' t @@pet @@w qa @@ja'
I xaan qechooch kla',	i xab'an q @@ichooch kla'
naj xooj wa'x kla'.	naj x @@??? wá'x kla'
¿I kita' ka'n titzaqow ach'olaq?	i kita' ka'n ti @@taq a @@ch'ool @@aq
Ta' kaan qaaj	ta' kan qaaj
no ta'n,	no' ta'n
nada ta' ka'n pake awaas,	nada ta' ka'n pake awaas
ta' ka'n xqil jwich ta'n.	ta' ka'n x @@q @@il j @@wich ta'n
¿Pero aj ajwi na k'is b'atz' xat wa'x taq kla'?	peer aj (ajwi) na k'is b'aatz' (xat) wá'x taq kla'
A wi' ay dios b'aatz',	a wi' ay dios b'aatz'
ri koj che' taq re,	ri koj che' taq re
jun ka'n puur tuun tuoq' xe' loom,	jun ka'n puro túun ti @@oq' xe' loom
(xe') xo'l k'eche'laaj	??? xo'l k'ichelaaj
ji',	ji'
wii',	wi'
wi' ka'n.	wi' ka'n
naj xinwa'x neri Ch'anuuj tamyeen,	naj x @@in @@wá'x niri Ch'anuuj tambyeen
ay dyos bay re kla'	ay dyoos baa re kla'
si ma'ajlam junaab' xinb'an kla'.	si' ma' @@ajla @@m junaab' x @@in @@b'an kla'
Tamyeen naaji' xinwa'x,	tambyeen naj @@i'n x @@in @@wá'x
i qaternb'eej kerneero,	b'ik ??? karneero
wákix,	wakix
rik'i k'atzan taq wálb' ójr.	ri @@k'i k'atzaan taq w @@álib' ójor
Jii' naji' xoj wa'x kla,	jii' naj @@i'n xoj wa'x kla'
naji' xoj wax qaaj.	naj @@i'n xoj waq qaaj
Bay li ri naji' ri xqab'an kla'.	baa li ri naj @@i'n ri x @@qa @@b'an kla'
¿I q'uuq' ta' ch xawil jwiich?	i q'uuq' ta' ch xa @@wi @@l (jwiich)
T'e xqila'n	t'e x @@q @@il @@a'n
qila'n r q'uuq'	q @@il @@a'n r q'uuq'
k'is wi' taq xe' loom.	k'is wi' taq xe' loom
Wi' tqa'n,	wi' t @@qa @@a'n
q'uuq' wi' tqa li k'iche'laaj.	q'uuq' wi' t @@qa li k'ichelaaj
Per lajori ta tqa'chi'n.	peer lijori ta' t @@q @@a' @@chi @@i'n
A lajori kita' chiki'n qaaj,	??? lijori kita' chik @@i'n qaaj
li tataqa' chi ki'n,	li (tataqa') chi ki @@i'n
tisach jwichaq b'an tyarin,	t @@sach j @@wich @@aq b'an tantyar @@iin
sachi jwichaq,	sach @@i j @@wich @@aq
sachi jwichaq qaaj,	sach @@i'n j @@wich @@aq qaaj
ta chiki'n,	ta' chik @@i'n
tachiki' ka'n.	ta' @@chik @@i'n ka'n
Ta' chiki' oj eel tamyeen,	ta' chik @@i'n ooj el tambyeen
penikare wa wi' wet ojeel b'ik,	derepeet we wi' wat oj @@el b'ik
koom ta chi' oj eeik,	koom ta' chi' oj el @@ik
ójr ri qa qachaak ojwakat,	ójor ri qa qa @@chaak oj @@wakat
kom oj ak'al na,	koom oj ák'el na
oj ak'al wi' qachooqob',	oj ák'el wi' qa @@???
oj el b'ik,	oj el b'ik
per komo lo jori taat ta chi tqach'ij b'ee.	peer koom lo laj'ori taat ta' chi t @@qa @@ch' @@ij b'ee
Ta' chiki',	ta' chik @@i'n
¿Tonses xatwa'x na b'a k'echelaaj chuch Liya?	entoons (xatwa'x) na b'a k'ichelaaj chuch Li'y
Xinwa'xin qaaj,	x @@in @@wá'x @@iin qaaj
xinwa'xi'n,	x @@in @@wa'x @@i'n
xinwa'xi'n	x @@in @@wa'x @@i'n
naj tyemp li wa'x b'a loom,	naj tyeemp li wa'x b'a loom
b'a saqwech tijb'ij taq.	b'a saqwech tij @@ib' @@ij taq
Li xwa'x wuchooch kla ójr,	li x @@wa'x w @@ichooch kla' ójor
wa'xi' wuchooch kla'	wa'x @@i' w @@ichooch kla'
chuch wálb',	chuch w @@álib'
(xoj) xinqeej Ch'anuuj.	xoj x @@in @@qej Ch'anuuj
tu k'aaj jeneka',	tu ik'áj jeneka'
ptaq tyemp sktimbre,	pu @@taq tyeemp sktimbre
octubre ji' wooj xe' k'achee'.	octubre jii'n w @@ooj xe' k'a @@chee'
¡Atqej taq li miq'in!	at @@qej taq li miq'in
Oj qeeji' xe' k'achee.	oj qeej @@i' xe' k'a @@chee'
Ees wi' chaq titij maq kirneero,	ees wi' chaq t maq karneero
oj b'e kla' ójr,	oj b'ee kla' ójor
bay tuqane' ch uxiib' iik' kla' chik,	baa (tuqane') ch oxib' iik' kla' chik
uxiib' iik' tuqane' kla' chik,	oxib' iik' tu @@b'an @@e' kla' chik
nochewen chaq oj eel chich juntiir.	nochewen chaq oj el chich juntiir
b'aq loomo,	b'aaq loom
oj aq'anchich juntiir chik.	oj aq'an @@chi @@ch juntiir chik
Xoj b'i' chi ki ch riij awaj,	xoj b'ik chi ki chi r @@iij awaaj
Tos xatija' k'ex chuch Liya.	entoons (xatija') k'ex chuch Li'y
bay we in taat,	baa we in taat
mas in ajtijol k'ax,	maas in aj @@ti @@jol k'ex
ay dyos tka' inb'ij re chaq,	ay dyoos ti @@??? in @@??? r @@e chaq
mas inajtijol k'ax taat,	maas in @@aj k'ex taat
mas k'ax xintiij.	maas k'ex x @@???
Por es chapkari lajori	por es chap @@kar @@i laj'ori
ta' ch ki' tanch'iij.	ta' ch ki' ti
lajori pwers chaq taat,	laj'ori pwers chaq taat
ya noo pwers chaq,	ya noo pwers chaq
tika' inb'iij re maq ák'el jun taq weelt,	??? in @@??? r @@e maq ák'el jun taq b'weelt
ta ta tijkoj taq	ta' ta' ti @@j @@koj taq
loke tanb'iij rechaq,	loke t @@an @@b'iij rechaq
ay ta' atkojon taq ak'al,	ay ta' at @@koj @@on taq ák'el
ko' qe ooj	??? q @@e ooj
pok oj kojoneel,	pok oj koj
dyóso xqakoja' lo ke xiij qaqaj qachuuch.	dyoos x @@qa @@koj @@a' lo ke xiij qa @@qaaj qa @@chuuch
Xqakoja' lo ke xqab'an,	x @@qa @@koj @@a' lo ke x @@qa @@b'an
k'ex tich'aaw chuchqájw	k'ex t @@ch'aw chuch @@q @@ájw
che'.	che'
Par tqakuya'n,	peer t @@qa @@kuy @@a'n
Ji'n tijkuya' jun tz'eti'n.	jii'n t @@j @@kuy @@a' jun (tz'eti'n)
Tqakuya'n taat,	t @@qa @@kuy @@a'n taat
tqakuya'n.	t @@qa @@kuy @@a'n
Ta' almajiik re,	ta' almaj @@ik re
ta' almajiik keta' elaam re',	ta' almaj @@ik kita'n el @@eem re
keta ay dyos	kita'n ay dyoos
ripu tch'a'w ri jun kristyaan ri chuwe,	ri @@pu ti @@ch'aw ri jun kirtyaan ri chi @@w @@e
men nqaaj inchuuch ta' ojche'.	men in @@qaaj in @@chuuch ta' oj @@che'
Noo re taat,	noo re taat
xqakoja' re' lo ke xiij taq,	x @@qa @@koj @@a' re lo ke xiij taq
xqab'ana' re' loke xijtaq chqe,	x @@qa @@b'an @@a' re' (loke) (xijtaq) (chqe)
xqata re' re pixab' xisaj ch qe juntiir.	x @@qa @@ta' re r @@e pixab' x @@isaj ch q @@e juntiir
byen qapixib'aji jwi'l inqaaj inchuuch,	byeen (qapixib'aji) j @@wi'l in @@qaaj in @@chuuch
lo ke xqa'an pasar ójr taq tzij,	lo ke x @@qa @@b'an pasar ójor taq tziij
tzi qapixb'ajk,	tzi ???
maqalq'aj jun jal,	ma @@q @@alq'á @@j jun jal
maqolq'aaj jun tiko'n,	ma @@q @@alq'á @@a @@j jun tiko'n
moqolq'aaj jun qleen,	ma @@q @@alq'á @@a @@j jun qleen
ri' li re pixab' rxiij qaqaaj qachuuch ójr taq tziij,	ri' li re pixab' r @@x @@iij qa @@qaaj qa @@chuuch ójor taq tziij
ri' li.	ri' li
I xintaaw rk'i wálb' chik,	i x @@in @@taaw r @@k'i wi @@álib' chik
miism miism nuunk machep qleen miij,	miim miim nuunk ma @@chap qleen miij
we tzaqal ab'iix,	we taq @@aq @@al b'iix
we tzaqal kinaq' li b'ee	we (tzaqal) kinaq' li b'ee
chi b'i taq	chi b'it taq
kinye' taq junlaad re,	kan @@ye' taq jun @@laad r @@e
nuunk machep taq miij	nuunk ma @@chap taq miij
oj utzaja,	oj ???
jaan	jaan
tz'eti re' qaaj	(tz'eti) re qaaj
xqakoja'n,	x @@qa @@koj @@a'n
tz'eeti re' xqakojan,	(tz'eeti) re x @@qa @@koj @@an
tz'eetire' xqakoja'n.	(tz'eetire') x @@qa @@koj @@a'n
ilan qawi'l,	il @@an qa @@wi'l
talqawi'l ójr taat,	ta' @@l @@qa @@wi'l ójor taat
ri' li xqab'an.	ri' li x @@qa @@b'an
Xatwa'x li miq'iin,	xa @@ti @@wa'x li miq'iin
ajwi'na wen chaj.	(ajwi'na) bween chaj
wi na,	wi' na
aay ya dyos,	ay ya dyoos
xin wa'x li miq'in ójr taq tzij.	x @@in wa'x li miq'in ójor taq tziij
Troos chaj,	troos chaj
poraalg galan taq chaj,	poraalg galaan taq chaj
i galan taq chaj.	i galaan taq chaj
Dyos por lajori taat,	dyoos por laj'ori taat
ta chki'n.	ta' ch
Ta'chiin.	ta'n
Ta' chi ki'n taat,	ta'n chi ki' @@in taat
ya xk'isi'n,	ya x @@k'is @@i'n
ta' chi',	ta'n chi
ójr galan taq chaaj,	ójor galaan taq chaj
chi jtaq kuwa'y tipe'w qáchij ójr.	chi j @@taq kwa'y ti @@pet @@w qa @@chaj ójor
Jii' chi jtaq kwa'y tpe'w qáchij ójr.	jii' chi j @@taq kwa'y ti @@pet @@w qa @@chaj ójor
li pet in juyub' taq'aj	li pet in juyub' taq'aj
aay dyoos pok xinb'éenik,	ay dyoos pok x @@in @@b'en @@ik
petzelkiin b'a loom.	pet b'a loom
Petzelki'n Ch'anuuj	pet Ch'anuuj
petzelki'n xe k'achee',	(petzelki'n) xe k'a @@chee'
ri kond ajyo'ln k'atzan wunaq,	re kwand aj @@yo'l @@na k'atzaan wunaq
xoj wa'x na Chi ja'm	xoj wa'x na chi ja'm
xojwa'x na Chi ja'm,	xoj @@wa'x na chi ja'm
beynt aañ xoj wa'x kla',	b'eynte año xoj wa'x kla'
beynt aañ xoj wa'x kla',	b'eynte año xoj wa'x kla'
richaq naq xojeelch li	ri @@chaq naq xoj @@el @@ch li
kwand naq xaan k'ex,	kwand naq xaan k'ex
are xojéel chi kla' chik taat.	are xoj @@eel chi kla' chik taat
Ri' li b'anal qawi'l,	ri' li b'an @@aal qa @@wi'l
ri' li ilaan qawi'l,	ri' li il @@b'an qa @@wi'l
wi' jun nim laj lugaar.	wi' jun nim laj luwar
Ri' li jun niim laj táj,	ri' li jun nim laj táq'aj
jun niim laj táj	jun nim laj táq'aj
re re luwaar xe k'ache',	re re luwar xe (k'ache')
e petzalkini' kla' qaaj,	e pet @@??? kla' qaaj
petzelkiin kla',	pet @@??? kla'
dyoos naj re wa'salkooj kla',	dyoos naj re w @@(salkooj) kla'
galan taq tiko'n tran kla',	galaan taq tiko'n ti @@r @@b'an kla'
galan taq tiko'n tran kla',	galaan taq tiko'n ti @@r @@b'an kla'
kom wi' kirneer,	koom wi' kirneer
wi' wakix.	wi' wakix
¿Tons taqejastaqa kirneer kla' ójr?	entoons (taqejastaqa) kirneer kla' ójor
Kirneer wa'kx,	kirneer wakix
tb'i qile' kla,	t @@b'ik q @@il @@e' kla'
Jii kirneero wa'kix,	jii' karneero wakix
¿Tons ma xiq ta qe wákix tb'e kla'?	entoons ma xaq ta' qe wakix t @@b'e kla'
Noo	noo
ma xaq ta' wákx	ma xaq ta' ichaaj
ma xaq ta wákx kerneer, wa'kix kwa'y,	ma xaq ta' ichaaj kirneer wakix kwa'y
juntiir tib'e taq kla'.	juntiir ti @@b'e taq kla'
I k'is Utiw kita' tijtij taq kirneer.	i k'is utiiw ki @@ta' @@a'n ti @@??? taq kirneer
Tijtija'tqa'n komo oj ajyuuq',	(tijtija'tqa'n) koom ooj aj @@yuuq'
jii'n,	jii'n
tijateqa' li wet mat oj ajyuuq',	t @@??? li wat mat ooj aj @@yuuq'
kom oj xeem la jrqan awaj,	koom ooj x @@em laj j @@naj awaaj
oj yuq'únk,	ooj yuq' @@un @@ik
i laq'ab' chajal b'yeen,	i li @@??? ??? byeen
b'yeen chajalik qaaj,	byeen (chajalik) qaaj
byeen chajalik,	byeen (chajalik)
ri' li naq xqab'an oj ójr,	ri' li na @@aq x @@qa @@b'an ooj ójor
ri' li qaaj.	ri' li qaaj
b'a li petzakini' kla',	b'a li (petzakini') kla'
naji xinwa'x li kla'	naj @@i' x @@in @@wa'x li kla'
ójr,	ójor
naji xinwa'xi' xe' k'achee',	naj @@i'n x @@in @@wa'x @@i'n xe' k'ach
xe' k'achee',	xe' ???
petzalkiin b'a loom,	??? b'a loom
juntiir lugar wetaam.	juntiir ??? @@ar w @@etaam
¿I i kwand xamaj tz'aaq?	i i kwand x @@amaj tz'aaq
ri wk'an chaq,	re w @@ik'aan chaq
neri chaq xinmaj tz'aaq,	niri chaq x @@in @@maj t @@z'aaq
neri chaq xinmajwu',	niri chaq (xinmajwu')
neri chaq juwi'l taq rejwéxik,	niri chaq j @@wi'l taq rejwéx @@ik
juwi'l taq rajwéxk qaaj.	j @@wi'l taq rejwéx @@ik qaaj
Re komo jiloon li taaw diya domiing,	re koom jilon li taaw dya domingo
ta' neen la tepeew' re qleen qe,	ta' neen la t @@pet @@w r @@e qleen q @@e
(ta) rajwexik re qakoos,	ta rajwéxik @@ik r @@e qa @@koos
rajwex nen re teqaloq'.	rajwéxik neen re t @@qa @@loq'
E nway mas xintijojwiib' xinb'an b'o'j,	ee nway maas x @@in @@tijo @@j @@w @@ib' x @@in @@b'an b'o'j
ri k'tzan tzan chuchu' re Julia Saqb'iin,	ri k'atzaan k'atzaan chuchu' re Julia Saqb'iin
jchuchaq don Makarye,	j @@chuch @@aq don Makarye
ri' li xintijónik,	ri' li x @@in @@???
ri li xintijónik.	ri li (xintijónik)
Tiq b'i wile',	tiq b'ik ???
m ta'tene' xchap taq ta na ínq'ab'i,	m ta' @@??? x @@chap taq ta' na in @@q'aab'
xk'ut taq tne' chiwich noo,	x @@k'ut taq t @@ne' chiw @@i' @@ch noo
i teq b'i wilee',	i tiq b'ik (wilee')
ne mo tij tz'aq taq,	neen mood tij tz'aaq taq
ne mo b'aniik tren taq,	neen mood b'an @@iik tren ti @@taq
e xinb'an wee,	e x @@in @@b'an wee
xinb'an we,	x @@in @@b'an we
i xeel ch inwch,	i x @@el ch in @@ch
i xyuuq sik' chuchu' Sb'estya'n ch'qaap,	i x @@yu' @@aq sik' chuchu' Seb'astyan ch'qaap
rixóqol k'atzan Lejandre Saqb'iin,	r @@(ixóqol) k'atzaan Lejandre Saqb'iin
xuuq wk'il sik' chuchu'.	(xuuq) w @@ik'il sik' chuchu'
Ay dyos (ka) b'an b'o'j	ay dyoos ka b'an b'o'j
che' chwe.	che' ch @@we
inche re.	in @@che' r @@e
che sik' chu' chwe,	che' sik' chuchu' ch @@we
xk'ut ch inwch ne mo jsutiik jchi' raq b'o'j,	x @@k'ut ch in @@ch ne' mood j @@sut @@iik j @@chi ra b'o'j
xinb'an wee,	x @@in @@b'an w @@e
xinb'an wee,	x @@in @@b'an w @@e
bay xeeli'n,	baa x @@el @@i'n
tziyi'n xeel inb'o'j,	(tziyi'n) x @@el in @@b'o'j
tziy xib'an,	tzii x @@in @@b'an
e xwetemaj jb'aniik,	e x @@w @@etaam j @@b'an @@ik
jelon li re xinb'an qaaj,	jii' li re x @@in @@b'an qaaj
re xinmaaj jb'anik b'o'j,	re x @@??? j @@b'an @@ik b'o'j
xinmaj jb'anik b'o'j, jilon li xwetemaaj,	(xinmaj) j @@b'an @@ik b'o'j jilon li x @@w @@etaam @@aaj
bay xwetemaaj b'o'j,	baa x @@w @@etaam b'o'j
naad ta chi temay.	nada ta' chi (temay)
Kom wtaam chaq jb'anik b'o'j,	koom w @@etaam chaq j @@b'an @@ik b'o'j
wtaam chaq juntiir,	w @@etaam chaq juntiir
we in qaaj,	we iin qaaj
juntiir opisyo wetaam,	juntiir opiis w @@etaam
juntiir opiisyo wetaam,	juntiir opiis w @@etaam
wetaam tib'an poop,	w @@etaam ti @@b'an poop
wtaam tib'an b'o'j,	w @@etaam ti @@b'an b'o'j
i wetaami' b'itik ék'el.	i w @@etaam @@i'n b'it @@ik ák'el
Si pwees.	si' pwees
Jii wetaami'n,	jii' w @@etaam @@i'n
jii'n.	jii'n
¡Ese es bwenisima tayol che qe!	ese es bwenisima t @@a @@yol chi q @@e
Wetaami'n b'itik ék'el,	w @@etaam @@i'n b'it @@ik ák'el
¡Ati' ajiyoom tamb'yen!	aat @@i' aj @@iyoom tambyeen
ri chaq lajori k'is wi'maam untiir,	ri chaq lijori k'is w @@imaam juntiir
ék'el li juntiir wech teqa'n,	ák'el li juntiir w @@ech taq @@a'n
juntiir in inb'itow naq,	juntiir iin in @@b'it @@ow na @@aq
wonaq xelto b'ik	wunaq x @@el @@taq b'ik
in inb'itiw naq rechaq,	iin in @@b'iti @@w na @@aq rechaq
in inb'itiw naq,	iin in @@??? na @@aq
li ini'n,	li iin @@i'n
wetaami'n,	w @@etaam @@i'n
wetami'n,	w @@etaam @@i'n
tob'iiy lajori,	tob'iiy laj'ori
maq imaam chaq ti naq wilb'eej taq,	maq imaam chaq ti na @@aq (wilb'eej) taq
tos syempre ajtinb'ana' jwersa rechaq,	entoons syempre aj @@t @@in @@b'an @@a'n j @@wersa rechaq
ajtinb'ana' pwers re chaq.	aj @@ti @@in @@b'an @@a' pwers re chaq
¿Tons ati' ajiyoom chuch Liy? Ini'n taat,	entoons aat @@i'n aj @@iyoom chuch Li'y iin @@i'n taat
ini'n,	iin @@i'n
per rik'i jweraan ta' nb'eek,	peer r @@ik'il jweraan ta' in @@b'e
¡A noo!	a noo
Noo ta' nb'eek qaaj,	noo ta' in @@b'ee @@ik qaaj
ta' nb'ek chaq jaa,	ta' in @@b'ee @@ik chaq jaa
rk'i kristyaan ta' inb'eek,	r @@k'i kirtyaan ta' in @@b'ee @@ik
purament walk'ual qe,	purament w @@alk'waal qe
imaam qe twilb'eej taq,	imaam qe (twilb'eej) taq
i maq wálb',	i maq w @@álib'
wuk'laal ri' li,	w @@ik'laal ri' li
(naq)	na @@aq
¿Tos re chaq ta' tikoj taq afweer kirtyaan.?	entoons re chaq ta' ti @@koj taq afweer kirtyaan
Noo ta' tijkoj taq taat,	noo ta' j @@koj taq taat
no' ta' tijkoj taq re chaq li,	no' ta'n (tijkoj) taq r @@e chaq li
ta' tijkoj taq kwalkyer kirtyaan,	ta' (tijkoj) taq kwalkyer kirtyaan
in qe qaaj,	iin qe qaaj
in qe.	iin qe
¿Nen k'u cheek ta' xab'an at li,	nen k'u cheek ta' xab'an aat li
re chaq jaa?	re chaq jaa
No' kita' ch waaj,	no' ki @@ta' @@a' ch waaj
ji' wi' jujun delikad taq,	jii' wi' (jujun) delikad taq
bay mjetene' te'eel chúwch kerstyaan,	baa (mjetene') ti @@el chiw @@ch kirtyaan
tzaq inch'ool.	tzaq in @@ch'ool
Si tz'eeti'n.	si' (tz'eeti'n)
Tzaq inch'ool,	tzaq in @@ch'ool
wi' intarget re qaaj,	wi' in @@tarjeet r @@e qaaj
ta'l inklas inwi'l,	ta'l in @@klas in @@wi'l
ji' tal inklas inwi'l,	jii' ta' in @@klas in @@wi'l
xinpeeti'n.	x @@in @@pet @@i'n
Per lojori ta' chi' b'eselkin,	peer laj'ori ta' chi (b'eselkin)
kom ta' chiki',	koom ta' chik @@i'
ta' chi' ki' la m pe'w,	ta' chi ki' la ma pet @@w
ta' la' inpe'w,	ta' la' in @@pet @@w
puramente rik'i maq ék'al qe.	puramente r @@ik'il maq ák'el qe
Niri qe chuch jaa.	niri qe chuch jaa
Jii' neri rik'i raq ák'al qe,	jii' niri r @@ik'il ra @@aq ák'el qe
maq wimaam qe,	maq w @@imaam qe
naq we wi' yaaj taq,	na @@aq we wi' yaaj taq
wen ta'n je'qelon li,	we ta'n (je'qelon) li
jeqelon li qaaj,	(jeqelon) li qaaj
il li raq ak'al li,	il li yaq ák'el li
naq wa'x taq,	na @@aq wa'x taq
in inb'itiw re chaq,	iin in @@b'it @@w r @@e chaq
At qe atb'itiw re chaq.	aat qe at @@b'it @@w r @@e chaq
In inb'itiw re chaq qaaj.	iin in @@b'it @@w r @@e chaq qaaj
¿Jurub' tuj tikojsaj re jun ánm titzib'ik?.	jurub' tuuj ti @@koj @@sáj r @@e jun ánim (titzib'ik)
Re jun ánm	r @@e jun ánim
seis tuuj,	seis tuuj
tin tzaqin qaaj.	t @@iin tzi qaaj
¡Aa seis tuuj!	a seis tuuj
Seis tuuj tin tzaq in qaaj,	seis tuuj tin tzaq iin qaaj
seis tuuj tintzaq in qaaj	seis tuuj t @@??? iin qaaj
re jun ánm.	r @@e jun ánim
Waqaqiib' tuuj.	waq @@aq @@iib' tuuj
Jiin qaqiib' tuuj,	??? waqaq @@ib' tuuj
ji' qaqiib' tuuj tin koj re	jii' waqaq @@ib' tuuj ??? koj r @@e
jun ánm titziib'ik.	jun ánim (titziib'ik)
Ri re chi b'elejeeb' iik', ¿i kwand titzib' jurub' na tuuj tij≈ßtij chik? No	ri r @@e chi b'elej @@eeb' iik' i kwand t @@tzib' jurub' na tuuj ti @@tij chik noo
jii' kond tetziib'	jii' kwand t @@tzib'
tin tzaq qaqiib' tuuj,	tin tzaq waqaq @@ib' tuuj
ri b'elejeb' iik',	ri b'elej @@eb' iik'
tiq b'i wile li,	tiq b'ik (wile) li
tiq b'i nsolaj,	tiq b'ik in @@solá @@j
tiq insolaj taq,	tiq in @@solá @@j taq
jii' tiq insolaj taq,	jii' tiq in @@solá @@j taq
i wene' k'ex wi'w taqw tos tekoja' jujun jtujaq ji',	i we @@e' k'ex wi' @@w taq @@w entoons ti @@koj @@a'n (jujun) j @@tuuj @@aq jii'
tenkoja' jun jtujaq,	(tenkoja') jun j @@tuuj @@aq
wu ma kata'n tos ta'n.	we ma (kata'n) entoons ta'n
Tiq awile' taq.	tiq aw @@il @@e' taq
Tiq b'i uwile' taq,	tiq b'ik w @@il @@e' taq
we qus taq tos ji qelon li,	we qus taq entoons jii' qe li
i kond titaw tyemp,	i kwand ti @@taw tyeemp
ji' ta' jun wein petzel li hospital.	jii' ta' jun w @@e @@iin pet li hospital
¿Ta' jun awe petzel li hospital.?	ta' jun aw @@e pet li hospital
Noo kita'n qaaj,	noo kita'n qaaj
ta'n,	ta'n
sol in inb'itiw naq re chaq,	sol iin in @@b'it @@w na @@aq r @@e chaq
juntiir maq ek'el li.	juntiir maq ák'el li
I yo'l teqa'n juntir.	i yo'l taq @@a'n juntiir
Yo'l teqa'n qaaj,	yo'l taq @@a'n qaaj
yo'l teqa'n,	yo'l taq @@a'n
ta jun wein kamnaqtaj,	ta' jun w @@e @@iin kamnaq
no ta jun we q'asal taj,	no' ta' jun we q'asal taj
ta' jun we kamnaqtaj.	ta' jun we (kamnaqtaj)
Naad.	nada
Noo ta'n qaaj,	noo ta'n qaaj
k'is yo'l taq,	k'is yo'l taq
juntiir k'is yo'l taq,	juntiir k'is yo'l taq
k'is wi' teqa'n qaaj.	k'is wi' taq @@a'n qaaj
Ke ke weno,	ke ke weno
ta' wetaam in,	ta' wat @@eem iin
wa at ajiyoom chuch.	we aat aj @@iyoom chuch
Aya dyoos,	aay dyoos
noo tempwersijí ka',	noo (tempwersijí) ka'
tempwrsiji'n,	t @@???
b'antaj wuka,	b'an @@taj (wuka)
ri tb'e maq welk'uaal chaq' jaa,	ri ti @@b'e maq ??? chaq' jaa
i pyor lo lojori,	i pu @@??? lo laj'ori
pok chaq kaar taj taq,	pok chaq karo taj ti @@taq
kaar chaq ta taq,	karo chaq ta' taq
i jeqelon li,	i jeqelon li
i k'ur jwichaq,	i k'ur j @@wich
mojoor tinb'an jwers,	(mojoor) t @@in @@b'an (jwers)
tinb'an jwers re chaq,	t @@in @@b'an j @@w @@??? r @@e chaq
Ji tz'eti'n.	jii' (tz'eti'n)
Ji' k'ur jwichaq jono saq'órb'.	jii' ??? ??? jono ???
Lat'ijme taq wu',	??? taq ???
i no aay mas,	i noo ay maas
mejor tenb'an jwers re chaq,	mejor t @@in @@b'an jwers r @@e chaq
tenb'an jwers re chaq,	ti @@in @@b'an j @@w @@??? r @@e chaq
jika'lon li qaaj.	(jika'lon) li qaaj
Ini' wetaami tinb'it raq ak'el,	in @@in (wetaami) t @@in @@b'it yaq a @@k'el
wetaami' tin b'it ék'el qaaj,	w @@(taami') t @@iin b'it ák'el qaaj
Si wetasmi'n,	si' w @@(etasmi'n)
tin b'it jja' raq ék'el,	t @@iin b'it (jja') yaq ák'el
ri' li si wetaam.	ri' li si' w @@etaam
Mens ójr si inkwini' chi jkunajk ék'el,	mens ójor si' in @@??? chi j @@kuna @@k j @@ák'el
tijta taq chi' ánm,	ti @@j @@??? taq chi' ánim
tormaj ja' la jchi' aq,	(tormaj) ja' laj j @@chi' aq
tormaj ja' ralaj aq,	(tormaj) ja' r @@(alaj) aq
wetaam tinkunaj taq.	w @@etaam ti @@in @@kun @@aj taq
Per lajori ya no qaaj.	peer lijori ya noo qaaj
Ta chi ta'an.	ta' chi ti @@b'an
Ya no' ta chi'n	ya no' ta' (chi'n)
ta' chi ki'n,	ta' chi (ki'n)
puroment xichaq tinb'it ra ja'aq,	(puroment) (xichaq) ti @@in @@b'it ra j @@a @@???
si inkwini'n,	si' in @@(kwini'n)
inkwini'n,	in @@(kwini'n)
inkuwini'n qaaj.	in @@(kuwini'n) qaaj
I tikuxtaj inwi'lin chuch Liya,	i t @@kuxta @@aj in @@wi'l @@iin chuch Li'y
wi' krtyaan tij koj taq tre keq pyeeq',	wi' kirtyaan tij koj taq tre keq piiq'
kon tisipoj jmux trel ék'el,	kuando ti @@sipoj j @@m @@(ux) (trel) (ék'el)
¿nek'u jcholaj li?	(nek'u) j @@cholaj li
Te sipoj raj mu'xaq,	??? sipoj r @@aj mu' @@xaq
per ri' nika' li tijb'ij taq qaaj,	peer ri' nika' li tijb'ij taq qaaj
Ti ch'iqiiq trel ék'el tb'ij taq.	ti ch @@ák'el trel ék'el t @@b'ij taq
Per ri nika' li	peer ri nika' li
Kon tb'i rile' jun ra ák'al.	kon t @@b'ik (rile') jun ra ák'el
Ji' ri li pujiiy	jii' ri li (pujiiy)
teche' taq re.	t @@che' taq r @@e
Ji' rika' lon li qaaj,	jii' (rika') (lon) li qaaj
ri' li che'.	ri' li che'
Jika' lon jcholaajl li tijb'ij taq,	jii' @@ka' li @@on j @@cholaaj @@l li (tijb'ij) taq
Ri' jcholajl li.	ri' j @@cholaj @@l li
Ri' jcholaajl li qaaj,	ri' j @@cholaaj @@l li qaaj
ji'.	jii'
Si	si'
no re maq kwalkyer chi' ánm	noo r @@e maq kwalkyer chi' ánim
ma ma ji' ta' lon tren ék'el re.	ma ma jii' ta' (lon) t @@r @@en ák'el r @@e
¡Aa noo!	aa noo
Noo i maq eywaal tamb'yeen,	noo i maq eywaal tambyeen
il xan jun ra ák'al,	il x @@b'an jun ra ák'el
xan iywal jchuuch	x @@b'an eywaal j @@chuuch
yameer xkam ra ák'el.	yameer x @@kam ra ák'el
I amer xkam ra ék'el,	i yameer x @@kam ra ák'el
re ri iywal,	r @@e ri eywaal
ri iywaal xtij laj tu'.	ri eywaal x @@tij laj tu'
Jii',	jii'
jwi'l man iywaal xtij laj tu'.	j @@wi'l man eywaal x @@tij laj tu'
Jikalon ti jb'ij taq tantaaw.	(jikalon) (ti) j @@b'ij taq (tantaaw)
Ji' ka' lon tijb'ij taq qaaj,	jii' ka' li (tijb'ij) taq qaaj
ri' li jcholaaj,	ri' li j @@cholaaj
ri' li jcholaaj.	ri' li j @@cholaaj
ee nen tiqaye re,	e neen t @@qa @@ye' r @@e
re mansaniiy,	re mansaniil
mansaniiy pech re req	mansaniil pech re req
mansanilla pech ra alwiin.	mansaniil pech ra alwiin
Jii',	jii'
qatzak jun ra manooj ra alwiin mansaniiy,	qa @@tzak jun ra manooj ra alwiin mansaniil
ri qe li tin ye' in rechaq,	ri qe li t @@iin ye' iin rechaq
ri qe li tijtij taq,	ri qe li (tijtij) taq
ri qe li tijtij taq qaaj.	ri qe li (tijtij) taq qaaj
Ri qe li tijtij taq,	ri qe li (tijtij) taq
ri qa li re.	ri qe li re
¿Kita' ayuwab' tak'am b'i li ospitaal entonses?	ki @@ta' @@a' a @@yuwaab' ti @@k'am b'ik li ospitaal entoons
Noo, no' nuuk taat,	noo no' nuunk taat
no' naad ta'n ta'n qaaj.	no' nada ta'n ta'n qaaj
naq tziib' teqa,	na @@aq tzib' taq @@a'
je qe lon ri,	jii' qe li @@on ri
ji'n naq tzib' teqa	jii'n na @@aq tzib' taq @@a'
je' qe lon ri qaaj,	jii' qe li @@on ri qaaj
jii' naq tzib' teqa,	jii' na @@aq tzib' taq @@a'
je qe lon ri,	jii' qe li @@on ri
jika' li qaaj.	jii' @@ka' li qaaj
Ri li.	ri li
¿I jurub' awi'aam wi' lajori juntiir?	i juruub' aw @@imaam wi' laj'ori juntiir
Ay dyos taat,	ay dyoos taat
wi'maam in taat,	w @@imaam iin taat
si ma ajlal ta'n k'ii tqa'n.	si' ma ajla @@l ta'n k'ii taq @@aq @@a'n
Ay dyos k'ii teqa'n.	ay dyoos k'ii taq @@a'n
I juntiir at atb'itow naq.	i juntiir aat at @@b'it @@ow na @@aq
Ini'n,	iin @@i'n
ini'n qaaj,	iin @@i'n qaaj
ini'n	iin @@i'n
jun wuk'laal,	jun w @@ik'laal
li k'eche'laaj,	li (k'eche'laaj)
Si apart li.	si' apart li
Jii apart rechaq li kla',	jii' apart rechaq li kla'
ri maq neri,	ri maq niri
dyos juntiir,	dyoos juntiir
juntiir,	juntiir
juntiir k'is wi chaq maq wi'jmaam,	juntiir k'is wi' chaq maq (wi'jmaam)
enteer taq kirtyan taq taq chaq,	enteer taq kirtyaan taq taq chaq
juntiir in inilb'enaq rechaq,	juntiir iin in @@ilb'e @@naq rechaq
ji',	jii'
ini'n qaaj,	iin @@i'n qaaj
ini'n,	iin @@i'n
ini'n,	iin @@i'n
ri' li ri inchaak in.	ri' li ri in @@chaak iin
¿I juntiiri' k'aslemaal chuch Liiy,	i juntiir @@i' k'aslem @@aal chuch Liiy
ri b'elejeb' iik'	ri b'elej @@eeb' iik'
o nik'j tiq'ax	o' nik' @@j ti @@q'ax
o wi' ta' titaawk?	o' wi' ta' t @@taaw @@ik
Aa wi',	aa wi'
wi' tib'ij te' taat.	wi' ti @@b'ij ta' @@e' taat
A wi',	aa wi'
wi' kab'aal tib'ijte',	wi' kabaal t @@b'ik
kab'aal tijb'jte'.	kabaal (tijb'jte')
Kapne' kond oj,	(kapne') kwaand ooj
kond tjqalaj b'i chi riij qatiit'.	kwaand (tjqalaj) b'ik chi r @@iij qa @@tiit'
Eso es.	eso es
Ri moon jb'aniik iik',	ri mood j @@b'an @@ik iik'
ji' iik' tik'isi' juun,	jii' iik' ti @@k'isi' juun
kab'aal tjb'ijtzaqe,	kabaal (tjb'ijtzaqe)
kab'aal tb'ijtzaqe qaaj,	kabaal (tb'ijtzaqe) qaaj
xiq tinta in,	xaq (tinta) iin
abes tijb'ij,	abeses (tijb'ij)
pwes am rechaq trajlaj taq chi riij rajb'al iik',	pwees am rechaq (trajlaj) taq chi r @@iij (rajb'al) iik'
i mism ti b'i jtzaqe	i miim ti b'ik (jtzaqe)
che'.	cha'
B'ijtzaqe' mism,	(b'ijtzaqe') miim
jii' b'ijtzaqe,	jii' (b'ijtzaqe)
tika' chi' teqa'n,	(tika') chi' taq @@a'n
ti b'i jtzaqe	ti b'ik (jtzaqe)
tika' chi' teqa'n,	(tika') chi taq @@a'n
per ri k'u li	peer ri k'u li
jiloon wein li,	jilon w @@e @@iin li
ch rij ch rij iik',	ch r @@ij ch r @@ij iik'
kab'al tb'i jye',	kab'al t @@b'ik j @@ye'
kab'al tb'i jye',	kab'al t @@b'ik j @@ye'
jii kab'al tb'i jye'.	jii' kab'al t @@b'ik j @@ye'
Jika' li qaaj,	ji' @@ka' li qaaj
rika' li.	ri @@ka' li
t'el chuch iik'	(t'el) chuch iik'
o yaaj q'iij?	o' yaaj q'iij
Wi',	wi'
wi',	wi'
awaas tika' utzaji'n,	awaas tik @@a' utzá @@j @@i'n
ri teel jun chuch iik',	ri ti @@el jun chuch iik'
te'l ne' chuch q'iij	ti @@el ne' chuch q'iij
Awaasi'n tika utzaji'n qaaj,	awaas @@i'n ??? utzá @@j @@i'n qaaj
per tz'et nika' li	peer tz'et ni @@ka' li
jun taq bwelt,	jun taq bweelt
por ke tik'asi' raq ék'el	por ke ti @@k'isi' yaq ák'el
empediid taq.	empediid taq
Jii' tz'eti'n.	jii' (tz'eti'n)
Jiin tk'asi' raq ék'el empediid taq, ri k'u rawaasl li qaaj, ri' rawasl li tika' utzaji'n,	Jiin t @@k'isi' yaq ák'el empediid taq ri k'u r @@awaas @@l li qaaj ri' r @@awaas @@l li ??? utzá @@j @@i'n
per kond jun tijtaaw,	peer kwand jun t @@j @@ta' @@aa @@w
per kon jun mta' tijtaaw ta' looq'.	peer kwaand jun m @@ta' ti @@j @@ta' @@aa @@w ta' looq'
Jii' ta' tijtaaw.	jii' ta' ti @@j @@ta' @@aa @@w
re trel jwiich re ék'el impediid,	re (trel) j @@wiich re ák'el empediid
jii' rika' li qaaj,	jii' (rika') li qaaj
wi' rawaas iik',	wi' r @@awaas iik'
wi' rawaas q'iij,	wi' r @@awaas q'iij
tatin iik',	ti @@atin iik'
tatin q'iij,	ti @@atin q'iij
awaas te'l jun chuch	awaas ti @@el jun chuch
tika utzaji'n,	??? utzá @@j @@i'n
peroo.	peer
Si tz'eti'n	si' (tz'eti'n)
jilon tib'isaj ójr.	jilon t @@(ib'isaj) ójor
Wi' jun tijta jcholaajel,	wi' jun t @@j @@ta' j @@cholaaj @@el
Si tz'eti'n.	si' (tz'eti'n)
Jika' li qaaj.	jii' @@ka' li qaaj
ri' li jcholaaj,	ri' li j @@cholaaj
ri' ka'li jcholaaj qaaj,	ri' (ka'li) j @@cholaaj qaaj
ri' jcholaaj.	ri' j @@cholaaj
¿Pero awe at taq chuch Liya,	peer aw @@e aat taq chuch Li'y
kita' ta' xwa'x akirneer ataq,	kita' ta x @@wa'x a @@kirneer ataq
akwa'yaq o wákix	a @@kwa'y @@aq o' wakix
awk'ilaq kwando xatosáyb'aq,	aw @@k'il @@aq kwaand (xatosáyb'aq)
xat kan el taq awk'anaq?	x @@aat kan el taq (awk'anaq)
Xwa'xi'n,	x @@wa'x @@i'n
xwa'xi'n taat,	x @@wa'x @@i'n taat
xwa'xi' kijeb' qawákix,	x @@wa'x @@i'n kijeb' qa @@wakix
naq xwa'x kwand la' xoj eel qk'aan,	na @@aq x @@wa'x kwand la' xoj el q @@???
si kijeeb' qawákix xwa'x,	si' kijeb' qa @@wakix x @@wa'x
xwa'xi'n,	x @@wa'x @@i'n
xq'ununi' qawákx,	x @@q'unun @@i'n qa @@wakix
xkan ye'saj qawákix jwi'l k'atzan wálb'.	x @@kan ye' @@sáj qa @@wakix j @@wi'l k'atzaan w @@álib'
Tos xnaq xq'unuun qáwuj.	entoons x @@na @@aq x @@q'unun q @@awaaj
Entoses xwa'x na,	entoons @@es x @@wa'x na
ri' kond ri kirneer,	ri' kwaand ri kirneer
tambyen wi' qakerneera.	tambyeen wi' qa @@kirneer
Bay kirneer	baa kirneer
xinwil na in na.	Cxinwil) na iin na
Ji'.	jii'
kerneer wi' qakerneer,	kirneer wi' qa @@kirneer
kon xk'uli' maq ék'el,	kwaand x @@k'uli' maq ák'el
maq ánm,	maq ánim
juntiir naq xe'taq,	juntiir na @@aq x @@b'e @@taq
Xsach jwichaq.	x @@sach j @@wich @@aq
sach jwich ra qawaj,	sach j @@wich ra (qawaj)
sach jwichaq	sach j @@wich @@aq
kom ta chi ki' nen tiyuq'un taq,	koom ta' chi ki' nen ti @@yuq' @@un taq
ta ch ki nen tiyuq'un taq,	ta' ch ki nen ti @@yuq' @@un taq
ri' li qaaj.	ri' li qaaj
B'a li,	??? li
ta' chi ki'n,	ta' chi ke @@i'n
ta' chi ki'n,	ta' chi ke @@i'n
kom wein kasi solo ánm taq wk'laal,	koom w @@e @@iin kasi sol ánim taq w @@ik'laal
re chi xaq re kiib' wunaq,	re chi xaq re kiib' wunaq
xaq wk'laal yaj Juli,	xaq w @@ik'laal yaj julio
yaj Miguel,	yaj Miguel
Si tz'eti'n.	si' (tz'eti'n)
Kiib' qe wunaq li,	kiib' qe wunaq li
kiib' qe wunaq li qaaj,	kiib' qe wunaq li qaaj
ri qe li.	ri qe li
I kond naq xk'uli' ánm,	i kwand na @@aq x @@k'uli' ánim
e xkaan kib' wunaq,	e x @@kan kiib' wunaq
ee ta' chi'n,	e ta' ch @@i'n
ta' chi' nen teqa taq,	ta' chi nen (teqa) taq
ta' chi' nen teqa taq,	ta' chi' nen (teqa) taq
i je qelon li	i jii' (qelon) li
xqasach jwiich s taq awaj,	x @@??? j @@wiich sik' aq awaj
ji qe loon li	jii' qe li @@on li
xsaach jwiich r aq awaaj,	x @@saach j @@wiich sik' taq awaj
sach jwiich r aq awaj,	sach j @@wiich sik' taq awaj
ri' li qaaj.	ri' li qaaj
I re'.	i re
Jii'.	jii'
¿I re ab'o'j chuch chuch Liya,	i re a @@b'o'j chuch chuch Li'y
nem b'i re k'is qleen awe ta koj,	neen b'iij re k'is qleen aw @@ee ta koj
¿xasacha' jwiich?	??? j @@wiich
Ta' chiki'n,	ta' chik @@i'n
ta' chiki'n,	ta' chik @@i'n
A tz'ólm	a tz'olom
b'alche'.	b'alche'
Wii',	wi'
wii' in b'olchee',	wi' in b'alche'
wi' inpiiq',	wi' in @@piiq'
wi' intz'ólm,	wi' tz'olom
wi' intz'olm rech inmoolt,	wi' (intz'olm) r @@ech moolt
Per ta chi' tan.	peer ta' chi tan
Ta' chiki'n,	ta' chik @@i'n
ta' chiki'n b'anal inwi'l lajori qaaj,	ta' chik @@i'n b'an @@aal in @@wi'l laj'ori qaaj
ta' chi' b'anal inwii'l,	ta' chi' b'an @@aal in @@wi'l
ta' chi' qleen b'anal inwi'l,	ta' chi' qleen b'an @@aal in @@wii'l
ta' chi'n qaaj,	ta' chi @@i'n qaaj
ta' chi',	ta' chi
ta' chi',	ta' chi
ta' chi' b'anol inwii'l,	ta' chi b'an @@ool in @@wi'l
b'ane' li wat tench'ijtena jb'aniik,	(b'ane') li wat (tench'ijtena) j @@b'an @@iik
tinb'an chik,	ti @@in @@b'an chik
per ruk' ree ta' chiki' tnch'ij,	peer ruk' r @@e ta' chik @@i'n ???
ta' chi' tanch'iij qaaj.	ta' chi (tanch'iij) qaaj
Ri' yajeel.	ri' yaj @@eel
Ta'chki' tinch'iij,	ta' @@ch @@ik @@i' ???
ta'chki' tanch'ij qaaj,	ta' @@ch @@ik @@i' ??? qaaj
ri' yajeel,	ri' yaj @@eel
yajeel,	yaj @@eel
yajeel xook ta' chi mood.	yaj @@eel x @@ok ta' chi mood
Ta'chiki' taq'i' chaak.	ta' @@ch @@ik @@i' ti @@q'i' chaak
Ji',	jii'
ta' chiki' tenq'i' jchapiik,	ta' chik @@i' t @@in @@q'i' j @@chap @@iik
ta' chi' tinch'ij chaak,	ta chi (tinch'ij) chaak
per tiq'oxowi' wiij,	peer ti @@q'oxow @@i'n ???
k'exi'n,	k'ex @@i'n
k'exi'n qaaj.	k'ex @@i'n qaaj
I no oj chaq q'oxówk,	i noo ooj chaq q'oxów @@ik
Oj chaq q'oxówk.	ooj chaq q'oxów @@ik
ya ta' chi' teqach'iij tiwik'aajin,	ya ta chi (teqach'iij) (tiwik'aajin)
ya noo,	ya noo
kine' maas oj rii'j ri tamb'iijin	(kine') maas ooj ri'j ri (tamb'iijin)
per ta' looq'.	peer ta' looq'
No ta' looq' chuuch. Ta looq' tuwk'aajiin,	noo ta' looq' chuuch ta' looq' (tuwk'aajiin)
il sik' wchelkaan Liije	il sik' w @@echelka'n Liij
xkámi b'ik,	x @@kam @@i'n b'ik
ri' li qas nab'ee alib'xeel.	ri' li qas nab'ee (alib'xeel)
¡Aa ri' li!	aa ri' li
Ri' li qas nab'ee alib'xeel.	ri' li qas nab'ee (alib'xeel)
Ri' li nab'ee alib'xeel,	ri' li nab'ee (alib'xeel)
sik' wechelka'n li	sik' w @@echelka'n li
kond la' xintaawin la jrchooch wálb',	kwand la' (xintaawin) la (jrchooch) w @@álib'
Komo no.	koom noo
Ri' nab'ee alib'xel re li,	ri' nab'ee (alib'xel) re li
ri' li wi' rk'ilaq wálb' kwand xintaawin.	ri' li wi' r @@k'il @@aq w @@alib' kwand (xintaawin)
¡A! wi chaq la jaa xat taw aat.	a wi' chaq la jaa x @@aat taw aat
Wi' chaq,	wi' chaq
wi' chaq qaaj,	wi' chaq qaaj
mat tres aañ tawiik tantain	mat tres año taw @@iik (tantain)
kwan xintaw chi in.	kwand (xintaw) chi iin
Jii',	jii'
ri' li qaaj,	ri' li qaaj
ri' li nab'ee alib'xeel re li.	ri' li nab'ee (alib'xeel) re li
Lajori xkami'n.	laj'ori x @@kam @@i'n
Xkami re',	x @@kam @@i' ???
poowr xkaami re' qaaj,	pobre x @@kam @@i'n re qaaj
jmak ta' li	j @@maak ta' li
ri'jib'ik ptaq niikj li xook re.	ri'j @@ib' @@ik pu @@taq ??? li x @@ok re
por ke oj rijab'i'n.	por ke ooj ri'j @@ab' @@i'n
Rijob'iik chaq li,	ri'j @@ob' @@iik chaq li
oj rija'b'i'n qaaj,	ooj (rija'b'i'n) qaaj
t'oki' qayaaj,	(t'oki') qa @@yaj
t'ok qayaaj qaaj,	(t'ok) qa @@yaj qaaj
ri' li qaaj,	ri' li qaaj
xaq li ri impalaabr,	xaq li ri in @@palaabr
naq xinb'iij.	na @@aq (xinb'iij)
Ay dyoos.	ay dyoos
Xaq li inyólj.	xaq li in @@yol
K'omoo chawe chuuch.	koom (chawe) chuuch
Ji' qaaj ri' li inyólj,	jii' qaaj ri' li (inyólj)
ri' li ri b'anol pasaar qawi'l.	ri' li ri b'an @@ool pasar qa @@wi'l
Pero k'omo chawe,	peer k'omo (chawe)
xayol júnktz	(xayol) jun @@kiitz
loke xawil,	loke (xawil)
loke xataw ójr taq tziij	loke (xataw) ójor taq tziij
kwando at ék'el na.	kwaand aat ák'el na
Ri pur k'echelaj juntiir lugar li.	ri puro (k'echelaj) juntiir luwar li
K'echelaaji'n taat,	(k'echelaaji'n) taat
¡Ay! dyo's	ay dyoos
li loq'laaj muund li,	li (loq'laaj) muund li
dyo's t'el montaañ li neri	dyoos t @@el montaañ li niri
chi' loom li,	chi' loom li
¡ay dyos!	ay dyoos
Li k'iche'laaj li,	li k'iche'l @@aaj li
Kita' b'anikt	ki @@ta' @@a' (b'anikt)
lajori pur chaq saq.	laj'ori puro chaq saq
¡Aay noo!	aay noo
ri juntiir loq'laj taq luwaar li,	ri juntiir loq'laj taq luwar li
puur montaañ li	puro montaañ li
juntiir li.	juntiir li
Jii' juntiir li.	jii' juntiir li
Asyaq pur naqaj.	a @@sii' @@aq puro naqaaj
¡Aay dyos!	aay dyoos
nen chi'n taat,	neen ch @@i'n taat
tiq qab'iit raq sii',	tiq qa @@b'it yaq sii'
tiq qab'iit raq chee',	tiq qa @@b'it yaq chee'
¡Dyoos!	dyoos
li chee',	li chee'
ketaant taat,	ke @@taant taat
¡ay dyoos!	ay dyoos
q'uraam taq che'	q'uraam taq che'
b'it qe,	b'it qe
k'am qe.	k'am qe
Li m aat b'ee li sii',	li ma aat b'e li sii'
naaj ta' atb'e'w.	naj ta' at @@b'ee @@w
Nen chi'	neen chi
wi' u k'u sii' chuch aq kúurs,	wi' u k'u sii' chuch taq kurs
ji' chuch aq kúurs	jii' chuch taq kurs
wi' sii',	wi' sii'
puur lajori taat	puro laj'ori taat
la tpee chíkw'	la t @@pet chíkw'
wi' chee',	wi' chee'
wi chee',	wi' chee'
wi' chaj chi' swaan,	wi' chaj chi swaan
wi' chaj,	wi' chaj
wi' raq kow chee'.	wi' yaq kow chee'
K'is wi' chi rqan ja'.	k'is wi' chi naj ja'
Aj taqal na li.	aj taqal na li
Aj taqali'n taat	aj taqali'n taat
per lojori la' ojok chíkw'.	peer laj'ori la' oj @@ok chíkw
Ta chi la mas.	ta' chi la maas
Aa ya no ta' chi'n taat,	a ya noo ta ch @@i'n taat
ta' chi ki'n,	ta' chi ke @@i'n
ya estuuw lajori ya no.	ya estuuw laj'ori ya noo
Tos xawil taq na li	entoons xawil taq na li
kita' rájw juntir luwaar li.	ki @@ta' @@a'n r @@ájw juntiir luwar li
¡Ay dyoos!	ay dyoos
xwila'n taat,	(xwila'n) taat
oj neri xaq oj,	ooj niri xaq ooj
xaq jun chi jaa ri xb'ansaj neri.	xaq jun chi jaa ri x @@b'an @@sáj niri
(liw) wich táq'aj li,	(liw) wich táq'aj li
ri lamaas man jaa	ri lamaas man jaa
man moos.	man moos
I qechi' li,	i q @@ech @@i'n li
lamaas wí'w jun jaa,	lamaas w @@??? @@w jun jaa
Sool kom ta wila'n taat,	sool koom taat (wila'n) taat
wi' rejwex ch qe	wi' rajwéxik chi qe
i xqak'ayej	i x @@qa @@k'aayej
la jq'aab' man wechaam	laj j @@q'ab' man w @@echaam
Toor Mends,	Toor Méndez
xqab'iij oj	(xqab'iij) ooj
ta' tikoj kirtyaan ajweraan la jqaxo'l,	ta' ti @@koj kirtyaan a @@jweraan la (jqaxo'l)
tos xk'ayeej	entoons x @@k'aay @@eej
la jq'aab' man wechaam Toor Mends xqab'an,	la j @@q'ab' man w @@echaam Toor Méndez x @@qa @@b'an
i keske re jalaan kertyaan mosiib' xkan jkoje' chuuch,	i keske re jalaan kirtyaan mosiib' x @@kan j @@koj @@e' chuuch
jii'.	jii'
Aay ke lastima.	aay ke lastima
Ri li xkan el li,	ri li x @@kan el li
si no no li qe chi,	si' noo noo li qe chi
qe chi luwaar	qe chi luwar
taw ast ch Manuel Saqb'iin,	taw asta chi Manuel Saqb'iin
qe chi li juntiir li.	qe chi li juntiir li
A ri neri jamali' ójr taat	a ri niri (jamali') ójor taat
jamali'n,	jam @@al @@i'n
lajori	laj'ori
¡aay dyos!	ay dyoos
nen chiki',	neen chik @@i'
la chiki' oj ok chikwu'.	la chik @@i' ooj ok ???
Xiq únik jaa ri.	xiq únik jaa ri
Xeq jaa,	xeq jaa
xaq jun jaa ri,	xaq jun jaa ri
xaq jun jaa ri,	xaq jun jaa ri
xaq jun jaa ri,	xaq jun jaa ri
wi' jaa chik b'ik li,	wi' jaa chik b'ik li
tzan tzan Páwl Siik'.	k'atzaan k'atzaan Páwl Siik'
Ji ji chi.	jii' jii' chi
Eesti ji li chik b'i	(eesti) ji' li chik b'ik
riij loom li wi'w,	??? loom li wi' @@w
jii'	jii'
i richooch k'atzan ta Keel Errere,	i r @@ichooch k'atzaan tata' keel Errere
xaq man jaa li	xaq man jaa li
wi' wk'u neri miism.	wi' w @@k'u niri miim
Jin wi k'u ji ri.	jin wi' k'u jii' ri
Ees wes,	ese wes
xaq li ri jaa wi' kla',	xaq li ri jaa wi' kla'
Eso.	eso
Ees ri' li jaa wi kla'.	eso ri' li jaa wi' kla'
jali b'i ch'aqap ja' wi'w,	jli b'ik ch'iqaap ja' wi' @@w
jii',	jii'
per neri purment qek'an oj wooj neri.	peer niri puramente (qek'an) ooj w @@ooj niri
I rechoochaq re k'atzan taq krestyaan	i r @@ichooch @@aq re k'atzaan taq kirtyaan
Keel Chiik tijb'ij taq re,	keel Chiik (tijb'ij) taq re
jqaaj jchuuch tzen Keel Chiik	j @@qaaj j @@chuuch k'atzaan keel Chiik
per ji li'.	peer jii' li
Ji li chi b'i re'.	jii' li chi b'ik re
Ji li chi b'i wi'w,	jii' li chi b'ik wi' @@w
jii.	jii'
Keer dsiir jamali juntiir uleew ri.	keer desir jam @@al @@i'n juntiir uleew ri
jamali'n taat,	jam @@al @@i'n taat
jamali'n,	jam @@al @@i'n
¡ay dyos!	ay dyoos
loq'laj taq luwaar ri jamali',	loq'laj taq luwar ri jam @@al @@i'n
ri niim nim jluwur k'atzan wálb',	ri nim nim j @@luwar k'atzaan w @@álib'
ójr niim	ójor nim
ri xkan jye' chqe,	ri x @@kan j @@ye' (chqe)
i tos rik' qeoj chik xqaloq' chik	i entoons (rik') (qeoj) chik x @@qa @@loq' chik
rik'i Cheent Delgaad,	r @@ik'il Bisente Delgaad
ri loq'an chaq	ri loq'a chaq
jun ra re k'eer li qawi'l,	jun ra re k'eer li qa @@wi'l
xkan qak'ayeej chik.	x @@kan qa @@k'ay @@eej chik
Xqaloq' chaq li,	x @@qa @@loq' chaq li
loq'an chaq la jq'aab' tzan Cheent Delgaad,	loq'a @@na chaq laj j @@q'aab' k'atzaan Bisente Delgaad
rech Cheet Delgaad ri neri.	r @@ech Bisente Delgaad ri niri
Antoos ril Cheent Delgaad,	antonses ril Bisente Delgaad
chiki tiyuq'un qawákix kla',	chik @@i' t @@yuq' @@un qa @@wakix kla'
tos xpet	entoons x @@pet
Cheent Delgaad xiij:	Bisente Delgaad xiij
tos tayuq' awáwj kla'	entoons ti @@yuq' aw @@awaj kla'
tos lajori,	entoons laj'ori
ten k'ayeeji'n.	tan k'aay @@eej @@i'n
Tos tan k'ayeej.	entoons tan k'aay @@eej
Antos tab'yen,	antonses (tab'yen)
kom ta' wila' qapersoono ójr,	koom ta' wila' qa @@personas ójor
santil taq kirtyaan qatilmiit,	sant @@il taq kirtyaan qa @@tilmiit
jii',	jii'
tos xyuq jb'iij che qee,	entoons x @@yuq (jb'iij) chi q @@e
legal ke tekan jk'ayeej,	legal ke ti @@kan j @@k'ayeej
jamb'an loq'iik li xqab'an,	(jamb'an) loq' @@ik li x @@qa @@b'an
nen chiki'n,	neen chik @@i'n
pok tene' kaar ree xqayeew taat,	pok tene' karo r @@e (xqayeew) taat
stentisinko ketzaal xqaye'w,	setentisinko ketzales x @@qa @@ye' @@w
tentisinko ketzaal xqaye'w,	setentisinko ketzales x @@qa @@ye' @@w
jun niim la jpwaq qi're'.	jun nim laj j @@pwaq (qi're')
Pero jun nim la jpwaq qi're'.	peer jun nim laj j @@pwaq (qi're')
niim la jpwaq qi're taat,	nim laj j @@pwaq (qi're) taat
wákx re' xqak'ayeej,	wakix re x @@qa @@k'aay @@eej
waakx.	wakix
Wákx xak'ayej taq.	wakix (xak'ayej) taq
Wákx xqak'ayeej,	wakix x @@qa @@k'ay @@eej
xqaloq'b'eej ree luwaar li.	x @@qa @@loq' @@b' @@eej r @@e luwar li
Bay por ees li,	baa por eso li
wi' taq maq wuk'laal li,	wi' taq maq w @@ik'laal li
wi' taq maq wuk'laal li,	wi' taq maq w @@ik'laal li
wi' teqa ji li b'iik,	wi' taq @@a' ji' li b'ik
(jun) maas man Jose,	jun maas man José
kli ree chi man wuk'laal ma Miguel li,	kli r @@e chi man w @@ik'laal ma Miguel li
ree ch ma wuk'laal ma Miguel,	r @@e ch man w @@ik'laal ma Miguel
i kom ri ree,	i koom ri r @@e
bay tos xpe chik,	baa entoons x @@pet chik
jaan intoq'b'sa chik jwiich,	jaan (intoq'b'sa) chik j @@wiich
xinye' chik ree nik'aj k'aam ree kli.	x @@in @@ye' chik r @@e nik'aj k'aam r @@e kli
Pr est wi' ri richooch kli,	por est wi' ri r @@ichooch kli
s no' ree li ta' chi' jraasn.	si no' r @@e li ta' chi' j @@rásn
Tonses loq'om taq lwaar	entoons loq' @@oom taq luwar
puka' awi'laq ójr.	(puka') a @@wi'l @@aq ójor
Loq'om luwaari'n taat,	loq' @@oom luwar @@i'n taat
loq'om luwaari' li,	loq' @@oom luwar @@i' li
loq'om luwaar luwaar li.	loq' @@oom luwar luwar li
Xe' jelii juntiir li taaw chi Manuel Saqb'iin,	xe' jili juntiir li taaw chi Manuel Saqb'iin
loq'om luwaar,	loq' @@oom luwar
pe ri kwand xojchep k'eex,	peer ri kwand x @@oj @@chap k'eex
xkan qak'ayeej chik	x @@kan qa @@k'ayeej chik
jun k'eer ri il.	jun k'eer ri il
Si no no li qee chi'n	si noo noo li q @@e chi @@i'n
wet mat xqak'ayeej.	wat mat x @@qa @@k'aay @@eej
Mat xak'ayej taq na.	mat (xak'ayej) taq na
Tika' awila' man qarajuwexik,	??? aw @@il @@a' man qa @@rejwex
man qarajuwexik taat,	man qa @@rejwex taat
jii',	jii'
man qarajuwexik oj ruqtaaj.	man qa @@rejwex oj r @@uq @@taq @@aaj
Ji qe loon li	jii' qe loon li
xqan qak'ayej chik,	x @@kan qa @@k'ayeej chik
jii',	jii'
xqan qak'ayeej chik,	x @@kan qa @@k'ayeej chik
ji' qe jiloon	ji' qe jilon
ma qee ch ta' chiki'n,	ma q @@e ch ta' chik @@i'n
si no li qee chi'n.	si noo li q @@e chi @@i'n
¿I jurub' junab' jkamik k'atzan qaqaaj Marseed lajori?	i jurub' junaab' j @@kam @@ik k'atzaan waqaq @@aaj Merseed lajori
Re re lajori taat,	re re lajori taat
mat qaqeel re xk'isa' kins aañ,	mat taqé @@eel re x @@k'is @@a' kins año
xmaja' diesiseys aañ.	x @@maj @@a' dyesiseys año
Xmaja' dyesiseys aañ jb'iik,	x @@maj @@a' dyesiseys año j @@b'ik
jii',	jii'
ya k'isa' kins aañ	ya k'is @@a' kins año
majal dyesiseys aañ jwi'l.	maj @@ál dyesiseys año j @@wi'l
Ji qe loon qab'iik.	jii' qe ??? qa @@b'ik
Xkaam qaloon qab'iik ri taat,	x @@kam ??? qa @@b'ik ri taat
qaloon qab'iik ri,	??? qa @@b'ik ri
komo tqab'iij ri,	koom taq @@b'iij ri
il qe oj ojchaq jwers,	il qe ooj oj @@chaq pwers
ya ta chi naaj ri wooj.	ya ta' chi' naj ri w @@ooj
Ta chi naaj ri wooj,	ta' chi naj ri w @@ooj
no tz'eeti'n.	noo (tz'eeti'n)
Ta' chi naj ri wooj,	ta' chi naj ri w @@oj
ta chi' naj ri taat.	ta' chi' naj ri taat
Oj b'i ri,	oj b'ik ri
oj b'i ri qaaj,	ooj b'ik ri qaaj
oj b'i ri,	oj b'ik ri
ta chi naj ri yo'lkooj,	ta' chi naj ri (yo'lkooj)
oj b'i ri per neen tqab'an.	ooj b'ik ri per neen ti @@qa @@b'an
No nen teqab'an	noo neen ti @@qa @@b'an
taw qatyemp.	taw qa @@tyeemp
Neen tqab'an taw qaoor	neen @@en ti @@qa @@b'an taw qa @@oor
chuuch qaqaaj Dyoos,	chuuch qa @@qaaj Dyoos
oj ka' b'i re',	oj ka' b'ik re
per neen tqab'an chik taat.	per neen ti @@qa @@b'an chik taat
Tz'eti'n chuuch.	tz'eet @@i'n chuuch
Jii' qaaj,	jii' qaaj
ri qe li taat,	ri qe li taat
Segun loke ta'l inwi'l iin.	segun loke ta'l in @@wi'l iin
jun ra wunaq titik k'ux re, re ltiyempo re sa'j.	jun ra wunaq ti @@tik k'ux re re l @@tiyempo re sá'j
I kwando, kwando b'esel,	i kwando kwaand b'esel
cha'.	cha'
B'esel, xe' lij,	b'esel xe' li @@j
xe' li k'echelaaj.	xe' li k'ichelaaj
Tijk'amech' k'ux re jtiyempo sa'j,	ti @@j @@k'ame @@ch' k'ux re j @@tiyempo sa'j
tipet.	ti @@pet
I tyu', tyu' chi rchoch tijtij tra k'ux,	i t @@yu' t @@yu' chi r @@chooch ti @@j @@tij tra k'ux
cha'.	cha'
I baa tijtij k'ux.	i baa ti @@j @@tij k'ux
I despwes kabal xk'ul ra ék'el,	i despwes kabal x @@k'ul ra ák'el
cha',	cha'
xiij re cha'.	x @@iij re cha'
cha' re cha',	cha' re cha'
sii.	si
iin chuwaj jun wee tamyen,	iin ch @@uw @@aj jun wee tamyen
cha' ra ék'el re cha'.	cha' ra ák'el re cha'
tcha' re cha',	t @@cha' re cha'
ke iin ta' lugar tinsipaj.	ke iin ta' lugar t @@in @@sipaj
Iin qe namas wetam lamas tintij k'ux,	iin qe na @@mas w @@etam lamas t @@in @@tij k'ux
cha' re cha'.	cha' re cha'
Nombre jo'.	n @@ombre jo'
Noo,	noo
cha' man wunaq re.	cha' man wunaq re
Xe',	xe'
cha',	cha'
kwando xe' jili.	kwando xe' jili
Li xe' chik juntir,	li xe' chik juntiir
xme' chik k'ux.	x @@m @@e' chik k'ux
I baa tijtij k'ux re jtiyempo sa'j.	i baa ti @@j @@tij k'ux re j @@tiyempo sa'j
I kabalmente kwando xpe chik juntir ra, ra ék'el.	i kabalmente kwando x @@pe chik juntir ra ra ák'el
Xiij re mira lojori si tin, tinb'e ák'il	x @@iij re mira lojori si tin t @@in @@b'e ák'il
lojori si chuwaji' k'ux.	lojori si ch @@waaj @@i' k'ux
Miraa,	miraa
cha' man wunaq re cha'.	cha' man wunaq re cha'
Inbee ák'il,	in @@bee ák'il
cha' re cha'.	cha' re cha'
Ke lajori estaa biyeen atb'e uk'il.	ke lajori astaa biyeen at @@b'e uk'il
Pok ta' naa tayol re, re jun chik	pok ta' naa t @@a @@yol re re jun chik
porke iin tintij k'ux uk'anqe,	porke iin t @@in @@tij k'ux uk'an @@qe
cha' man wunaq re cha'.	cha' man wunaq re cha'
Baa estaa biyeen,	baa astaa biyeen
man wunaq pech ra ék'el.	man wunaq pech ra ák'el
ya kwand xtaw taq re man chij chi' man k'echelaaj.	ya kwand x @@taw taq re man chi j @@chi' man k'echelaaj
Xiij re,	x @@iij re
cha'.	cha'
Mira,	mira
cha' re cha',	cha' re cha'
ke lajori mutz' ab'aq'wich,	ke lajori mutz' a @@b'aq' @@wich
cha' re cha'.	cha' re cha'
Tabiyeen xmutz' jb'aq'wich.	ta @@biyeen x @@mutz j @@b'aq' @@wich
I kwando xya'	i kwando x @@ya'
kwent ra ék'el	kwent ra ék'el
wi' chaq li jun, jun jaa biyeen seraa.	wi' chaq li jun jun jaa biyeen seraa
Baa de teraasa juntir.	baa de teraasa juntiir
I xij re,	i xij re
cha'.	cha'
Nemoo niri,	ne @@moo niri
chaq win,	chaq win
cha' re cha'.	cha' re cha'
ke kwando xinb'ij chawe jinon ri.	ke kwando x @@in @@b'ij ch @@aw @@e jilon ri
Pores ke woj chaq niri.	pores ke w @@ooj chaq niri
Lamas woj.	lamas w @@ooj
Saber,	saber
cha' re,	cha' re
xaq iin qe wetam,	xaq iin qe w @@etam
cha' man wunaq re cha'.	cha' man wunaq re cha'
Baa estaa biyeen,	baa estaa biyeen
Lajori,	lajori
cha' re cha',	cha' re cha'
tqatzek kinaq',	t @@qa @@tzek kinaq'
cha' man wunaq re cha'.	cha' man wunaq re cha'
I kabal xelchich man jun chik,	i kabal x @@el @@chi @@ch man jun chik
man wunaq.	man wunaq
Man jun xiij re maj pech,	man jun x @@iij re ma @@j pech
cha'.	cha'
Weno,	weno
cha' re cha',	cha' re cha'
ke lajori qatzeke' kinaq'.	ke lajori qa @@tzak @@e' kinaq'
Despwes tzekmaj kinaq' qawi'l,	despwes tzek @@maj kinaq' qa @@wi'l
ooj b'e li jun mandar,	ooj b'e li jun mandar
cha' re.	cha' re
Tabiyeen,	ta @@biyeen
xe' k'u maa maj wunaq.	xe' k'u maa maj wunaq
Pwes xtzaq, tzaq uxub' tra jb'aq'wich tra kinaq'	pwes x @@tzaq tzaq uxub' tra j @@b'aq' @@wich tra kinaq'
ril jun ra b'o'j.	r @@il jun ra b'o'j
Antons xiij taq re ra ék'el.	antons x @@iij taq re ra ék'el
Atkan niri	at @@kan niri
kwand ooj petik	kwand ooj pet @@ik
tqa, qa tqab'an qalmwers	taq qa t @@qa @@b'an q @@almwers
cha'saj re cha'.	cha' @@sáj re cha'
Tabiyeen.	ta @@biyeen
I kabalmente kwando xok taq	i kabalmente kwando x @@ok taq
nonli li tzekik kinaq'.	non @@li li tzek @@ik kinaq'
Uxub' tra jb'aq'wich kinaq' xtzek taq.	uxub' tra j @@b'aq' @@wich kinaq' x @@tzek taq
I kabalmente kwando xpechik yaaj, yaaj ék'el chik.	i kabalmente kwando x @@pe @@chik yaaj yaaj ák'el chik
Xiij por gust qe iin ta' tijye' taq jun kitz wee,	x @@iij por gust qe iin ta' ti @@j @@ye' taq jun kitz wee
cha',	cha'
cha',	cha'
ke iin mas tra kitz xtzek taq.	ke iin mas tra kitz x @@tzek taq
Uxub' jb'aq'wich	uxub' j @@b'aq' @@wich
i rechaq kib' rb'ilaq,	i rechaq kib' r @@b'il @@aq
ni jun bokad ta' tren.	ni jun bokad ta' t @@r @@en
Loke yataq tintzaq na jun puñ,	loke ya @@taq ti @@in @@tzaq na jun puñ
cha'.	cha'
Kond tzaq taq jun puñ,	kond tzaq taq jun puñ
kabalmnete kwando yamer chaq' ra, ra kinaq'.	kabalmente kwando yamer chaq' ra ra kinaq'
Raaqin ra b'o'j,	raaq @@i'n ra b'o'j
cha',	cha'
kwando raaqin ra b'o'j.	kwando raaq @@i'n ra b'o'j
Xiij lajori raqin ra b'o'j,	x @@iij lajori raq @@in ra b'o'j
komo maq kistyan ta' xwi'la'n lemas,	komo maq kistyan ta' x @@wi'l @@a'n le @@mas
Kom wi' ka' jun ra jun ra kaaxaa,	kom wi' ka' jun ra jun ra kaaxaa
jun ra kofree,	jun ra kofree
nojsool, nojsool chowech atz'iq,	noj @@sool noj @@sool chowech atz'iq
cha'.	cha'
Per rechaq xk'am taq b'ik maq atz'iq maq mant,	per rechaq x @@k'am taq b'ik maq atz'iq maq mant
cha',	cha'
maq saq.	maq saq
Xe' taqch xijtoretaqch jab',	xe' taq @@ch x @@i @@j @@tor @@e' @@taq @@ch jab'
cha'.	cha'
cha'.	cha'
cha'.	cha'
Xk'amech' maqatz'iq xkoj jun atz'iq.	x @@k'am @@e' @@ch' maq @@atz'iq x @@koj jun atz'iq
Xe'k' xe' chaq li tew,	xe'k xe' chaq li tew
cha'.	cha'
kwand xtaw lmar.	kwand x @@taw l @@mar
Xtoreech' ja'.	x @@tor @@e @@ch' ja'
Entons maq ni'j xen taq man q li,	entons maq ni'j x @@en taq man q li
cha'.	cha'
Man ra ék'el,	man ra ék'el
ri' maq atz'iq xkoj,	ri' maq atz'iq x @@koj
cha'.	cha'
Jo' tqachape',	jo' t @@qa @@chap @@e'
cha' taq.	cha' taq
maj taq chapik jnon li ya alayre pwes.	maj taq chap @@ik jnon li ya al @@ayre pwes
Alfinal de kwenta ta' xkwin taq re.	al@final de kwenta ta' x @@kwin taq re
No' xpe man wunaq,	no' x @@pe man wunaq
cha'.	cha'
Lojori neen moo tqa'an re.	lojori neen moo t @@qa @@'an re
Porke tqat'oj	porke t @@qa @@t'oj
tawil inpuch jnon li si tikami'n.	t @@aw @@il inpuch jnon li si ti @@kam @@i'n
Si noo ta' tkam.	si noo ta' t @@kam
cha',	cha'
petzel,	petz @@el
cha'.	cha'
Kwando xt'oj taq jun ray re,	kwando x @@t'oj taq jun ray re
cha'.	cha'
Kwand ri' chaq ril taq,	kwand ri' chaq r @@il taq
putzul xi' qejoq ra ék'el chuchaq.	putz @@uul xi' qej @@oq ra ék'el ch @@uch @@aq
Antonses xiij taq ke ya xani'n.	antonses x @@iij taq ke ya x @@an @@i'n
I ya stuw,	i ya stuw
cha' taq.	cha' taq
Kla' qe xk'is man ral istoriya.	kla' qe x @@k'is man ral istorya
